# road_junction_merge_below_glass.obj — gray-box hull for Missile Rider.
# GENERATED by tools/gen_road_junctions.py. Do not hand-edit; edit the generator.
o road_junction_merge_below_glass
v 0.0000 -75.0000 240.0000
v 0.0000 -75.0000 243.0000
v 0.0000 75.0000 243.0000
v 0.0000 75.0000 240.0000
v 3600.0000 -75.0000 240.0000
v 3600.0000 -75.0000 243.0000
v 3600.0000 75.0000 243.0000
v 3600.0000 75.0000 240.0000
v 0.0000 -75.0000 -243.0000
v 0.0000 -75.0000 -240.0000
v 0.0000 75.0000 -240.0000
v 0.0000 75.0000 -243.0000
v 3600.0000 -75.0000 -243.0000
v 3600.0000 -75.0000 -240.0000
v 3600.0000 75.0000 -240.0000
v 3600.0000 75.0000 -243.0000
v 0.0000 75.0000 -240.0000
v 0.0000 75.0000 240.0000
v 0.0000 78.0000 240.0000
v 0.0000 78.0000 -240.0000
v 3600.0000 75.0000 -240.0000
v 3600.0000 75.0000 240.0000
v 3600.0000 78.0000 240.0000
v 3600.0000 78.0000 -240.0000
v 301.5225 -314.9962 639.6079
v 301.5418 -314.9962 642.6079
v 300.0418 -165.0038 642.6175
v 300.0225 -165.0038 639.6176
v 363.0451 -314.3849 639.1997
v 363.0837 -314.3849 642.1995
v 360.0836 -164.4149 642.2381
v 360.0450 -164.4149 639.2384
v 363.0451 -314.3849 639.1997
v 363.0837 -314.3849 642.1995
v 360.0836 -164.4149 642.2381
v 360.0450 -164.4149 639.2384
v 426.0886 -312.5390 637.9531
v 426.1659 -312.5390 640.9521
v 420.1687 -162.6590 641.1066
v 420.0914 -162.6590 638.1076
v 426.0886 -312.5390 637.9531
v 426.1659 -312.5390 640.9521
v 420.1687 -162.6590 641.1066
v 420.0914 -162.6590 638.1076
v 489.1292 -309.4602 635.8747
v 489.2451 -309.4602 638.8724
v 480.2567 -159.7301 639.2199
v 480.1408 -159.7301 636.2221
v 489.1292 -309.4602 635.8747
v 489.2451 -309.4602 638.8724
v 480.2567 -159.7301 639.2199
v 480.1408 -159.7301 636.2221
v 552.1651 -305.1448 632.9637
v 552.3196 -305.1448 635.9597
v 540.3495 -155.6244 636.5770
v 540.1950 -155.6244 633.5810
v 552.1651 -305.1448 632.9637
v 552.3196 -305.1448 635.9597
v 540.3495 -155.6244 636.5770
v 540.1950 -155.6244 633.5810
v 614.8010 -299.6268 629.2443
v 614.9941 -299.6268 632.2381
v 600.8423 -150.2987 633.1510
v 600.6492 -150.2987 630.1572
v 614.8010 -299.6268 629.2443
v 614.9941 -299.6268 632.2381
v 600.8423 -150.2987 633.1510
v 600.6492 -150.2987 630.1572
v 676.6859 -293.5951 624.7573
v 676.9177 -293.5951 627.7483
v 662.0860 -144.3346 628.8975
v 661.8542 -144.3346 625.9065
v 676.6859 -293.5951 624.7573
v 676.9177 -293.5951 627.7483
v 662.0860 -144.3346 628.8975
v 661.8542 -144.3346 625.9065
v 738.2150 -287.5980 619.4938
v 738.4853 -287.5980 622.4816
v 723.6856 -138.3359 623.8209
v 723.4152 -138.3359 620.8331
v 738.2150 -287.5980 619.4938
v 738.4853 -287.5980 622.4816
v 723.6856 -138.3359 623.8209
v 723.4152 -138.3359 620.8331
v 799.7415 -281.6011 613.4286
v 800.0505 -281.6011 616.4126
v 785.2877 -132.3372 617.9413
v 784.9787 -132.3372 614.9573
v 799.7415 -281.6011 613.4286
v 800.0505 -281.6011 616.4126
v 785.2877 -132.3372 617.9413
v 784.9787 -132.3372 614.9573
v 861.2656 -275.6043 606.5586
v 861.6132 -275.6043 609.5384
v 846.8923 -126.3382 611.2557
v 846.5447 -126.3382 608.2759
v 861.2656 -275.6043 606.5586
v 861.6132 -275.6043 609.5384
v 846.8923 -126.3382 611.2557
v 846.5447 -126.3382 608.2759
v 922.7872 -269.6076 598.8804
v 923.1735 -269.6076 601.8554
v 908.4993 -120.3392 603.7606
v 908.1131 -120.3392 600.7856
v 922.7872 -269.6076 598.8804
v 923.1735 -269.6076 601.8554
v 908.4993 -120.3392 603.7606
v 908.1131 -120.3392 600.7856
v 984.3064 -263.6110 590.3902
v 984.7313 -263.6110 593.3600
v 970.1088 -114.3401 595.4520
v 969.6839 -114.3401 592.4822
v 984.3064 -263.6110 590.3902
v 984.7313 -263.6110 593.3600
v 970.1088 -114.3401 595.4520
v 969.6839 -114.3401 592.4822
v 1045.8231 -257.6145 581.0837
v 1046.2866 -257.6145 584.0477
v 1031.7208 -108.3408 586.3255
v 1031.2573 -108.3408 583.3615
v 1045.8231 -257.6145 581.0837
v 1046.2866 -257.6145 584.0477
v 1031.7208 -108.3408 586.3255
v 1031.2573 -108.3408 583.3615
v 1107.3374 -251.6182 570.9562
v 1107.8395 -251.6182 573.9139
v 1093.3352 -102.3414 576.3763
v 1092.8331 -102.3414 573.4186
v 1107.3374 -251.6182 570.9562
v 1107.8395 -251.6182 573.9139
v 1093.3352 -102.3414 576.3763
v 1092.8331 -102.3414 573.4186
v 1168.8492 -245.6220 560.0025
v 1169.3899 -245.6220 562.9533
v 1154.9521 -96.3419 565.5991
v 1154.4113 -96.3419 562.6482
v 1168.8492 -245.6220 560.0025
v 1169.3899 -245.6220 562.9533
v 1154.9521 -96.3419 565.5991
v 1154.4113 -96.3419 562.6482
v 1230.3585 -239.6259 548.2168
v 1230.9379 -239.6259 551.1603
v 1216.5714 -90.3422 553.9881
v 1215.9920 -90.3422 551.0446
v 1230.3585 -239.6259 548.2168
v 1230.9379 -239.6259 551.1603
v 1216.5714 -90.3422 553.9881
v 1215.9920 -90.3422 551.0446
v 1291.8654 -233.6299 535.5930
v 1292.4834 -233.6299 538.5286
v 1278.1932 -84.3424 541.5369
v 1277.5752 -84.3424 538.6013
v 1291.8654 -233.6299 535.5930
v 1292.4834 -233.6299 538.5286
v 1278.1932 -84.3424 541.5369
v 1277.5752 -84.3424 538.6013
v 1353.3698 -227.6340 522.1243
v 1354.0264 -227.6340 525.0516
v 1339.8175 -78.3425 528.2389
v 1339.1609 -78.3425 525.3116
v 1353.3698 -227.6340 522.1243
v 1354.0264 -227.6340 525.0516
v 1339.8175 -78.3425 528.2389
v 1339.1609 -78.3425 525.3116
v 1414.8717 -221.6383 507.8036
v 1415.5670 -221.6383 510.7219
v 1401.4443 -72.3425 514.0865
v 1400.7490 -72.3425 511.1682
v 1414.8717 -221.6383 507.8036
v 1415.5670 -221.6383 510.7219
v 1401.4443 -72.3425 514.0865
v 1400.7490 -72.3425 511.1682
v 1476.3712 -215.6427 492.6230
v 1477.1051 -215.6427 495.5318
v 1463.0735 -66.3424 499.0719
v 1462.3396 -66.3424 496.1631
v 1476.3712 -215.6427 492.6230
v 1477.1051 -215.6427 495.5318
v 1463.0735 -66.3424 499.0719
v 1462.3396 -66.3424 496.1631
v 1537.8682 -209.6472 476.5741
v 1538.6407 -209.6472 479.4729
v 1524.7052 -60.3421 483.1866
v 1523.9327 -60.3421 480.2878
v 1537.8682 -209.6472 476.5741
v 1538.6407 -209.6472 479.4729
v 1524.7052 -60.3421 483.1866
v 1523.9327 -60.3421 480.2878
v 1599.3628 -203.6519 459.6480
v 1600.1739 -203.6519 462.5362
v 1586.3393 -54.3418 466.4215
v 1585.5282 -54.3418 463.5332
v 1599.3628 -203.6519 459.6480
v 1600.1739 -203.6519 462.5362
v 1586.3393 -54.3418 466.4215
v 1585.5282 -54.3418 463.5332
v 1660.6672 -197.6563 441.9028
v 1661.5121 -197.6563 444.7814
v 1647.7699 -48.3416 448.8149
v 1646.9250 -48.3416 445.9363
v 1660.6672 -197.6563 441.9028
v 1661.5121 -197.6563 444.7814
v 1647.7699 -48.3416 448.8149
v 1646.9250 -48.3416 445.9363
v 1720.6672 -191.6584 423.9641
v 1721.5121 -191.6584 426.8427
v 1707.7699 -42.3437 430.8763
v 1706.9250 -42.3437 427.9977
v 1720.6672 -191.6584 423.9641
v 1721.5121 -191.6584 426.8427
v 1707.7699 -42.3437 430.8763
v 1706.9250 -42.3437 427.9977
v 1779.3628 -185.6582 407.1429
v 1780.1739 -185.6582 410.0312
v 1766.3393 -36.3481 413.9165
v 1765.5282 -36.3481 411.0282
v 1779.3628 -185.6582 407.1429
v 1780.1739 -185.6582 410.0312
v 1766.3393 -36.3481 413.9165
v 1765.5282 -36.3481 411.0282
v 1837.8682 -179.6579 391.2340
v 1838.6407 -179.6579 394.1328
v 1824.7052 -30.3528 397.8465
v 1823.9327 -30.3528 394.9477
v 1837.8682 -179.6579 391.2340
v 1838.6407 -179.6579 394.1328
v 1824.7052 -30.3528 397.8465
v 1823.9327 -30.3528 394.9477
v 1896.3712 -173.6576 376.1602
v 1897.1051 -173.6576 379.0691
v 1883.0735 -24.3573 382.6092
v 1882.3396 -24.3573 379.7003
v 1896.3712 -173.6576 376.1602
v 1897.1051 -173.6576 379.0691
v 1883.0735 -24.3573 382.6092
v 1882.3396 -24.3573 379.7003
v 1954.8717 -167.6575 361.9130
v 1955.5670 -167.6575 364.8313
v 1941.4443 -18.3617 368.1959
v 1940.7490 -18.3617 365.2776
v 1954.8717 -167.6575 361.9130
v 1955.5670 -167.6575 364.8313
v 1941.4443 -18.3617 368.1959
v 1940.7490 -18.3617 365.2776
v 2013.3698 -161.6575 348.4842
v 2014.0264 -161.6575 351.4114
v 1999.8175 -12.3660 354.5987
v 1999.1609 -12.3660 351.6715
v 2013.3698 -161.6575 348.4842
v 2014.0264 -161.6575 351.4114
v 1999.8175 -12.3660 354.5987
v 1999.1609 -12.3660 351.6715
v 2071.8654 -155.6576 335.8663
v 2072.4834 -155.6576 338.8020
v 2058.1932 -6.3701 341.8103
v 2057.5752 -6.3701 338.8746
v 2071.8654 -155.6576 335.8663
v 2072.4834 -155.6576 338.8020
v 2058.1932 -6.3701 341.8103
v 2057.5752 -6.3701 338.8746
v 2130.3585 -149.6578 324.0524
v 2130.9379 -149.6578 326.9959
v 2116.5714 -0.3741 329.8237
v 2115.9920 -0.3741 326.8802
v 2130.3585 -149.6578 324.0524
v 2130.9379 -149.6578 326.9959
v 2116.5714 -0.3741 329.8237
v 2115.9920 -0.3741 326.8802
v 2188.8492 -143.6581 313.0359
v 2189.3899 -143.6581 315.9868
v 2174.9521 5.6220 318.6326
v 2174.4113 5.6220 315.6817
v 2188.8492 -143.6581 313.0359
v 2189.3899 -143.6581 315.9868
v 2174.9521 5.6220 318.6326
v 2174.4113 5.6220 315.6817
v 2247.3374 -137.6586 302.8109
v 2247.8395 -137.6586 305.7686
v 2233.3352 11.6182 308.2310
v 2232.8331 11.6182 305.2734
v 2247.3374 -137.6586 302.8109
v 2247.8395 -137.6586 305.7686
v 2233.3352 11.6182 308.2310
v 2232.8331 11.6182 305.2734
v 2305.8231 -131.6592 293.3719
v 2306.2866 -131.6592 296.3359
v 2291.7208 17.6145 298.6137
v 2291.2573 17.6145 295.6497
v 2305.8231 -131.6592 293.3719
v 2306.2866 -131.6592 296.3359
v 2291.7208 17.6145 298.6137
v 2291.2573 17.6145 295.6497
v 2364.3064 -125.6599 284.7139
v 2364.7313 -125.6599 287.6836
v 2350.1088 23.6110 289.7756
v 2349.6839 23.6110 286.8059
v 2364.3064 -125.6599 284.7139
v 2364.7313 -125.6599 287.6836
v 2350.1088 23.6110 289.7756
v 2349.6839 23.6110 286.8059
v 2422.7872 -119.6608 276.8321
v 2423.1735 -119.6608 279.8072
v 2408.4993 29.6076 281.7123
v 2408.1131 29.6076 278.7373
v 2422.7872 -119.6608 276.8321
v 2423.1735 -119.6608 279.8072
v 2408.4993 29.6076 281.7123
v 2408.1131 29.6076 278.7373
v 2481.2656 -113.6618 269.7226
v 2481.6132 -113.6618 272.7024
v 2466.8923 35.6043 274.4198
v 2466.5447 35.6043 271.4400
v 2481.2656 -113.6618 269.7226
v 2481.6132 -113.6618 272.7024
v 2466.8923 35.6043 274.4198
v 2466.5447 35.6043 271.4400
v 2539.7415 -107.6628 263.3815
v 2540.0505 -107.6628 266.3655
v 2525.2877 41.6011 267.8942
v 2524.9787 41.6011 264.9102
v 2539.7415 -107.6628 263.3815
v 2540.0505 -107.6628 266.3655
v 2525.2877 41.6011 267.8942
v 2524.9787 41.6011 264.9102
v 2598.2150 -101.6641 257.8054
v 2598.4853 -101.6641 260.7932
v 2583.6856 47.5980 262.1325
v 2583.4152 47.5980 259.1447
v 2598.2150 -101.6641 257.8054
v 2598.4853 -101.6641 260.7932
v 2583.6856 47.5980 262.1325
v 2583.4152 47.5980 259.1447
v 2656.6859 -95.6654 252.9916
v 2656.9177 -95.6654 255.9826
v 2642.0860 53.5951 257.1318
v 2641.8542 53.5951 254.1408
v 2656.6859 -95.6654 252.9916
v 2656.9177 -95.6654 255.9826
v 2642.0860 53.5951 257.1318
v 2641.8542 53.5951 254.1408
v 2714.8010 -89.7013 248.9602
v 2714.9941 -89.7013 251.9540
v 2700.8423 59.6268 252.8669
v 2700.6492 59.6268 249.8731
v 2714.8010 -89.7013 248.9602
v 2714.9941 -89.7013 251.9540
v 2700.8423 59.6268 252.8669
v 2700.6492 59.6268 249.8731
v 2772.1651 -84.3756 245.7158
v 2772.3196 -84.3756 248.7118
v 2760.3495 65.1448 249.3291
v 2760.1950 65.1448 246.3330
v 2772.1651 -84.3756 245.7158
v 2772.3196 -84.3756 248.7118
v 2760.3495 65.1448 249.3291
v 2760.1950 65.1448 246.3330
v 2829.1292 -80.2699 243.2140
v 2829.2451 -80.2699 246.2118
v 2820.2567 69.4602 246.5592
v 2820.1408 69.4602 243.5615
v 2829.1292 -80.2699 243.2140
v 2829.2451 -80.2699 246.2118
v 2820.2567 69.4602 246.5592
v 2820.1408 69.4602 243.5615
v 2886.0886 -77.3410 241.4281
v 2886.1659 -77.3410 244.4271
v 2880.1687 72.5390 244.5816
v 2880.0914 72.5390 241.5826
v 2886.0886 -77.3410 241.4281
v 2886.1659 -77.3410 244.4271
v 2880.1687 72.5390 244.5816
v 2880.0914 72.5390 241.5826
v 2943.0451 -75.5851 240.3570
v 2943.0837 -75.5851 243.3567
v 2940.0836 74.3849 243.3954
v 2940.0450 74.3849 240.3956
v 2943.0451 -75.5851 240.3570
v 2943.0837 -75.5851 243.3567
v 2940.0836 74.3849 243.3954
v 2940.0450 74.3849 240.3956
v 3001.5225 -74.9962 239.9927
v 3001.5418 -74.9962 242.9926
v 3000.0418 74.9962 243.0023
v 3000.0225 74.9962 240.0023
v 299.9582 -314.9962 396.6130
v 299.9775 -314.9962 399.6129
v 298.4775 -165.0038 399.6226
v 298.4582 -165.0038 396.6226
v 359.9164 -314.3849 396.2199
v 359.9550 -314.3849 399.2196
v 356.9549 -164.4149 399.2583
v 356.9163 -164.4149 396.2585
v 359.9164 -314.3849 396.2199
v 359.9550 -314.3849 399.2196
v 356.9549 -164.4149 399.2583
v 356.9163 -164.4149 396.2585
v 419.8313 -312.5390 395.0336
v 419.9086 -312.5390 398.0327
v 413.9114 -162.6590 398.1871
v 413.8341 -162.6590 395.1881
v 419.8313 -312.5390 395.0336
v 419.9086 -312.5390 398.0327
v 413.9114 -162.6590 398.1871
v 413.8341 -162.6590 395.1881
v 479.7433 -309.4602 393.0560
v 479.8592 -309.4602 396.0538
v 470.8708 -159.7301 396.4012
v 470.7549 -159.7301 393.4035
v 479.7433 -309.4602 393.0560
v 479.8592 -309.4602 396.0538
v 470.8708 -159.7301 396.4012
v 470.7549 -159.7301 393.4035
v 539.6505 -305.1448 390.2862
v 539.8050 -305.1448 393.2822
v 527.8349 -155.6244 393.8995
v 527.6804 -155.6244 390.9035
v 539.6505 -305.1448 390.2862
v 539.8050 -305.1448 393.2822
v 527.8349 -155.6244 393.8995
v 527.6804 -155.6244 390.9035
v 599.1577 -299.6268 386.7484
v 599.3508 -299.6268 389.7421
v 585.1990 -150.2987 390.6551
v 585.0059 -150.2987 387.6613
v 599.1577 -299.6268 386.7484
v 599.3508 -299.6268 389.7421
v 585.1990 -150.2987 390.6551
v 585.0059 -150.2987 387.6613
v 657.9140 -293.5951 382.4834
v 658.1458 -293.5951 385.4745
v 643.3141 -144.3346 386.6237
v 643.0823 -144.3346 383.6326
v 657.9140 -293.5951 382.4834
v 658.1458 -293.5951 385.4745
v 643.3141 -144.3346 386.6237
v 643.0823 -144.3346 383.6326
v 716.3144 -287.5980 377.4827
v 716.5848 -287.5980 380.4705
v 701.7850 -138.3359 381.8098
v 701.5147 -138.3359 378.8220
v 716.3144 -287.5980 377.4827
v 716.5848 -287.5980 380.4705
v 701.7850 -138.3359 381.8098
v 701.5147 -138.3359 378.8220
v 774.7123 -281.6011 371.7210
v 775.0213 -281.6011 374.7051
v 760.2585 -132.3372 376.2338
v 759.9495 -132.3372 373.2497
v 774.7123 -281.6011 371.7210
v 775.0213 -281.6011 374.7051
v 760.2585 -132.3372 376.2338
v 759.9495 -132.3372 373.2497
v 833.1077 -275.6043 365.1955
v 833.4553 -275.6043 368.1753
v 818.7344 -126.3382 369.8927
v 818.3868 -126.3382 366.9129
v 833.1077 -275.6043 365.1955
v 833.4553 -275.6043 368.1753
v 818.7344 -126.3382 369.8927
v 818.3868 -126.3382 366.9129
v 891.5007 -269.6076 357.9029
v 891.8869 -269.6076 360.8779
v 877.2128 -120.3392 362.7831
v 876.8265 -120.3392 359.8081
v 891.5007 -269.6076 357.9029
v 891.8869 -269.6076 360.8779
v 877.2128 -120.3392 362.7831
v 876.8265 -120.3392 359.8081
v 949.8912 -263.6110 349.8396
v 950.3161 -263.6110 352.8094
v 935.6936 -114.3401 354.9014
v 935.2687 -114.3401 351.9316
v 949.8912 -263.6110 349.8396
v 950.3161 -263.6110 352.8094
v 935.6936 -114.3401 354.9014
v 935.2687 -114.3401 351.9316
v 1008.2792 -257.6145 341.0015
v 1008.7427 -257.6145 343.9655
v 994.1769 -108.3408 346.2433
v 993.7134 -108.3408 343.2793
v 1008.2792 -257.6145 341.0015
v 1008.7427 -257.6145 343.9655
v 994.1769 -108.3408 346.2433
v 993.7134 -108.3408 343.2793
v 1066.6648 -251.6182 331.3842
v 1067.1669 -251.6182 334.3419
v 1052.6626 -102.3414 336.8043
v 1052.1605 -102.3414 333.8466
v 1066.6648 -251.6182 331.3842
v 1067.1669 -251.6182 334.3419
v 1052.6626 -102.3414 336.8043
v 1052.1605 -102.3414 333.8466
v 1125.0479 -245.6220 320.9827
v 1125.5887 -245.6220 323.9335
v 1111.1508 -96.3419 326.5793
v 1110.6101 -96.3419 323.6285
v 1125.0479 -245.6220 320.9827
v 1125.5887 -245.6220 323.9335
v 1111.1508 -96.3419 326.5793
v 1110.6101 -96.3419 323.6285
v 1183.4286 -239.6259 309.7916
v 1184.0080 -239.6259 312.7351
v 1169.6415 -90.3422 315.5629
v 1169.0621 -90.3422 312.6194
v 1183.4286 -239.6259 309.7916
v 1184.0080 -239.6259 312.7351
v 1169.6415 -90.3422 315.5629
v 1169.0621 -90.3422 312.6194
v 1241.8068 -233.6299 297.8050
v 1242.4248 -233.6299 300.7406
v 1228.1346 -84.3424 303.7489
v 1227.5166 -84.3424 300.8133
v 1241.8068 -233.6299 297.8050
v 1242.4248 -233.6299 300.7406
v 1228.1346 -84.3424 303.7489
v 1227.5166 -84.3424 300.8133
v 1300.1825 -227.6340 285.0165
v 1300.8391 -227.6340 287.9438
v 1286.6302 -78.3425 291.1311
v 1285.9736 -78.3425 288.2038
v 1300.1825 -227.6340 285.0165
v 1300.8391 -227.6340 287.9438
v 1286.6302 -78.3425 291.1311
v 1285.9736 -78.3425 288.2038
v 1358.5557 -221.6383 271.4193
v 1359.2510 -221.6383 274.3377
v 1345.1283 -72.3425 277.7023
v 1344.4330 -72.3425 274.7839
v 1358.5557 -221.6383 271.4193
v 1359.2510 -221.6383 274.3377
v 1345.1283 -72.3425 277.7023
v 1344.4330 -72.3425 274.7839
v 1416.9265 -215.6427 257.0061
v 1417.6604 -215.6427 259.9149
v 1403.6288 -66.3424 263.4550
v 1402.8949 -66.3424 260.5461
v 1416.9265 -215.6427 257.0061
v 1417.6604 -215.6427 259.9149
v 1403.6288 -66.3424 263.4550
v 1402.8949 -66.3424 260.5461
v 1475.2948 -209.6472 241.7687
v 1476.0673 -209.6472 244.6675
v 1462.1318 -60.3421 248.3812
v 1461.3593 -60.3421 245.4824
v 1475.2948 -209.6472 241.7687
v 1476.0673 -209.6472 244.6675
v 1462.1318 -60.3421 248.3812
v 1461.3593 -60.3421 245.4824
v 1533.6607 -203.6519 225.6987
v 1534.4718 -203.6519 228.5870
v 1520.6372 -54.3418 232.4723
v 1519.8261 -54.3418 229.5840
v 1533.6607 -203.6519 225.6987
v 1534.4718 -203.6519 228.5870
v 1520.6372 -54.3418 232.4723
v 1519.8261 -54.3418 229.5840
v 1592.2301 -197.6563 208.7390
v 1593.0750 -197.6563 211.6175
v 1579.3328 -48.3416 215.6511
v 1578.4879 -48.3416 212.7725
v 1592.2301 -197.6563 208.7390
v 1593.0750 -197.6563 211.6175
v 1579.3328 -48.3416 215.6511
v 1578.4879 -48.3416 212.7725
v 1652.2301 -191.6584 190.8003
v 1653.0750 -191.6584 193.6789
v 1639.3328 -42.3437 197.7125
v 1638.4879 -42.3437 194.8339
v 1652.2301 -191.6584 190.8003
v 1653.0750 -191.6584 193.6789
v 1639.3328 -42.3437 197.7125
v 1638.4879 -42.3437 194.8339
v 1713.6607 -185.6582 173.1937
v 1714.4718 -185.6582 176.0820
v 1700.6372 -36.3481 179.9673
v 1699.8261 -36.3481 177.0790
v 1713.6607 -185.6582 173.1937
v 1714.4718 -185.6582 176.0820
v 1700.6372 -36.3481 179.9673
v 1699.8261 -36.3481 177.0790
v 1775.2948 -179.6579 156.4286
v 1776.0673 -179.6579 159.3275
v 1762.1318 -30.3528 163.0412
v 1761.3593 -30.3528 160.1423
v 1775.2948 -179.6579 156.4286
v 1776.0673 -179.6579 159.3275
v 1762.1318 -30.3528 163.0412
v 1761.3593 -30.3528 160.1423
v 1836.9265 -173.6576 140.5433
v 1837.6604 -173.6576 143.4522
v 1823.6288 -24.3573 146.9923
v 1822.8949 -24.3573 144.0834
v 1836.9265 -173.6576 140.5433
v 1837.6604 -173.6576 143.4522
v 1823.6288 -24.3573 146.9923
v 1822.8949 -24.3573 144.0834
v 1898.5557 -167.6575 125.5288
v 1899.2510 -167.6575 128.4471
v 1885.1283 -18.3617 131.8117
v 1884.4330 -18.3617 128.8933
v 1898.5557 -167.6575 125.5288
v 1899.2510 -167.6575 128.4471
v 1885.1283 -18.3617 131.8117
v 1884.4330 -18.3617 128.8933
v 1960.1825 -161.6575 111.3764
v 1960.8391 -161.6575 114.3036
v 1946.6302 -12.3660 117.4909
v 1945.9736 -12.3660 114.5637
v 1960.1825 -161.6575 111.3764
v 1960.8391 -161.6575 114.3036
v 1946.6302 -12.3660 117.4909
v 1945.9736 -12.3660 114.5637
v 2021.8068 -155.6576 98.0783
v 2022.4248 -155.6576 101.0140
v 2008.1346 -6.3701 104.0223
v 2007.5166 -6.3701 101.0866
v 2021.8068 -155.6576 98.0783
v 2022.4248 -155.6576 101.0140
v 2008.1346 -6.3701 104.0223
v 2007.5166 -6.3701 101.0866
v 2083.4286 -149.6578 85.6272
v 2084.0080 -149.6578 88.5707
v 2069.6415 -0.3741 91.3985
v 2069.0621 -0.3741 88.4549
v 2083.4286 -149.6578 85.6272
v 2084.0080 -149.6578 88.5707
v 2069.6415 -0.3741 91.3985
v 2069.0621 -0.3741 88.4549
v 2145.0479 -143.6581 74.0161
v 2145.5887 -143.6581 76.9670
v 2131.1508 5.6220 79.6128
v 2130.6101 5.6220 76.6619
v 2145.0479 -143.6581 74.0161
v 2145.5887 -143.6581 76.9670
v 2131.1508 5.6220 79.6128
v 2130.6101 5.6220 76.6619
v 2206.6648 -137.6586 63.2389
v 2207.1669 -137.6586 66.1966
v 2192.6626 11.6182 68.6590
v 2192.1605 11.6182 65.7014
v 2206.6648 -137.6586 63.2389
v 2207.1669 -137.6586 66.1966
v 2192.6626 11.6182 68.6590
v 2192.1605 11.6182 65.7014
v 2268.2792 -131.6592 53.2897
v 2268.7427 -131.6592 56.2537
v 2254.1769 17.6145 58.5315
v 2253.7134 17.6145 55.5675
v 2268.2792 -131.6592 53.2897
v 2268.7427 -131.6592 56.2537
v 2254.1769 17.6145 58.5315
v 2253.7134 17.6145 55.5675
v 2329.8912 -125.6599 44.1633
v 2330.3161 -125.6599 47.1330
v 2315.6936 23.6110 49.2250
v 2315.2687 23.6110 46.2553
v 2329.8912 -125.6599 44.1633
v 2330.3161 -125.6599 47.1330
v 2315.6936 23.6110 49.2250
v 2315.2687 23.6110 46.2553
v 2391.5007 -119.6608 35.8547
v 2391.8869 -119.6608 38.8297
v 2377.2128 29.6076 40.7349
v 2376.8265 29.6076 37.7598
v 2391.5007 -119.6608 35.8547
v 2391.8869 -119.6608 38.8297
v 2377.2128 29.6076 40.7349
v 2376.8265 29.6076 37.7598
v 2453.1077 -113.6618 28.3595
v 2453.4553 -113.6618 31.3393
v 2438.7344 35.6043 33.0567
v 2438.3868 35.6043 30.0769
v 2453.1077 -113.6618 28.3595
v 2453.4553 -113.6618 31.3393
v 2438.7344 35.6043 33.0567
v 2438.3868 35.6043 30.0769
v 2514.7123 -107.6628 21.6739
v 2515.0213 -107.6628 24.6580
v 2500.2585 41.6011 26.1867
v 2499.9495 41.6011 23.2026
v 2514.7123 -107.6628 21.6739
v 2515.0213 -107.6628 24.6580
v 2500.2585 41.6011 26.1867
v 2499.9495 41.6011 23.2026
v 2576.3144 -101.6641 15.7943
v 2576.5848 -101.6641 18.7821
v 2561.7850 47.5980 20.1214
v 2561.5147 47.5980 17.1336
v 2576.3144 -101.6641 15.7943
v 2576.5848 -101.6641 18.7821
v 2561.7850 47.5980 20.1214
v 2561.5147 47.5980 17.1336
v 2637.9140 -95.6654 10.7177
v 2638.1458 -95.6654 13.7088
v 2623.3141 53.5951 14.8580
v 2623.0823 53.5951 11.8669
v 2637.9140 -95.6654 10.7177
v 2638.1458 -95.6654 13.7088
v 2623.3141 53.5951 14.8580
v 2623.0823 53.5951 11.8669
v 2699.1577 -89.7013 6.4642
v 2699.3508 -89.7013 9.4580
v 2685.1990 59.6268 10.3709
v 2685.0059 59.6268 7.3772
v 2699.1577 -89.7013 6.4642
v 2699.3508 -89.7013 9.4580
v 2685.1990 59.6268 10.3709
v 2685.0059 59.6268 7.3772
v 2759.6505 -84.3756 3.0382
v 2759.8050 -84.3756 6.0342
v 2747.8349 65.1448 6.6515
v 2747.6804 65.1448 3.6555
v 2759.6505 -84.3756 3.0382
v 2759.8050 -84.3756 6.0342
v 2747.8349 65.1448 6.6515
v 2747.6804 65.1448 3.6555
v 2819.7433 -80.2699 0.3954
v 2819.8592 -80.2699 3.3931
v 2810.8708 69.4602 3.7406
v 2810.7549 69.4602 0.7428
v 2819.7433 -80.2699 0.3954
v 2819.8592 -80.2699 3.3931
v 2810.8708 69.4602 3.7406
v 2810.7549 69.4602 0.7428
v 2879.8313 -77.3410 -1.4913
v 2879.9086 -77.3410 1.5077
v 2873.9114 72.5390 1.6622
v 2873.8341 72.5390 -1.3368
v 2879.8313 -77.3410 -1.4913
v 2879.9086 -77.3410 1.5077
v 2873.9114 72.5390 1.6622
v 2873.8341 72.5390 -1.3368
v 2939.9164 -75.5851 -2.6229
v 2939.9550 -75.5851 0.3769
v 2936.9549 74.3849 0.4155
v 2936.9163 74.3849 -2.5843
v 2939.9164 -75.5851 -2.6229
v 2939.9550 -75.5851 0.3769
v 2936.9549 74.3849 0.4155
v 2936.9163 74.3849 -2.5843
v 2999.9582 -74.9962 -3.0023
v 2999.9775 -74.9962 -0.0023
v 2998.4775 74.9962 0.0073
v 2998.4582 74.9962 -2.9926
v 298.4775 -165.0038 399.6226
v 300.0225 -165.0038 639.6176
v 299.9925 -162.0039 639.6178
v 298.4475 -162.0039 399.6227
v 356.9549 -164.4149 399.2583
v 360.0450 -164.4149 639.2384
v 359.9850 -161.4155 639.2391
v 356.8949 -161.4155 399.2590
v 356.9549 -164.4149 399.2583
v 360.0450 -164.4149 639.2384
v 359.9850 -161.4155 639.2391
v 356.8949 -161.4155 399.2590
v 413.9114 -162.6590 398.1871
v 420.0914 -162.6590 638.1076
v 419.9715 -159.6614 638.1106
v 413.7914 -159.6614 398.1902
v 413.9114 -162.6590 398.1871
v 420.0914 -162.6590 638.1076
v 419.9715 -159.6614 638.1106
v 413.7914 -159.6614 398.1902
v 470.8708 -159.7301 396.4012
v 480.1408 -159.7301 636.2221
v 479.9611 -156.7355 636.2291
v 470.6910 -156.7355 396.4082
v 470.8708 -159.7301 396.4012
v 480.1408 -159.7301 636.2221
v 479.9611 -156.7355 636.2291
v 470.6910 -156.7355 396.4082
v 527.8349 -155.6244 393.8995
v 540.1950 -155.6244 633.5810
v 539.9556 -152.6340 633.5933
v 527.5955 -152.6340 393.9118
v 527.8349 -155.6244 393.8995
v 540.1950 -155.6244 633.5810
v 539.9556 -152.6340 633.5933
v 527.5955 -152.6340 393.9118
v 585.1990 -150.2987 390.6551
v 600.6492 -150.2987 630.1572
v 600.3661 -147.3121 630.1755
v 584.9160 -147.3121 390.6733
v 585.1990 -150.2987 390.6551
v 600.6492 -150.2987 630.1572
v 600.3661 -147.3121 630.1755
v 584.9160 -147.3121 390.6733
v 643.3141 -144.3346 386.6237
v 661.8542 -144.3346 625.9065
v 661.5576 -141.3494 625.9295
v 643.0174 -141.3494 386.6467
v 643.3141 -144.3346 386.6237
v 661.8542 -144.3346 625.9065
v 661.5576 -141.3494 625.9295
v 643.0174 -141.3494 386.6467
v 701.7850 -138.3359 381.8098
v 723.4152 -138.3359 620.8331
v 723.1192 -135.3507 620.8599
v 701.4890 -135.3507 381.8366
v 701.7850 -138.3359 381.8098
v 723.4152 -138.3359 620.8331
v 723.1192 -135.3507 620.8599
v 701.4890 -135.3507 381.8366
v 760.2585 -132.3372 376.2338
v 784.9787 -132.3372 614.9573
v 784.6835 -129.3519 614.9879
v 759.9632 -129.3519 376.2644
v 760.2585 -132.3372 376.2338
v 784.9787 -132.3372 614.9573
v 784.6835 -129.3519 614.9879
v 759.9632 -129.3519 376.2644
v 818.7344 -126.3382 369.8927
v 846.5447 -126.3382 608.2759
v 846.2502 -123.3529 608.3103
v 818.4400 -123.3529 369.9270
v 818.7344 -126.3382 369.8927
v 846.5447 -126.3382 608.2759
v 846.2502 -123.3529 608.3103
v 818.4400 -123.3529 369.9270
v 877.2128 -120.3392 362.7831
v 908.1131 -120.3392 600.7856
v 907.8196 -117.3538 600.8237
v 876.9193 -117.3538 362.8212
v 877.2128 -120.3392 362.7831
v 908.1131 -120.3392 600.7856
v 907.8196 -117.3538 600.8237
v 876.9193 -117.3538 362.8212
v 935.6936 -114.3401 354.9014
v 969.6839 -114.3401 592.4822
v 969.3915 -111.3546 592.5241
v 935.4011 -111.3546 354.9432
v 935.6936 -114.3401 354.9014
v 969.6839 -114.3401 592.4822
v 969.3915 -111.3546 592.5241
v 935.4011 -111.3546 354.9432
v 994.1769 -108.3408 346.2433
v 1031.2573 -108.3408 583.3615
v 1030.9659 -105.3553 583.4071
v 993.8855 -105.3553 346.2889
v 994.1769 -108.3408 346.2433
v 1031.2573 -108.3408 583.3615
v 1030.9659 -105.3553 583.4071
v 993.8855 -105.3553 346.2889
v 1052.6626 -102.3414 336.8043
v 1092.8331 -102.3414 573.4186
v 1092.5430 -99.3558 573.4679
v 1052.3725 -99.3558 336.8536
v 1052.6626 -102.3414 336.8043
v 1092.8331 -102.3414 573.4186
v 1092.5430 -99.3558 573.4679
v 1052.3725 -99.3558 336.8536
v 1111.1508 -96.3419 326.5793
v 1154.4113 -96.3419 562.6482
v 1154.1226 -93.3563 562.7012
v 1110.8621 -93.3563 326.6323
v 1111.1508 -96.3419 326.5793
v 1154.4113 -96.3419 562.6482
v 1154.1226 -93.3563 562.7012
v 1110.8621 -93.3563 326.6323
v 1169.6415 -90.3422 315.5629
v 1215.9920 -90.3422 551.0446
v 1215.7047 -87.3565 551.1011
v 1169.3542 -87.3565 315.6194
v 1169.6415 -90.3422 315.5629
v 1215.9920 -90.3422 551.0446
v 1215.7047 -87.3565 551.1011
v 1169.3542 -87.3565 315.6194
v 1228.1346 -84.3424 303.7489
v 1277.5752 -84.3424 538.6013
v 1277.2894 -81.3567 538.6615
v 1227.8488 -81.3567 303.8091
v 1228.1346 -84.3424 303.7489
v 1277.5752 -84.3424 538.6013
v 1277.2894 -81.3567 538.6615
v 1227.8488 -81.3567 303.8091
v 1286.6302 -78.3425 291.1311
v 1339.1609 -78.3425 525.3116
v 1338.8767 -75.3567 525.3754
v 1286.3460 -75.3567 291.1948
v 1286.6302 -78.3425 291.1311
v 1339.1609 -78.3425 525.3116
v 1338.8767 -75.3567 525.3754
v 1286.3460 -75.3567 291.1948
v 1345.1283 -72.3425 277.7023
v 1400.7490 -72.3425 511.1682
v 1400.4666 -69.3566 511.2355
v 1344.8458 -69.3566 277.7695
v 1345.1283 -72.3425 277.7023
v 1400.7490 -72.3425 511.1682
v 1400.4666 -69.3566 511.2355
v 1344.8458 -69.3566 277.7695
v 1403.6288 -66.3424 263.4550
v 1462.3396 -66.3424 496.1631
v 1462.0590 -63.3564 496.2339
v 1403.3482 -63.3564 263.5258
v 1403.6288 -66.3424 263.4550
v 1462.3396 -66.3424 496.1631
v 1462.0590 -63.3564 496.2339
v 1403.3482 -63.3564 263.5258
v 1462.1318 -60.3421 248.3812
v 1523.9327 -60.3421 480.2878
v 1523.6540 -57.3560 480.3621
v 1461.8531 -57.3560 248.4555
vt 1.1000 0.6875
vt 1.1075 0.6875
vt 1.1075 0.3125
vt 1.1000 0.3125
vt 1.1000 0.3125
vt 1.1075 0.3125
vt 1.1075 0.6875
vt 1.1000 0.6875
vt 9.5000 -0.1000
vt 9.5000 -0.1075
vt 0.5000 -0.1075
vt 0.5000 -0.1000
vt 9.5000 0.6875
vt 9.5000 0.3125
vt 0.5000 0.3125
vt 0.5000 0.6875
vt 9.5000 -0.1075
vt 9.5000 -0.1000
vt 0.5000 -0.1000
vt 0.5000 -0.1075
vt 9.5000 0.3125
vt 9.5000 0.6875
vt 0.5000 0.6875
vt 0.5000 0.3125
vt -0.1075 0.6875
vt -0.1000 0.6875
vt -0.1000 0.3125
vt -0.1075 0.3125
vt -0.1075 0.3125
vt -0.1000 0.3125
vt -0.1000 0.6875
vt -0.1075 0.6875
vt 9.5000 1.1075
vt 9.5000 1.1000
vt 0.5000 1.1000
vt 0.5000 1.1075
vt 9.5000 0.6875
vt 9.5000 0.3125
vt 0.5000 0.3125
vt 0.5000 0.6875
vt 9.5000 1.1000
vt 9.5000 1.1075
vt 0.5000 1.1075
vt 0.5000 1.1000
vt 9.5000 0.3125
vt 9.5000 0.6875
vt 0.5000 0.6875
vt 0.5000 0.3125
vt -0.1000 0.3125
vt 1.1000 0.3125
vt 1.1000 0.3050
vt -0.1000 0.3050
vt -0.1000 0.3050
vt 1.1000 0.3050
vt 1.1000 0.3125
vt -0.1000 0.3125
vt 9.5000 1.1000
vt 9.5000 -0.1000
vt 0.5000 -0.1000
vt 0.5000 1.1000
vt 9.5000 0.3125
vt 9.5000 0.3050
vt 0.5000 0.3050
vt 0.5000 0.3125
vt 9.5000 -0.1000
vt 9.5000 1.1000
vt 0.5000 1.1000
vt 0.5000 -0.1000
vt 9.5000 0.3050
vt 9.5000 0.3125
vt 0.5000 0.3125
vt 0.5000 0.3050
vt 2.0990 1.2875
vt 2.1065 1.2875
vt 2.1065 0.9125
vt 2.0990 0.9125
vt 2.0981 0.9110
vt 2.1056 0.9110
vt 2.1055 1.2860
vt 2.0980 1.2860
vt 1.4076 -1.0980
vt 1.4077 -1.1055
vt 1.2539 -1.1065
vt 1.2538 -1.0990
vt 1.4077 1.2860
vt 1.4002 0.9110
vt 1.2501 0.9125
vt 1.2539 1.2875
vt 1.4002 -1.1056
vt 1.4001 -1.0981
vt 1.2501 -1.0990
vt 1.2501 -1.1065
vt 1.4001 0.9110
vt 1.4076 1.2860
vt 1.2538 1.2875
vt 1.2501 0.9125
vt 2.0980 1.2860
vt 2.1055 1.2860
vt 2.1056 0.9110
vt 2.0981 0.9110
vt 2.0953 0.9066
vt 2.1028 0.9066
vt 2.1024 1.2813
vt 2.0949 1.2813
vt 1.5652 -1.0949
vt 1.5654 -1.1024
vt 1.4077 -1.1055
vt 1.4076 -1.0980
vt 1.5654 1.2813
vt 1.5504 0.9066
vt 1.4002 0.9110
vt 1.4077 1.2860
vt 1.5504 -1.1028
vt 1.5502 -1.0953
vt 1.4001 -1.0981
vt 1.4002 -1.1056
vt 1.5502 0.9066
vt 1.5652 1.2813
vt 1.4076 1.2860
vt 1.4001 0.9110
vt 2.0949 1.2813
vt 2.1024 1.2813
vt 2.1028 0.9066
vt 2.0953 0.9066
vt 2.0906 0.8993
vt 2.0980 0.8993
vt 2.0972 1.2737
vt 2.0897 1.2737
vt 1.7228 -1.0897
vt 1.7231 -1.0972
vt 1.5654 -1.1024
vt 1.5652 -1.0949
vt 1.7231 1.2737
vt 1.7006 0.8993
vt 1.5504 0.9066
vt 1.5654 1.2813
vt 1.7006 -1.0980
vt 1.7004 -1.0906
vt 1.5502 -1.0953
vt 1.5504 -1.1028
vt 1.7004 0.8993
vt 1.7228 1.2737
vt 1.5652 1.2813
vt 1.5502 0.9066
vt 2.0897 1.2737
vt 2.0972 1.2737
vt 2.0980 0.8993
vt 2.0906 0.8993
vt 2.0840 0.8891
vt 2.0914 0.8891
vt 2.0899 1.2629
vt 2.0824 1.2629
vt 1.8804 -1.0824
vt 1.8808 -1.0899
vt 1.7231 -1.0972
vt 1.7228 -1.0897
vt 1.8808 1.2629
vt 1.8509 0.8891
vt 1.7006 0.8993
vt 1.7231 1.2737
vt 1.8509 -1.0914
vt 1.8505 -1.0840
vt 1.7004 -1.0906
vt 1.7006 -1.0980
vt 1.8505 0.8891
vt 1.8804 1.2629
vt 1.7228 1.2737
vt 1.7004 0.8993
vt 2.0824 1.2629
vt 2.0899 1.2629
vt 2.0914 0.8891
vt 2.0840 0.8891
vt 2.0754 0.8757
vt 2.0829 0.8757
vt 2.0806 1.2491
vt 2.0731 1.2491
vt 2.0370 -1.0731
vt 2.0375 -1.0806
vt 1.8808 -1.0899
vt 1.8804 -1.0824
vt 2.0375 1.2491
vt 2.0021 0.8757
vt 1.8509 0.8891
vt 1.8808 1.2629
vt 2.0021 -1.0829
vt 2.0016 -1.0754
vt 1.8505 -1.0840
vt 1.8509 -1.0914
vt 2.0016 0.8757
vt 2.0370 1.2491
vt 1.8804 1.2629
vt 1.8505 0.8891
vt 2.0731 1.2491
vt 2.0806 1.2491
vt 2.0829 0.8757
vt 2.0754 0.8757
vt 2.0648 0.8608
vt 2.0722 0.8608
vt 2.0694 1.2340
vt 2.0619 1.2340
vt 2.1917 -1.0619
vt 2.1923 -1.0694
vt 2.0375 -1.0806
vt 2.0370 -1.0731
vt 2.1923 1.2340
vt 2.1552 0.8608
vt 2.0021 0.8757
vt 2.0375 1.2491
vt 2.1552 -1.0722
vt 2.1546 -1.0648
vt 2.0016 -1.0754
vt 2.0021 -1.0829
vt 2.1546 0.8608
vt 2.1917 1.2340
vt 2.0370 1.2491
vt 2.0016 0.8757
vt 2.0619 1.2340
vt 2.0694 1.2340
vt 2.0722 0.8608
vt 2.0648 0.8608
vt 2.0521 0.8458
vt 2.0596 0.8458
vt 2.0562 1.2190
vt 2.0487 1.2190
vt 2.3455 -1.0487
vt 2.3462 -1.0562
vt 2.1923 -1.0694
vt 2.1917 -1.0619
vt 2.3462 1.2190
vt 2.3092 0.8458
vt 2.1552 0.8608
vt 2.1923 1.2340
vt 2.3092 -1.0596
vt 2.3085 -1.0521
vt 2.1546 -1.0648
vt 2.1552 -1.0722
vt 2.3085 0.8458
vt 2.3455 1.2190
vt 2.1917 1.2340
vt 2.1546 0.8608
vt 2.0487 1.2190
vt 2.0562 1.2190
vt 2.0596 0.8458
vt 2.0521 0.8458
vt 2.0374 0.8308
vt 2.0449 0.8308
vt 2.0410 1.2040
vt 2.0336 1.2040
vt 2.4994 -1.0336
vt 2.5001 -1.0410
vt 2.3462 -1.0562
vt 2.3455 -1.0487
vt 2.5001 1.2040
vt 2.4632 0.8308
vt 2.3092 0.8458
vt 2.3462 1.2190
vt 2.4632 -1.0449
vt 2.4624 -1.0374
vt 2.3085 -1.0521
vt 2.3092 -1.0596
vt 2.4624 0.8308
vt 2.4994 1.2040
vt 2.3455 1.2190
vt 2.3085 0.8458
vt 2.0336 1.2040
vt 2.0410 1.2040
vt 2.0449 0.8308
vt 2.0374 0.8308
vt 2.0207 0.8158
vt 2.0281 0.8158
vt 2.0238 1.1890
vt 2.0164 1.1890
vt 2.6532 -1.0164
vt 2.6540 -1.0238
vt 2.5001 -1.0410
vt 2.4994 -1.0336
vt 2.6540 1.1890
vt 2.6172 0.8158
vt 2.4632 0.8308
vt 2.5001 1.2040
vt 2.6172 -1.0281
vt 2.6164 -1.0207
vt 2.4624 -1.0374
vt 2.4632 -1.0449
vt 2.6164 0.8158
vt 2.6532 1.1890
vt 2.4994 1.2040
vt 2.4624 0.8308
vt 2.0164 1.1890
vt 2.0238 1.1890
vt 2.0281 0.8158
vt 2.0207 0.8158
vt 2.0020 0.8008
vt 2.0094 0.8008
vt 2.0046 1.1740
vt 1.9972 1.1740
vt 2.8070 -0.9972
vt 2.8079 -1.0046
vt 2.6540 -1.0238
vt 2.6532 -1.0164
vt 2.8079 1.1740
vt 2.7712 0.8008
vt 2.6172 0.8158
vt 2.6540 1.1890
vt 2.7712 -1.0094
vt 2.7703 -1.0020
vt 2.6164 -1.0207
vt 2.6172 -1.0281
vt 2.7703 0.8008
vt 2.8070 1.1740
vt 2.6532 1.1890
vt 2.6164 0.8158
vt 1.9972 1.1740
vt 2.0046 1.1740
vt 2.0094 0.8008
vt 2.0020 0.8008
vt 1.9812 0.7859
vt 1.9886 0.7859
vt 1.9834 1.1590
vt 1.9760 1.1590
vt 2.9608 -0.9760
vt 2.9618 -0.9834
vt 2.8079 -1.0046
vt 2.8070 -0.9972
vt 2.9618 1.1590
vt 2.9253 0.7859
vt 2.7712 0.8008
vt 2.8079 1.1740
vt 2.9253 -0.9886
vt 2.9242 -0.9812
vt 2.7703 -1.0020
vt 2.7712 -1.0094
vt 2.9242 0.7859
vt 2.9608 1.1590
vt 2.8070 1.1740
vt 2.7703 0.8008
vt 1.9760 1.1590
vt 1.9834 1.1590
vt 1.9886 0.7859
vt 1.9812 0.7859
vt 1.9584 0.7709
vt 1.9658 0.7709
vt 1.9601 1.1440
vt 1.9527 1.1440
vt 3.1146 -0.9527
vt 3.1157 -0.9601
vt 2.9618 -0.9834
vt 2.9608 -0.9760
vt 3.1157 1.1440
vt 3.0793 0.7709
vt 2.9253 0.7859
vt 2.9618 1.1590
vt 3.0793 -0.9658
vt 3.0781 -0.9584
vt 2.9242 -0.9812
vt 2.9253 -0.9886
vt 3.0781 0.7709
vt 3.1146 1.1440
vt 2.9608 1.1590
vt 2.9242 0.7859
vt 1.9527 1.1440
vt 1.9601 1.1440
vt 1.9658 0.7709
vt 1.9584 0.7709
vt 1.9335 0.7559
vt 1.9409 0.7559
vt 1.9348 1.1290
vt 1.9274 1.1290
vt 3.2683 -0.9274
vt 3.2696 -0.9348
vt 3.1157 -0.9601
vt 3.1146 -0.9527
vt 3.2696 1.1290
vt 3.2333 0.7559
vt 3.0793 0.7709
vt 3.1157 1.1440
vt 3.2333 -0.9409
vt 3.2321 -0.9335
vt 3.0781 -0.9584
vt 3.0793 -0.9658
vt 3.2321 0.7559
vt 3.2683 1.1290
vt 3.1146 1.1440
vt 3.0781 0.7709
vt 1.9274 1.1290
vt 1.9348 1.1290
vt 1.9409 0.7559
vt 1.9335 0.7559
vt 1.9066 0.7409
vt 1.9140 0.7409
vt 1.9074 1.1141
vt 1.9000 1.1141
vt 3.4221 -0.9000
vt 3.4235 -0.9074
vt 3.2696 -0.9348
vt 3.2683 -0.9274
vt 3.4235 1.1141
vt 3.3874 0.7409
vt 3.2333 0.7559
vt 3.2696 1.1290
vt 3.3874 -0.9140
vt 3.3860 -0.9066
vt 3.2321 -0.9335
vt 3.2333 -0.9409
vt 3.3860 0.7409
vt 3.4221 1.1141
vt 3.2683 1.1290
vt 3.2321 0.7559
vt 1.9000 1.1141
vt 1.9074 1.1141
vt 1.9140 0.7409
vt 1.9066 0.7409
vt 1.8776 0.7259
vt 1.8850 0.7259
vt 1.8779 1.0991
vt 1.8705 1.0991
vt 3.5759 -0.8705
vt 3.5773 -0.8779
vt 3.4235 -0.9074
vt 3.4221 -0.9000
vt 3.5773 1.0991
vt 3.5414 0.7259
vt 3.3874 0.7409
vt 3.4235 1.1141
vt 3.5414 -0.8850
vt 3.5400 -0.8776
vt 3.3860 -0.9066
vt 3.3874 -0.9140
vt 3.5400 0.7259
vt 3.5759 1.0991
vt 3.4221 1.1141
vt 3.3860 0.7409
vt 1.8705 1.0991
vt 1.8779 1.0991
vt 1.8850 0.7259
vt 1.8776 0.7259
vt 1.8465 0.7109
vt 1.8538 0.7109
vt 1.8463 1.0841
vt 1.8390 1.0841
vt 3.7297 -0.8390
vt 3.7312 -0.8463
vt 3.5773 -0.8779
vt 3.5759 -0.8705
vt 3.7312 1.0841
vt 3.6955 0.7109
vt 3.5414 0.7259
vt 3.5773 1.0991
vt 3.6955 -0.8538
vt 3.6939 -0.8465
vt 3.5400 -0.8776
vt 3.5414 -0.8850
vt 3.6939 0.7109
vt 3.7297 1.0841
vt 3.5759 1.0991
vt 3.5400 0.7259
vt 1.8390 1.0841
vt 1.8463 1.0841
vt 1.8538 0.7109
vt 1.8465 0.7109
vt 1.8133 0.6959
vt 1.8206 0.6959
vt 1.8126 1.0691
vt 1.8053 1.0691
vt 3.8834 -0.8053
vt 3.8851 -0.8126
vt 3.7312 -0.8463
vt 3.7297 -0.8390
vt 3.8851 1.0691
vt 3.8495 0.6959
vt 3.6955 0.7109
vt 3.7312 1.0841
vt 3.8495 -0.8206
vt 3.8479 -0.8133
vt 3.6939 -0.8465
vt 3.6955 -0.8538
vt 3.8479 0.6959
vt 3.8834 1.0691
vt 3.7297 1.0841
vt 3.6939 0.7109
vt 1.8053 1.0691
vt 1.8126 1.0691
vt 1.8206 0.6959
vt 1.8133 0.6959
vt 1.7779 0.6809
vt 1.7852 0.6809
vt 1.7768 1.0541
vt 1.7695 1.0541
vt 4.0372 -0.7695
vt 4.0389 -0.7768
vt 3.8851 -0.8126
vt 3.8834 -0.8053
vt 4.0389 1.0541
vt 4.0036 0.6809
vt 3.8495 0.6959
vt 3.8851 1.0691
vt 4.0036 -0.7852
vt 4.0019 -0.7779
vt 3.8479 -0.8133
vt 3.8495 -0.8206
vt 4.0019 0.6809
vt 4.0372 1.0541
vt 3.8834 1.0691
vt 3.8479 0.6959
vt 1.7695 1.0541
vt 1.7768 1.0541
vt 1.7852 0.6809
vt 1.7779 0.6809
vt 1.7404 0.6659
vt 1.7477 0.6659
vt 1.7388 1.0391
vt 1.7316 1.0391
vt 4.1909 -0.7316
vt 4.1928 -0.7388
vt 4.0389 -0.7768
vt 4.0372 -0.7695
vt 4.1928 1.0391
vt 4.1577 0.6659
vt 4.0036 0.6809
vt 4.0389 1.0541
vt 4.1577 -0.7477
vt 4.1558 -0.7404
vt 4.0019 -0.7779
vt 4.0036 -0.7852
vt 4.1558 0.6659
vt 4.1909 1.0391
vt 4.0372 1.0541
vt 4.0019 0.6809
vt 1.7316 1.0391
vt 1.7388 1.0391
vt 1.7477 0.6659
vt 1.7404 0.6659
vt 1.7007 0.6509
vt 1.7080 0.6509
vt 1.6987 1.0241
vt 1.6914 1.0241
vt 4.3447 -0.6914
vt 4.3466 -0.6987
vt 4.1928 -0.7388
vt 4.1909 -0.7316
vt 4.3466 1.0241
vt 4.3118 0.6509
vt 4.1577 0.6659
vt 4.1928 1.0391
vt 4.3118 -0.7080
vt 4.3098 -0.7007
vt 4.1558 -0.7404
vt 4.1577 -0.7477
vt 4.3098 0.6509
vt 4.3447 1.0241
vt 4.1909 1.0391
vt 4.1558 0.6659
vt 1.6914 1.0241
vt 1.6987 1.0241
vt 1.7080 0.6509
vt 1.7007 0.6509
vt 1.6588 0.6359
vt 1.6661 0.6359
vt 1.6563 1.0091
vt 1.6491 1.0091
vt 4.4984 -0.6491
vt 4.5004 -0.6563
vt 4.3466 -0.6987
vt 4.3447 -0.6914
vt 4.5004 1.0091
vt 4.4658 0.6359
vt 4.3118 0.6509
vt 4.3466 1.0241
vt 4.4658 -0.6661
vt 4.4638 -0.6588
vt 4.3098 -0.7007
vt 4.3118 -0.7080
vt 4.4638 0.6359
vt 4.4984 1.0091
vt 4.3447 1.0241
vt 4.3098 0.6509
vt 1.6491 1.0091
vt 1.6563 1.0091
vt 1.6661 0.6359
vt 1.6588 0.6359
vt 1.6148 0.6209
vt 1.6220 0.6209
vt 1.6120 0.9941
vt 1.6048 0.9941
vt 4.6517 -0.6048
vt 4.6538 -0.6120
vt 4.5004 -0.6563
vt 4.4984 -0.6491
vt 4.6538 0.9941
vt 4.6194 0.6209
vt 4.4658 0.6359
vt 4.5004 1.0091
vt 4.6194 -0.6220
vt 4.6173 -0.6148
vt 4.4638 -0.6588
vt 4.4658 -0.6661
vt 4.6173 0.6209
vt 4.6517 0.9941
vt 4.4984 1.0091
vt 4.4638 0.6359
vt 1.6048 0.9941
vt 1.6120 0.9941
vt 1.6220 0.6209
vt 1.6148 0.6209
vt 1.5700 0.6059
vt 1.5772 0.6059
vt 1.5671 0.9791
vt 1.5599 0.9791
vt 4.8017 -0.5599
vt 4.8038 -0.5671
vt 4.6538 -0.6120
vt 4.6517 -0.6048
vt 4.8038 0.9791
vt 4.7694 0.6059
vt 4.6194 0.6209
vt 4.6538 0.9941
vt 4.7694 -0.5772
vt 4.7673 -0.5700
vt 4.6173 -0.6148
vt 4.6194 -0.6220
vt 4.7673 0.6059
vt 4.8017 0.9791
vt 4.6517 0.9941
vt 4.6173 0.6209
vt 1.5599 0.9791
vt 1.5671 0.9791
vt 1.5772 0.6059
vt 1.5700 0.6059
vt 1.5276 0.5909
vt 1.5348 0.5909
vt 1.5251 0.9641
vt 1.5179 0.9641
vt 4.9484 -0.5179
vt 4.9504 -0.5251
vt 4.8038 -0.5671
vt 4.8017 -0.5599
vt 4.9504 0.9641
vt 4.9158 0.5909
vt 4.7694 0.6059
vt 4.8038 0.9791
vt 4.9158 -0.5348
vt 4.9138 -0.5276
vt 4.7673 -0.5700
vt 4.7694 -0.5772
vt 4.9138 0.5909
vt 4.9484 0.9641
vt 4.8017 0.9791
vt 4.7673 0.6059
vt 1.5179 0.9641
vt 1.5251 0.9641
vt 1.5348 0.5909
vt 1.5276 0.5909
vt 1.4874 0.5759
vt 1.4946 0.5759
vt 1.4853 0.9491
vt 1.4781 0.9491
vt 5.0947 -0.4781
vt 5.0966 -0.4853
vt 4.9504 -0.5251
vt 4.9484 -0.5179
vt 5.0966 0.9491
vt 5.0618 0.5759
vt 4.9158 0.5909
vt 4.9504 0.9641
vt 5.0618 -0.4946
vt 5.0598 -0.4874
vt 4.9138 -0.5276
vt 4.9158 -0.5348
vt 5.0598 0.5759
vt 5.0947 0.9491
vt 4.9484 0.9641
vt 4.9138 0.5909
vt 1.4781 0.9491
vt 1.4853 0.9491
vt 1.4946 0.5759
vt 1.4874 0.5759
vt 1.4493 0.5609
vt 1.4565 0.5609
vt 1.4477 0.9341
vt 1.4404 0.9341
vt 5.2409 -0.4404
vt 5.2428 -0.4477
vt 5.0966 -0.4853
vt 5.0947 -0.4781
vt 5.2428 0.9341
vt 5.2077 0.5609
vt 5.0618 0.5759
vt 5.0966 0.9491
vt 5.2077 -0.4565
vt 5.2058 -0.4493
vt 5.0598 -0.4874
vt 5.0618 -0.4946
vt 5.2058 0.5609
vt 5.2409 0.9341
vt 5.0947 0.9491
vt 5.0598 0.5759
vt 1.4404 0.9341
vt 1.4477 0.9341
vt 1.4565 0.5609
vt 1.4493 0.5609
vt 1.4132 0.5459
vt 1.4205 0.5459
vt 1.4121 0.9191
vt 1.4048 0.9191
vt 5.3872 -0.4048
vt 5.3889 -0.4121
vt 5.2428 -0.4477
vt 5.2409 -0.4404
vt 5.3889 0.9191
vt 5.3536 0.5459
vt 5.2077 0.5609
vt 5.2428 0.9341
vt 5.3536 -0.4205
vt 5.3519 -0.4132
vt 5.2058 -0.4493
vt 5.2077 -0.4565
vt 5.3519 0.5459
vt 5.3872 0.9191
vt 5.2409 0.9341
vt 5.2058 0.5609
vt 1.4048 0.9191
vt 1.4121 0.9191
vt 1.4205 0.5459
vt 1.4132 0.5459
vt 1.3792 0.5309
vt 1.3865 0.5309
vt 1.3785 0.9041
vt 1.3712 0.9041
vt 5.5334 -0.3712
vt 5.5351 -0.3785
vt 5.3889 -0.4121
vt 5.3872 -0.4048
vt 5.5351 0.9041
vt 5.4995 0.5309
vt 5.3536 0.5459
vt 5.3889 0.9191
vt 5.4995 -0.3865
vt 5.4979 -0.3792
vt 5.3519 -0.4132
vt 5.3536 -0.4205
vt 5.4979 0.5309
vt 5.5334 0.9041
vt 5.3872 0.9191
vt 5.3519 0.5459
vt 1.3712 0.9041
vt 1.3785 0.9041
vt 1.3865 0.5309
vt 1.3792 0.5309
vt 1.3472 0.5159
vt 1.3545 0.5159
vt 1.3470 0.8891
vt 1.3397 0.8891
vt 5.6797 -0.3397
vt 5.6812 -0.3470
vt 5.5351 -0.3785
vt 5.5334 -0.3712
vt 5.6812 0.8891
vt 5.6455 0.5159
vt 5.4995 0.5309
vt 5.5351 0.9041
vt 5.6455 -0.3545
vt 5.6439 -0.3472
vt 5.4979 -0.3792
vt 5.4995 -0.3865
vt 5.6439 0.5159
vt 5.6797 0.8891
vt 5.5334 0.9041
vt 5.4979 0.5309
vt 1.3397 0.8891
vt 1.3470 0.8891
vt 1.3545 0.5159
vt 1.3472 0.5159
vt 1.3172 0.5009
vt 1.3246 0.5009
vt 1.3175 0.8741
vt 1.3101 0.8741
vt 5.8259 -0.3101
vt 5.8273 -0.3175
vt 5.6812 -0.3470
vt 5.6797 -0.3397
vt 5.8273 0.8741
vt 5.7914 0.5009
vt 5.6455 0.5159
vt 5.6812 0.8891
vt 5.7914 -0.3246
vt 5.7900 -0.3172
vt 5.6439 -0.3472
vt 5.6455 -0.3545
vt 5.7900 0.5009
vt 5.8259 0.8741
vt 5.6797 0.8891
vt 5.6439 0.5159
vt 1.3101 0.8741
vt 1.3175 0.8741
vt 1.3246 0.5009
vt 1.3172 0.5009
vt 1.2892 0.4859
vt 1.2966 0.4859
vt 1.2900 0.8591
vt 1.2826 0.8591
vt 5.9721 -0.2826
vt 5.9735 -0.2900
vt 5.8273 -0.3175
vt 5.8259 -0.3101
vt 5.9735 0.8591
vt 5.9374 0.4859
vt 5.7914 0.5009
vt 5.8273 0.8741
vt 5.9374 -0.2966
vt 5.9360 -0.2892
vt 5.7900 -0.3172
vt 5.7914 -0.3246
vt 5.9360 0.4859
vt 5.9721 0.8591
vt 5.8259 0.8741
vt 5.7900 0.5009
vt 1.2826 0.8591
vt 1.2900 0.8591
vt 1.2966 0.4859
vt 1.2892 0.4859
vt 1.2632 0.4710
vt 1.2706 0.4710
vt 1.2644 0.8441
vt 1.2570 0.8441
vt 6.1183 -0.2570
vt 6.1196 -0.2644
vt 5.9735 -0.2900
vt 5.9721 -0.2826
vt 6.1196 0.8441
vt 6.0833 0.4710
vt 5.9374 0.4859
vt 5.9735 0.8591
vt 6.0833 -0.2706
vt 6.0821 -0.2632
vt 5.9360 -0.2892
vt 5.9374 -0.2966
vt 6.0821 0.4710
vt 6.1183 0.8441
vt 5.9721 0.8591
vt 5.9360 0.4859
vt 1.2570 0.8441
vt 1.2644 0.8441
vt 1.2706 0.4710
vt 1.2632 0.4710
vt 1.2391 0.4560
vt 1.2465 0.4560
vt 1.2408 0.8291
vt 1.2334 0.8291
vt 6.2646 -0.2334
vt 6.2657 -0.2408
vt 6.1196 -0.2644
vt 6.1183 -0.2570
vt 6.2657 0.8291
vt 6.2293 0.4560
vt 6.0833 0.4710
vt 6.1196 0.8441
vt 6.2293 -0.2465
vt 6.2281 -0.2391
vt 6.0821 -0.2632
vt 6.0833 -0.2706
vt 6.2281 0.4560
vt 6.2646 0.8291
vt 6.1183 0.8441
vt 6.0821 0.4710
vt 1.2334 0.8291
vt 1.2408 0.8291
vt 1.2465 0.4560
vt 1.2391 0.4560
vt 1.2170 0.4410
vt 1.2244 0.4410
vt 1.2192 0.8141
vt 1.2118 0.8141
vt 6.4108 -0.2118
vt 6.4118 -0.2192
vt 6.2657 -0.2408
vt 6.2646 -0.2334
vt 6.4118 0.8141
vt 6.3753 0.4410
vt 6.2293 0.4560
vt 6.2657 0.8291
vt 6.3753 -0.2244
vt 6.3742 -0.2170
vt 6.2281 -0.2391
vt 6.2293 -0.2465
vt 6.3742 0.4410
vt 6.4108 0.8141
vt 6.2646 0.8291
vt 6.2281 0.4560
vt 1.2118 0.8141
vt 1.2192 0.8141
vt 1.2244 0.4410
vt 1.2170 0.4410
vt 1.1968 0.4260
vt 1.2043 0.4260
vt 1.1995 0.7992
vt 1.1921 0.7992
vt 6.5570 -0.1921
vt 6.5579 -0.1995
vt 6.4118 -0.2192
vt 6.4108 -0.2118
vt 6.5579 0.7992
vt 6.5212 0.4260
vt 6.3753 0.4410
vt 6.4118 0.8141
vt 6.5212 -0.2043
vt 6.5203 -0.1968
vt 6.3742 -0.2170
vt 6.3753 -0.2244
vt 6.5203 0.4260
vt 6.5570 0.7992
vt 6.4108 0.8141
vt 6.3742 0.4410
vt 1.1921 0.7992
vt 1.1995 0.7992
vt 1.2043 0.4260
vt 1.1968 0.4260
vt 1.1786 0.4110
vt 1.1860 0.4110
vt 1.1818 0.7842
vt 1.1743 0.7842
vt 6.7032 -0.1743
vt 6.7040 -0.1818
vt 6.5579 -0.1995
vt 6.5570 -0.1921
vt 6.7040 0.7842
vt 6.6672 0.4110
vt 6.5212 0.4260
vt 6.5579 0.7992
vt 6.6672 -0.1860
vt 6.6664 -0.1786
vt 6.5203 -0.1968
vt 6.5212 -0.2043
vt 6.6664 0.4110
vt 6.7032 0.7842
vt 6.5570 0.7992
vt 6.5203 0.4260
vt 1.1743 0.7842
vt 1.1818 0.7842
vt 1.1860 0.4110
vt 1.1786 0.4110
vt 1.1623 0.3960
vt 1.1697 0.3960
vt 1.1659 0.7692
vt 1.1585 0.7692
vt 6.8494 -0.1585
vt 6.8501 -0.1659
vt 6.7040 -0.1818
vt 6.7032 -0.1743
vt 6.8501 0.7692
vt 6.8132 0.3960
vt 6.6672 0.4110
vt 6.7040 0.7842
vt 6.8132 -0.1697
vt 6.8124 -0.1623
vt 6.6664 -0.1786
vt 6.6672 -0.1860
vt 6.8124 0.3960
vt 6.8494 0.7692
vt 6.7032 0.7842
vt 6.6664 0.4110
vt 1.1585 0.7692
vt 1.1659 0.7692
vt 1.1697 0.3960
vt 1.1623 0.3960
vt 1.1479 0.3810
vt 1.1553 0.3810
vt 1.1520 0.7542
vt 1.1445 0.7542
vt 6.9955 -0.1445
vt 6.9962 -0.1520
vt 6.8501 -0.1659
vt 6.8494 -0.1585
vt 6.9962 0.7542
vt 6.9592 0.3810
vt 6.8132 0.3960
vt 6.8501 0.7692
vt 6.9592 -0.1553
vt 6.9585 -0.1479
vt 6.8124 -0.1623
vt 6.8132 -0.1697
vt 6.9585 0.3810
vt 6.9955 0.7542
vt 6.8494 0.7692
vt 6.8124 0.3960
vt 1.1445 0.7542
vt 1.1520 0.7542
vt 1.1553 0.3810
vt 1.1479 0.3810
vt 1.1354 0.3660
vt 1.1428 0.3660
vt 1.1400 0.7392
vt 1.1325 0.7392
vt 7.1417 -0.1325
vt 7.1423 -0.1400
vt 6.9962 -0.1520
vt 6.9955 -0.1445
vt 7.1423 0.7392
vt 7.1052 0.3660
vt 6.9592 0.3810
vt 6.9962 0.7542
vt 7.1052 -0.1428
vt 7.1046 -0.1354
vt 6.9585 -0.1479
vt 6.9592 -0.1553
vt 7.1046 0.3660
vt 7.1417 0.7392
vt 6.9955 0.7542
vt 6.9585 0.3810
vt 1.1325 0.7392
vt 1.1400 0.7392
vt 1.1428 0.3660
vt 1.1354 0.3660
vt 1.1247 0.3509
vt 1.1322 0.3509
vt 1.1299 0.7243
vt 1.1224 0.7243
vt 7.2870 -0.1224
vt 7.2875 -0.1299
vt 7.1423 -0.1400
vt 7.1417 -0.1325
vt 7.2875 0.7243
vt 7.2521 0.3509
vt 7.1052 0.3660
vt 7.1423 0.7392
vt 7.2521 -0.1322
vt 7.2516 -0.1247
vt 7.1046 -0.1354
vt 7.1052 -0.1428
vt 7.2516 0.3509
vt 7.2870 0.7243
vt 7.1417 0.7392
vt 7.1046 0.3660
vt 1.1224 0.7243
vt 1.1299 0.7243
vt 1.1322 0.3509
vt 1.1247 0.3509
vt 1.1158 0.3371
vt 1.1233 0.3371
vt 1.1218 0.7109
vt 1.1143 0.7109
vt 7.4304 -0.1143
vt 7.4308 -0.1218
vt 7.2875 -0.1299
vt 7.2870 -0.1224
vt 7.4308 0.7109
vt 7.4009 0.3371
vt 7.2521 0.3509
vt 7.2875 0.7243
vt 7.4009 -0.1233
vt 7.4005 -0.1158
vt 7.2516 -0.1247
vt 7.2521 -0.1322
vt 7.4005 0.3371
vt 7.4304 0.7109
vt 7.2870 0.7243
vt 7.2516 0.3509
vt 1.1143 0.7109
vt 1.1218 0.7109
vt 1.1233 0.3371
vt 1.1158 0.3371
vt 1.1089 0.3263
vt 1.1164 0.3263
vt 1.1155 0.7007
vt 1.1080 0.7007
vt 7.5728 -0.1080
vt 7.5731 -0.1155
vt 7.4308 -0.1218
vt 7.4304 -0.1143
vt 7.5731 0.7007
vt 7.5506 0.3263
vt 7.4009 0.3371
vt 7.4308 0.7109
vt 7.5506 -0.1164
vt 7.5504 -0.1089
vt 7.4005 -0.1158
vt 7.4009 -0.1233
vt 7.5504 0.3263
vt 7.5728 0.7007
vt 7.4304 0.7109
vt 7.4005 0.3371
vt 1.1080 0.7007
vt 1.1155 0.7007
vt 1.1164 0.3263
vt 1.1089 0.3263
vt 1.1040 0.3187
vt 1.1115 0.3187
vt 1.1111 0.6934
vt 1.1036 0.6934
vt 7.7152 -0.1036
vt 7.7154 -0.1111
vt 7.5731 -0.1155
vt 7.5728 -0.1080
vt 7.7154 0.6934
vt 7.7004 0.3187
vt 7.5506 0.3263
vt 7.5731 0.7007
vt 7.7004 -0.1115
vt 7.7002 -0.1040
vt 7.5504 -0.1089
vt 7.5506 -0.1164
vt 7.7002 0.3187
vt 7.7152 0.6934
vt 7.5728 0.7007
vt 7.5504 0.3263
vt 1.1036 0.6934
vt 1.1111 0.6934
vt 1.1115 0.3187
vt 1.1040 0.3187
vt 1.1010 0.3140
vt 1.1085 0.3140
vt 1.1084 0.6890
vt 1.1009 0.6890
vt 7.8576 -0.1009
vt 7.8577 -0.1084
vt 7.7154 -0.1111
vt 7.7152 -0.1036
vt 7.8577 0.6890
vt 7.8502 0.3140
vt 7.7004 0.3187
vt 7.7154 0.6934
vt 7.8502 -0.1085
vt 7.8501 -0.1010
vt 7.7002 -0.1040
vt 7.7004 -0.1115
vt 7.8501 0.3140
vt 7.8576 0.6890
vt 7.7152 0.6934
vt 7.7002 0.3187
vt 1.1009 0.6890
vt 1.1084 0.6890
vt 1.1085 0.3140
vt 1.1010 0.3140
vt 1.1000 0.3125
vt 1.1075 0.3125
vt 1.1075 0.6875
vt 1.1000 0.6875
vt 8.0038 -0.1000
vt 8.0039 -0.1075
vt 7.8577 -0.1084
vt 7.8576 -0.1009
vt 8.0039 0.6875
vt 8.0001 0.3125
vt 7.8502 0.3140
vt 7.8577 0.6890
vt 8.0001 -0.1075
vt 8.0001 -0.1000
vt 7.8501 -0.1010
vt 7.8502 -0.1085
vt 8.0001 0.3125
vt 8.0038 0.6875
vt 7.8576 0.6890
vt 7.8501 0.3140
vt 1.4915 1.2875
vt 1.4990 1.2875
vt 1.4991 0.9125
vt 1.4916 0.9125
vt 1.4906 0.9110
vt 1.4981 0.9110
vt 1.4980 1.2860
vt 1.4905 1.2860
vt 1.3998 -0.4905
vt 1.3999 -0.4980
vt 1.2499 -0.4990
vt 1.2499 -0.4915
vt 1.3999 1.2860
vt 1.3924 0.9110
vt 1.2462 0.9125
vt 1.2499 1.2875
vt 1.3924 -0.4981
vt 1.3923 -0.4906
vt 1.2461 -0.4916
vt 1.2462 -0.4991
vt 1.3923 0.9110
vt 1.3998 1.2860
vt 1.2499 1.2875
vt 1.2461 0.9125
vt 1.4905 1.2860
vt 1.4980 1.2860
vt 1.4981 0.9110
vt 1.4906 0.9110
vt 1.4880 0.9066
vt 1.4955 0.9066
vt 1.4951 1.2813
vt 1.4876 1.2813
vt 1.5496 -0.4876
vt 1.5498 -0.4951
vt 1.3999 -0.4980
vt 1.3998 -0.4905
vt 1.5498 1.2813
vt 1.5348 0.9066
vt 1.3924 0.9110
vt 1.3999 1.2860
vt 1.5348 -0.4955
vt 1.5346 -0.4880
vt 1.3923 -0.4906
vt 1.3924 -0.4981
vt 1.5346 0.9066
vt 1.5496 1.2813
vt 1.3998 1.2860
vt 1.3923 0.9110
vt 1.4876 1.2813
vt 1.4951 1.2813
vt 1.4955 0.9066
vt 1.4880 0.9066
vt 1.4835 0.8993
vt 1.4910 0.8993
vt 1.4901 1.2737
vt 1.4826 1.2737
vt 1.6994 -0.4826
vt 1.6996 -0.4901
vt 1.5498 -0.4951
vt 1.5496 -0.4876
vt 1.6996 1.2737
vt 1.6772 0.8993
vt 1.5348 0.9066
vt 1.5498 1.2813
vt 1.6772 -0.4910
vt 1.6769 -0.4835
vt 1.5346 -0.4880
vt 1.5348 -0.4955
vt 1.6769 0.8993
vt 1.6994 1.2737
vt 1.5496 1.2813
vt 1.5346 0.9066
vt 1.4826 1.2737
vt 1.4901 1.2737
vt 1.4910 0.8993
vt 1.4835 0.8993
vt 1.4773 0.8891
vt 1.4847 0.8891
vt 1.4832 1.2629
vt 1.4757 1.2629
vt 1.8491 -0.4757
vt 1.8495 -0.4832
vt 1.6996 -0.4901
vt 1.6994 -0.4826
vt 1.8495 1.2629
vt 1.8196 0.8891
vt 1.6772 0.8993
vt 1.6996 1.2737
vt 1.8196 -0.4847
vt 1.8192 -0.4773
vt 1.6769 -0.4835
vt 1.6772 -0.4910
vt 1.8192 0.8891
vt 1.8491 1.2629
vt 1.6994 1.2737
vt 1.6769 0.8993
vt 1.4757 1.2629
vt 1.4832 1.2629
vt 1.4847 0.8891
vt 1.4773 0.8891
vt 1.4692 0.8757
vt 1.4766 0.8757
vt 1.4744 1.2491
vt 1.4669 1.2491
vt 1.9979 -0.4669
vt 1.9984 -0.4744
vt 1.8495 -0.4832
vt 1.8491 -0.4757
vt 1.9984 1.2491
vt 1.9630 0.8757
vt 1.8196 0.8891
vt 1.8495 1.2629
vt 1.9630 -0.4766
vt 1.9625 -0.4692
vt 1.8192 -0.4773
vt 1.8196 -0.4847
vt 1.9625 0.8757
vt 1.9979 1.2491
vt 1.8491 1.2629
vt 1.8192 0.8891
vt 1.4669 1.2491
vt 1.4744 1.2491
vt 1.4766 0.8757
vt 1.4692 0.8757
vt 1.4591 0.8608
vt 1.4666 0.8608
vt 1.4637 1.2340
vt 1.4562 1.2340
vt 2.1448 -0.4562
vt 2.1454 -0.4637
vt 1.9984 -0.4744
vt 1.9979 -0.4669
vt 2.1454 1.2340
vt 2.1083 0.8608
vt 1.9630 0.8757
vt 1.9984 1.2491
vt 2.1083 -0.4666
vt 2.1077 -0.4591
vt 1.9625 -0.4692
vt 1.9630 -0.4766
vt 2.1077 0.8608
vt 2.1448 1.2340
vt 1.9979 1.2491
vt 1.9625 0.8757
vt 1.4562 1.2340
vt 1.4637 1.2340
vt 1.4666 0.8608
vt 1.4591 0.8608
vt 1.4471 0.8458
vt 1.4545 0.8458
vt 1.4512 1.2190
vt 1.4437 1.2190
vt 2.2908 -0.4437
vt 2.2915 -0.4512
vt 2.1454 -0.4637
vt 2.1448 -0.4562
vt 2.2915 1.2190
vt 2.2545 0.8458
vt 2.1083 0.8608
vt 2.1454 1.2340
vt 2.2545 -0.4545
vt 2.2538 -0.4471
vt 2.1077 -0.4591
vt 2.1083 -0.4666
vt 2.2538 0.8458
vt 2.2908 1.2190
vt 2.1448 1.2340
vt 2.1077 0.8608
vt 1.4437 1.2190
vt 1.4512 1.2190
vt 1.4545 0.8458
vt 1.4471 0.8458
vt 1.4331 0.8308
vt 1.4406 0.8308
vt 1.4368 1.2040
vt 1.4293 1.2040
vt 2.4368 -0.4293
vt 2.4376 -0.4368
vt 2.2915 -0.4512
vt 2.2908 -0.4437
vt 2.4376 1.2040
vt 2.4006 0.8308
vt 2.2545 0.8458
vt 2.2915 1.2190
vt 2.4006 -0.4406
vt 2.3999 -0.4331
vt 2.2538 -0.4471
vt 2.2545 -0.4545
vt 2.3999 0.8308
vt 2.4368 1.2040
vt 2.2908 1.2190
vt 2.2538 0.8458
vt 1.4293 1.2040
vt 1.4368 1.2040
vt 1.4406 0.8308
vt 1.4331 0.8308
vt 1.4173 0.8158
vt 1.4247 0.8158
vt 1.4204 1.1890
vt 1.4130 1.1890
vt 2.5828 -0.4130
vt 2.5836 -0.4204
vt 2.4376 -0.4368
vt 2.4368 -0.4293
vt 2.5836 1.1890
vt 2.5468 0.8158
vt 2.4006 0.8308
vt 2.4376 1.2040
vt 2.5468 -0.4247
vt 2.5460 -0.4173
vt 2.3999 -0.4331
vt 2.4006 -0.4406
vt 2.5460 0.8158
vt 2.5828 1.1890
vt 2.4368 1.2040
vt 2.3999 0.8308
vt 1.4130 1.1890
vt 1.4204 1.1890
vt 1.4247 0.8158
vt 1.4173 0.8158
vt 1.3995 0.8008
vt 1.4070 0.8008
vt 1.4022 1.1740
vt 1.3948 1.1740
vt 2.7288 -0.3948
vt 2.7297 -0.4022
vt 2.5836 -0.4204
vt 2.5828 -0.4130
vt 2.7297 1.1740
vt 2.6930 0.8008
vt 2.5468 0.8158
vt 2.5836 1.1890
vt 2.6930 -0.4070
vt 2.6921 -0.3995
vt 2.5460 -0.4173
vt 2.5468 -0.4247
vt 2.6921 0.8008
vt 2.7288 1.1740
vt 2.5828 1.1890
vt 2.5460 0.8158
vt 1.3948 1.1740
vt 1.4022 1.1740
vt 1.4070 0.8008
vt 1.3995 0.8008
vt 1.3798 0.7859
vt 1.3873 0.7859
vt 1.3820 1.1590
vt 1.3746 1.1590
vt 2.8747 -0.3746
vt 2.8758 -0.3820
vt 2.7297 -0.4022
vt 2.7288 -0.3948
vt 2.8758 1.1590
vt 2.8392 0.7859
vt 2.6930 0.8008
vt 2.7297 1.1740
vt 2.8392 -0.3873
vt 2.8382 -0.3798
vt 2.6921 -0.3995
vt 2.6930 -0.4070
vt 2.8382 0.7859
vt 2.8747 1.1590
vt 2.7288 1.1740
vt 2.6921 0.8008
vt 1.3746 1.1590
vt 1.3820 1.1590
vt 1.3873 0.7859
vt 1.3798 0.7859
vt 1.3582 0.7709
vt 1.3656 0.7709
vt 1.3599 1.1440
vt 1.3525 1.1440
vt 3.0207 -0.3525
vt 3.0219 -0.3599
vt 2.8758 -0.3820
vt 2.8747 -0.3746
vt 3.0219 1.1440
vt 2.9854 0.7709
vt 2.8392 0.7859
vt 2.8758 1.1590
vt 2.9854 -0.3656
vt 2.9843 -0.3582
vt 2.8382 -0.3798
vt 2.8392 -0.3873
vt 2.9843 0.7709
vt 3.0207 1.1440
vt 2.8747 1.1590
vt 2.8382 0.7859
vt 1.3525 1.1440
vt 1.3599 1.1440
vt 1.3656 0.7709
vt 1.3582 0.7709
vt 1.3346 0.7559
vt 1.3420 0.7559
vt 1.3359 1.1290
vt 1.3285 1.1290
vt 3.1667 -0.3285
vt 3.1679 -0.3359
vt 3.0219 -0.3599
vt 3.0207 -0.3525
vt 3.1679 1.1290
vt 3.1317 0.7559
vt 2.9854 0.7709
vt 3.0219 1.1440
vt 3.1317 -0.3420
vt 3.1304 -0.3346
vt 2.9843 -0.3582
vt 2.9854 -0.3656
vt 3.1304 0.7559
vt 3.1667 1.1290
vt 3.0207 1.1440
vt 2.9843 0.7709
vt 1.3285 1.1290
vt 1.3359 1.1290
vt 1.3420 0.7559
vt 1.3346 0.7559
vt 1.3091 0.7409
vt 1.3164 0.7409
vt 1.3098 1.1141
vt 1.3025 1.1141
vt 3.3126 -0.3025
vt 3.3140 -0.3098
vt 3.1679 -0.3359
vt 3.1667 -0.3285
vt 3.3140 1.1141
vt 3.2779 0.7409
vt 3.1317 0.7559
vt 3.1679 1.1290
vt 3.2779 -0.3164
vt 3.2765 -0.3091
vt 3.1304 -0.3346
vt 3.1317 -0.3420
vt 3.2765 0.7409
vt 3.3126 1.1141
vt 3.1667 1.1290
vt 3.1304 0.7559
vt 1.3025 1.1141
vt 1.3098 1.1141
vt 1.3164 0.7409
vt 1.3091 0.7409
vt 1.2815 0.7259
vt 1.2889 0.7259
vt 1.2818 1.0991
vt 1.2745 1.0991
vt 3.4586 -0.2745
vt 3.4600 -0.2818
vt 3.3140 -0.3098
vt 3.3126 -0.3025
vt 3.4600 1.0991
vt 3.4241 0.7259
vt 3.2779 0.7409
vt 3.3140 1.1141
vt 3.4241 -0.2889
vt 3.4227 -0.2815
vt 3.2765 -0.3091
vt 3.2779 -0.3164
vt 3.4227 0.7259
vt 3.4586 1.0991
vt 3.3126 1.1141
vt 3.2765 0.7409
vt 1.2745 1.0991
vt 1.2818 1.0991
vt 1.2889 0.7259
vt 1.2815 0.7259
vt 1.2520 0.7109
vt 1.2594 0.7109
vt 1.2519 1.0841
vt 1.2445 1.0841
vt 3.6045 -0.2445
vt 3.6061 -0.2519
vt 3.4600 -0.2818
vt 3.4586 -0.2745
vt 3.6061 1.0841
vt 3.5703 0.7109
vt 3.4241 0.7259
vt 3.4600 1.0991
vt 3.5703 -0.2594
vt 3.5688 -0.2520
vt 3.4227 -0.2815
vt 3.4241 -0.2889
vt 3.5688 0.7109
vt 3.6045 1.0841
vt 3.4586 1.0991
vt 3.4227 0.7259
vt 1.2445 1.0841
vt 1.2519 1.0841
vt 1.2594 0.7109
vt 1.2520 0.7109
vt 1.2205 0.6959
vt 1.2278 0.6959
vt 1.2199 1.0691
vt 1.2125 1.0691
vt 3.7505 -0.2125
vt 3.7521 -0.2199
vt 3.6061 -0.2519
vt 3.6045 -0.2445
vt 3.7521 1.0691
vt 3.7166 0.6959
vt 3.5703 0.7109
vt 3.6061 1.0841
vt 3.7166 -0.2278
vt 3.7149 -0.2205
vt 3.5688 -0.2520
vt 3.5703 -0.2594
vt 3.7149 0.6959
vt 3.7505 1.0691
vt 3.6045 1.0841
vt 3.5688 0.7109
vt 1.2125 1.0691
vt 1.2199 1.0691
vt 1.2278 0.6959
vt 1.2205 0.6959
vt 1.1870 0.6809
vt 1.1943 0.6809
vt 1.1858 1.0541
vt 1.1785 1.0541
vt 3.8964 -0.1785
vt 3.8981 -0.1858
vt 3.7521 -0.2199
vt 3.7505 -0.2125
vt 3.8981 1.0541
vt 3.8628 0.6809
vt 3.7166 0.6959
vt 3.7521 1.0691
vt 3.8628 -0.1943
vt 3.8611 -0.1870
vt 3.7149 -0.2205
vt 3.7166 -0.2278
vt 3.8611 0.6809
vt 3.8964 1.0541
vt 3.7505 1.0691
vt 3.7149 0.6959
vt 1.1785 1.0541
vt 1.1858 1.0541
vt 1.1943 0.6809
vt 1.1870 0.6809
vt 1.1514 0.6659
vt 1.1586 0.6659
vt 1.1498 1.0391
vt 1.1425 1.0391
vt 4.0423 -0.1425
vt 4.0442 -0.1498
vt 3.8981 -0.1858
vt 3.8964 -0.1785
vt 4.0442 1.0391
vt 4.0091 0.6659
vt 3.8628 0.6809
vt 3.8981 1.0541
vt 4.0091 -0.1586
vt 4.0072 -0.1514
vt 3.8611 -0.1870
vt 3.8628 -0.1943
vt 4.0072 0.6659
vt 4.0423 1.0391
vt 3.8964 1.0541
vt 3.8611 0.6809
vt 1.1425 1.0391
vt 1.1498 1.0391
vt 1.1586 0.6659
vt 1.1514 0.6659
vt 1.1137 0.6509
vt 1.1210 0.6509
vt 1.1117 1.0241
vt 1.1044 1.0241
vt 4.1882 -0.1044
vt 4.1902 -0.1117
vt 4.0442 -0.1498
vt 4.0423 -0.1425
vt 4.1902 1.0241
vt 4.1553 0.6509
vt 4.0091 0.6659
vt 4.0442 1.0391
vt 4.1553 -0.1210
vt 4.1534 -0.1137
vt 4.0072 -0.1514
vt 4.0091 -0.1586
vt 4.1534 0.6509
vt 4.1882 1.0241
vt 4.0423 1.0391
vt 4.0072 0.6659
vt 1.1044 1.0241
vt 1.1117 1.0241
vt 1.1210 0.6509
vt 1.1137 0.6509
vt 1.0740 0.6359
vt 1.0812 0.6359
vt 1.0715 1.0091
vt 1.0642 1.0091
vt 4.3342 -0.0642
vt 4.3362 -0.0715
vt 4.1902 -0.1117
vt 4.1882 -0.1044
vt 4.3362 1.0091
vt 4.3016 0.6359
vt 4.1553 0.6509
vt 4.1902 1.0241
vt 4.3016 -0.0812
vt 4.2996 -0.0740
vt 4.1534 -0.1137
vt 4.1553 -0.1210
vt 4.2996 0.6359
vt 4.3342 1.0091
vt 4.1882 1.0241
vt 4.1534 0.6509
vt 1.0642 1.0091
vt 1.0715 1.0091
vt 1.0812 0.6359
vt 1.0740 0.6359
vt 1.0319 0.6209
vt 1.0391 0.6209
vt 1.0290 0.9941
vt 1.0218 0.9941
vt 4.4806 -0.0218
vt 4.4827 -0.0290
vt 4.3362 -0.0715
vt 4.3342 -0.0642
vt 4.4827 0.9941
vt 4.4483 0.6209
vt 4.3016 0.6359
vt 4.3362 1.0091
vt 4.4483 -0.0391
vt 4.4462 -0.0319
vt 4.2996 -0.0740
vt 4.3016 -0.0812
vt 4.4462 0.6209
vt 4.4806 0.9941
vt 4.3342 1.0091
vt 4.2996 0.6359
vt 1.0218 0.9941
vt 1.0290 0.9941
vt 1.0391 0.6209
vt 1.0319 0.6209
vt 0.9871 0.6059
vt 0.9943 0.6059
vt 0.9842 0.9791
vt 0.9770 0.9791
vt 4.6306 0.0230
vt 4.6327 0.0158
vt 4.4827 -0.0290
vt 4.4806 -0.0218
vt 4.6327 0.9791
vt 4.5983 0.6059
vt 4.4483 0.6209
vt 4.4827 0.9941
vt 4.5983 0.0057
vt 4.5962 0.0129
vt 4.4462 -0.0319
vt 4.4483 -0.0391
vt 4.5962 0.6059
vt 4.6306 0.9791
vt 4.4806 0.9941
vt 4.4462 0.6209
vt 0.9770 0.9791
vt 0.9842 0.9791
vt 0.9943 0.6059
vt 0.9871 0.6059
vt 0.9427 0.5909
vt 0.9499 0.5909
vt 0.9402 0.9641
vt 0.9330 0.9641
vt 4.7842 0.0670
vt 4.7862 0.0598
vt 4.6327 0.0158
vt 4.6306 0.0230
vt 4.7862 0.9641
vt 4.7516 0.5909
vt 4.5983 0.6059
vt 4.6327 0.9791
vt 4.7516 0.0501
vt 4.7496 0.0573
vt 4.5962 0.0129
vt 4.5983 0.0057
vt 4.7496 0.5909
vt 4.7842 0.9641
vt 4.6306 0.9791
vt 4.5962 0.6059
vt 0.9330 0.9641
vt 0.9402 0.9641
vt 0.9499 0.5909
vt 0.9427 0.5909
vt 0.9004 0.5759
vt 0.9076 0.5759
vt 0.8983 0.9491
vt 0.8911 0.9491
vt 4.9382 0.1089
vt 4.9402 0.1017
vt 4.7862 0.0598
vt 4.7842 0.0670
vt 4.9402 0.9491
vt 4.9053 0.5759
vt 4.7516 0.5909
vt 4.7862 0.9641
vt 4.9053 0.0924
vt 4.9034 0.0996
vt 4.7496 0.0573
vt 4.7516 0.0501
vt 4.9034 0.5759
vt 4.9382 0.9491
vt 4.7842 0.9641
vt 4.7496 0.5909
vt 0.8911 0.9491
vt 0.8983 0.9491
vt 0.9076 0.5759
vt 0.9004 0.5759
vt 0.8602 0.5609
vt 0.8675 0.5609
vt 0.8586 0.9341
vt 0.8514 0.9341
vt 5.0923 0.1486
vt 5.0942 0.1414
vt 4.9402 0.1017
vt 4.9382 0.1089
vt 5.0942 0.9341
vt 5.0591 0.5609
vt 4.9053 0.5759
vt 4.9402 0.9491
vt 5.0591 0.1325
vt 5.0572 0.1398
vt 4.9034 0.0996
vt 4.9053 0.0924
vt 5.0572 0.5609
vt 5.0923 0.9341
vt 4.9382 0.9491
vt 4.9034 0.5759
vt 0.8514 0.9341
vt 0.8586 0.9341
vt 0.8675 0.5609
vt 0.8602 0.5609
vt 0.8222 0.5459
vt 0.8295 0.5459
vt 0.8211 0.9191
vt 0.8138 0.9191
vt 5.2464 0.1862
vt 5.2481 0.1789
vt 5.0942 0.1414
vt 5.0923 0.1486
vt 5.2481 0.9191
vt 5.2128 0.5459
vt 5.0591 0.5609
vt 5.0942 0.9341
vt 5.2128 0.1705
vt 5.2111 0.1778
vt 5.0572 0.1398
vt 5.0591 0.1325
vt 5.2111 0.5459
vt 5.2464 0.9191
vt 5.0923 0.9341
vt 5.0572 0.5609
vt 0.8138 0.9191
vt 0.8211 0.9191
vt 0.8295 0.5459
vt 0.8222 0.5459
vt 0.7864 0.5309
vt 0.7937 0.5309
vt 0.7858 0.9041
vt 0.7784 0.9041
vt 5.4005 0.2216
vt 5.4021 0.2142
vt 5.2481 0.1789
vt 5.2464 0.1862
vt 5.4021 0.9041
vt 5.3666 0.5309
vt 5.2128 0.5459
vt 5.2481 0.9191
vt 5.3666 0.2063
vt 5.3649 0.2136
vt 5.2111 0.1778
vt 5.2128 0.1705
vt 5.3649 0.5309
vt 5.4005 0.9041
vt 5.2464 0.9191
vt 5.2111 0.5459
vt 0.7784 0.9041
vt 0.7858 0.9041
vt 0.7937 0.5309
vt 0.7864 0.5309
vt 0.7527 0.5159
vt 0.7601 0.5159
vt 0.7525 0.8891
vt 0.7452 0.8891
vt 5.5545 0.2548
vt 5.5561 0.2475
vt 5.4021 0.2142
vt 5.4005 0.2216
vt 5.5561 0.8891
vt 5.5203 0.5159
vt 5.3666 0.5309
vt 5.4021 0.9041
vt 5.5203 0.2399
vt 5.5188 0.2473
vt 5.3649 0.2136
vt 5.3666 0.2063
vt 5.5188 0.5159
vt 5.5545 0.8891
vt 5.4005 0.9041
vt 5.3649 0.5309
vt 0.7452 0.8891
vt 0.7525 0.8891
vt 0.7601 0.5159
vt 0.7527 0.5159
vt 0.7211 0.5009
vt 0.7285 0.5009
vt 0.7214 0.8741
vt 0.7141 0.8741
vt 5.7086 0.2859
vt 5.7100 0.2786
vt 5.5561 0.2475
vt 5.5545 0.2548
vt 5.7100 0.8741
vt 5.6741 0.5009
vt 5.5203 0.5159
vt 5.5561 0.8891
vt 5.6741 0.2715
vt 5.6727 0.2789
vt 5.5188 0.2473
vt 5.5203 0.2399
vt 5.6727 0.5009
vt 5.7086 0.8741
vt 5.5545 0.8891
vt 5.5188 0.5159
vt 0.7141 0.8741
vt 0.7214 0.8741
vt 0.7285 0.5009
vt 0.7211 0.5009
vt 0.6917 0.4859
vt 0.6990 0.4859
vt 0.6924 0.8591
vt 0.6850 0.8591
vt 5.8626 0.3150
vt 5.8640 0.3076
vt 5.7100 0.2786
vt 5.7086 0.2859
vt 5.8640 0.8591
vt 5.8279 0.4859
vt 5.6741 0.5009
vt 5.7100 0.8741
vt 5.8279 0.3010
vt 5.8265 0.3083
vt 5.6727 0.2789
vt 5.6741 0.2715
vt 5.8265 0.4859
vt 5.8626 0.8591
vt 5.7086 0.8741
vt 5.6727 0.5009
vt 0.6850 0.8591
vt 0.6924 0.8591
vt 0.6990 0.4859
vt 0.6917 0.4859
vt 0.6643 0.4710
vt 0.6716 0.4710
vt 0.6655 0.8441
vt 0.6581 0.8441
vt 6.0167 0.3419
vt 6.0179 0.3345
vt 5.8640 0.3076
vt 5.8626 0.3150
vt 6.0179 0.8441
vt 5.9817 0.4710
vt 5.8279 0.4859
vt 5.8640 0.8591
vt 5.9817 0.3284
vt 5.9804 0.3357
vt 5.8265 0.3083
vt 5.8279 0.3010
vt 5.9804 0.4710
vt 6.0167 0.8441
vt 5.8626 0.8591
vt 5.8265 0.4859
vt 0.6581 0.8441
vt 0.6655 0.8441
vt 0.6716 0.4710
vt 0.6643 0.4710
vt 0.6389 0.4560
vt 0.6463 0.4560
vt 0.6406 0.8291
vt 0.6332 0.8291
vt 6.1707 0.3668
vt 6.1719 0.3594
vt 6.0179 0.3345
vt 6.0167 0.3419
vt 6.1719 0.8291
vt 6.1354 0.4560
vt 5.9817 0.4710
vt 6.0179 0.8441
vt 6.1354 0.3537
vt 6.1343 0.3611
vt 5.9804 0.3357
vt 5.9817 0.3284
vt 6.1343 0.4560
vt 6.1707 0.8291
vt 6.0167 0.8441
vt 5.9804 0.4710
vt 0.6332 0.8291
vt 0.6406 0.8291
vt 0.6463 0.4560
vt 0.6389 0.4560
vt 0.6156 0.4410
vt 0.6231 0.4410
vt 0.6178 0.8141
vt 0.6104 0.8141
vt 6.3247 0.3896
vt 6.3258 0.3822
vt 6.1719 0.3594
vt 6.1707 0.3668
vt 6.3258 0.8141
vt 6.2892 0.4410
vt 6.1354 0.4560
vt 6.1719 0.8291
vt 6.2892 0.3769
vt 6.2882 0.3844
vt 6.1343 0.3611
vt 6.1354 0.3537
vt 6.2882 0.4410
vt 6.3247 0.8141
vt 6.1707 0.8291
vt 6.1343 0.4560
vt 0.6104 0.8141
vt 0.6178 0.8141
vt 0.6231 0.4410
vt 0.6156 0.4410
vt 0.5944 0.4260
vt 0.6018 0.4260
vt 0.5971 0.7992
vt 0.5896 0.7992
vt 6.4788 0.4104
vt 6.4797 0.4029
vt 6.3258 0.3822
vt 6.3247 0.3896
vt 6.4797 0.7992
vt 6.4430 0.4260
vt 6.2892 0.4410
vt 6.3258 0.8141
vt 6.4430 0.3982
vt 6.4421 0.4056
vt 6.2882 0.3844
vt 6.2892 0.3769
vt 6.4421 0.4260
vt 6.4788 0.7992
vt 6.3247 0.8141
vt 6.2882 0.4410
vt 0.5896 0.7992
vt 0.5971 0.7992
vt 0.6018 0.4260
vt 0.5944 0.4260
vt 0.5752 0.4110
vt 0.5826 0.4110
vt 0.5783 0.7842
vt 0.5709 0.7842
vt 6.6328 0.4291
vt 6.6336 0.4217
vt 6.4797 0.4029
vt 6.4788 0.4104
vt 6.6336 0.7842
vt 6.5968 0.4110
vt 6.4430 0.4260
vt 6.4797 0.7992
vt 6.5968 0.4174
vt 6.5960 0.4248
vt 6.4421 0.4056
vt 6.4430 0.3982
vt 6.5960 0.4110
vt 6.6328 0.7842
vt 6.4788 0.7992
vt 6.4421 0.4260
vt 0.5709 0.7842
vt 0.5783 0.7842
vt 0.5826 0.4110
vt 0.5752 0.4110
vt 0.5580 0.3960
vt 0.5655 0.3960
vt 0.5616 0.7692
vt 0.5542 0.7692
vt 6.7868 0.4458
vt 6.7876 0.4384
vt 6.6336 0.4217
vt 6.6328 0.4291
vt 6.7876 0.7692
vt 6.7506 0.3960
vt 6.5968 0.4110
vt 6.6336 0.7842
vt 6.7506 0.4345
vt 6.7499 0.4420
vt 6.5960 0.4248
vt 6.5968 0.4174
vt 6.7499 0.3960
vt 6.7868 0.7692
vt 6.6328 0.7842
vt 6.5960 0.4110
vt 0.5542 0.7692
vt 0.5616 0.7692
vt 0.5655 0.3960
vt 0.5580 0.3960
vt 0.5428 0.3810
vt 0.5503 0.3810
vt 0.5470 0.7542
vt 0.5395 0.7542
vt 6.9408 0.4605
vt 6.9415 0.4530
vt 6.7876 0.4384
vt 6.7868 0.4458
vt 6.9415 0.7542
vt 6.9045 0.3810
vt 6.7506 0.3960
vt 6.7876 0.7692
vt 6.9045 0.4497
vt 6.9038 0.4572
vt 6.7499 0.4420
vt 6.7506 0.4345
vt 6.9038 0.3810
vt 6.9408 0.7542
vt 6.7868 0.7692
vt 6.7499 0.3960
vt 0.5395 0.7542
vt 0.5470 0.7542
vt 0.5503 0.3810
vt 0.5428 0.3810
vt 0.5297 0.3660
vt 0.5371 0.3660
vt 0.5343 0.7392
vt 0.5268 0.7392
vt 7.0948 0.4732
vt 7.0954 0.4657
vt 6.9415 0.4530
vt 6.9408 0.4605
vt 7.0954 0.7392
vt 7.0583 0.3660
vt 6.9045 0.3810
vt 6.9415 0.7542
vt 7.0583 0.4629
vt 7.0577 0.4703
vt 6.9038 0.4572
vt 6.9045 0.4497
vt 7.0577 0.3660
vt 7.0948 0.7392
vt 6.9408 0.7542
vt 6.9038 0.3810
vt 0.5268 0.7392
vt 0.5343 0.7392
vt 0.5371 0.3660
vt 0.5297 0.3660
vt 0.5184 0.3509
vt 0.5259 0.3509
vt 0.5236 0.7243
vt 0.5162 0.7243
vt 7.2479 0.4838
vt 7.2484 0.4764
vt 7.0954 0.4657
vt 7.0948 0.4732
vt 7.2484 0.7243
vt 7.2130 0.3509
vt 7.0583 0.3660
vt 7.0954 0.7392
vt 7.2130 0.4741
vt 7.2125 0.4816
vt 7.0577 0.4703
vt 7.0583 0.4629
vt 7.2125 0.3509
vt 7.2479 0.7243
vt 7.0948 0.7392
vt 7.0577 0.3660
vt 0.5162 0.7243
vt 0.5236 0.7243
vt 0.5259 0.3509
vt 0.5184 0.3509
vt 0.5091 0.3371
vt 0.5166 0.3371
vt 0.5151 0.7109
vt 0.5076 0.7109
vt 7.3991 0.4924
vt 7.3995 0.4849
vt 7.2484 0.4764
vt 7.2479 0.4838
vt 7.3995 0.7109
vt 7.3696 0.3371
vt 7.2130 0.3509
vt 7.2484 0.7243
vt 7.3696 0.4834
vt 7.3692 0.4909
vt 7.2125 0.4816
vt 7.2130 0.4741
vt 7.3692 0.3371
vt 7.3991 0.7109
vt 7.2479 0.7243
vt 7.2125 0.3509
vt 0.5076 0.7109
vt 0.5151 0.7109
vt 0.5166 0.3371
vt 0.5091 0.3371
vt 0.5019 0.3263
vt 0.5094 0.3263
vt 0.5085 0.7007
vt 0.5010 0.7007
vt 7.5494 0.4990
vt 7.5496 0.4915
vt 7.3995 0.4849
vt 7.3991 0.4924
vt 7.5496 0.7007
vt 7.5272 0.3263
vt 7.3696 0.3371
vt 7.3995 0.7109
vt 7.5272 0.4906
vt 7.5269 0.4981
vt 7.3692 0.4909
vt 7.3696 0.4834
vt 7.5269 0.3263
vt 7.5494 0.7007
vt 7.3991 0.7109
vt 7.3692 0.3371
vt 0.5010 0.7007
vt 0.5085 0.7007
vt 0.5094 0.3263
vt 0.5019 0.3263
vt 0.4967 0.3187
vt 0.5042 0.3187
vt 0.5038 0.6934
vt 0.4963 0.6934
vt 7.6996 0.5037
vt 7.6998 0.4962
vt 7.5496 0.4915
vt 7.5494 0.4990
vt 7.6998 0.6934
vt 7.6848 0.3187
vt 7.5272 0.3263
vt 7.5496 0.7007
vt 7.6848 0.4958
vt 7.6846 0.5033
vt 7.5269 0.4981
vt 7.5272 0.4906
vt 7.6846 0.3187
vt 7.6996 0.6934
vt 7.5494 0.7007
vt 7.5269 0.3263
vt 0.4963 0.6934
vt 0.5038 0.6934
vt 0.5042 0.3187
vt 0.4967 0.3187
vt 0.4935 0.3140
vt 0.5010 0.3140
vt 0.5009 0.6890
vt 0.4934 0.6890
vt 7.8498 0.5066
vt 7.8499 0.4991
vt 7.6998 0.4962
vt 7.6996 0.5037
vt 7.8499 0.6890
vt 7.8424 0.3140
vt 7.6848 0.3187
vt 7.6998 0.6934
vt 7.8424 0.4990
vt 7.8423 0.5065
vt 7.6846 0.5033
vt 7.6848 0.4958
vt 7.8423 0.3140
vt 7.8498 0.6890
vt 7.6996 0.6934
vt 7.6846 0.3187
vt 0.4934 0.6890
vt 0.5009 0.6890
vt 0.5010 0.3140
vt 0.4935 0.3140
vt 0.4925 0.3125
vt 0.5000 0.3125
vt 0.5000 0.6875
vt 0.4925 0.6875
vt 7.9999 0.5075
vt 7.9999 0.5000
vt 7.8499 0.4991
vt 7.8498 0.5066
vt 7.9999 0.6875
vt 7.9962 0.3125
vt 7.8424 0.3140
vt 7.8499 0.6890
vt 7.9962 0.5000
vt 7.9961 0.5075
vt 7.8423 0.5065
vt 7.8424 0.4990
vt 7.9961 0.3125
vt 7.9999 0.6875
vt 7.8498 0.6890
vt 7.8423 0.3140
vt 1.4991 0.9125
vt 2.0990 0.9125
vt 2.0990 0.9050
vt 1.4991 0.9050
vt 1.4981 0.9035
vt 2.0981 0.9035
vt 2.0981 0.9110
vt 1.4981 0.9110
vt 1.3924 -0.4981
vt 1.4001 -1.0981
vt 1.2501 -1.0990
vt 1.2462 -0.4991
vt 1.4001 0.9110
vt 1.4000 0.9035
vt 1.2500 0.9050
vt 1.2501 0.9125
vt 1.4000 -1.0981
vt 1.3922 -0.4981
vt 1.2461 -0.4991
vt 1.2500 -1.0990
vt 1.3922 0.9035
vt 1.3924 0.9110
vt 1.2462 0.9125
vt 1.2461 0.9050
vt 1.4981 0.9110
vt 2.0981 0.9110
vt 2.0981 0.9035
vt 1.4981 0.9035
vt 1.4955 0.8992
vt 2.0953 0.8992
vt 2.0953 0.9066
vt 1.4955 0.9066
vt 1.5348 -0.4955
vt 1.5502 -1.0953
vt 1.4001 -1.0981
vt 1.3924 -0.4981
vt 1.5502 0.9066
vt 1.5499 0.8992
vt 1.4000 0.9035
vt 1.4001 0.9110
vt 1.5499 -1.0953
vt 1.5345 -0.4955
vt 1.3922 -0.4981
vt 1.4000 -1.0981
vt 1.5345 0.8992
vt 1.5348 0.9066
vt 1.3924 0.9110
vt 1.3922 0.9035
vt 1.4955 0.9066
vt 2.0953 0.9066
vt 2.0953 0.8992
vt 1.4955 0.8992
vt 1.4910 0.8918
vt 2.0906 0.8918
vt 2.0906 0.8993
vt 1.4910 0.8993
vt 1.6772 -0.4910
vt 1.7004 -1.0906
vt 1.5502 -1.0953
vt 1.5348 -0.4955
vt 1.7004 0.8993
vt 1.6999 0.8918
vt 1.5499 0.8992
vt 1.5502 0.9066
vt 1.6999 -1.0906
vt 1.6767 -0.4910
vt 1.5345 -0.4955
vt 1.5499 -1.0953
vt 1.6767 0.8918
vt 1.6772 0.8993
vt 1.5348 0.9066
vt 1.5345 0.8992
vt 1.4910 0.8993
vt 2.0906 0.8993
vt 2.0906 0.8918
vt 1.4910 0.8918
vt 1.4848 0.8816
vt 2.0840 0.8816
vt 2.0840 0.8891
vt 1.4847 0.8891
vt 1.8196 -0.4847
vt 1.8505 -1.0840
vt 1.7004 -1.0906
vt 1.6772 -0.4910
vt 1.8505 0.8891
vt 1.8499 0.8816
vt 1.6999 0.8918
vt 1.7004 0.8993
vt 1.8499 -1.0840
vt 1.8190 -0.4848
vt 1.6767 -0.4910
vt 1.6999 -1.0906
vt 1.8190 0.8816
vt 1.8196 0.8891
vt 1.6772 0.8993
vt 1.6767 0.8918
vt 1.4847 0.8891
vt 2.0840 0.8891
vt 2.0840 0.8816
vt 1.4848 0.8816
vt 1.4767 0.8683
vt 2.0754 0.8683
vt 2.0754 0.8757
vt 1.4766 0.8757
vt 1.9630 -0.4766
vt 2.0016 -1.0754
vt 1.8505 -1.0840
vt 1.8196 -0.4847
vt 2.0016 0.8757
vt 2.0009 0.8683
vt 1.8499 0.8816
vt 1.8505 0.8891
vt 2.0009 -1.0754
vt 1.9623 -0.4767
vt 1.8190 -0.4848
vt 1.8499 -1.0840
vt 1.9623 0.8683
vt 1.9630 0.8757
vt 1.8196 0.8891
vt 1.8190 0.8816
vt 1.4766 0.8757
vt 2.0754 0.8757
vt 2.0754 0.8683
vt 1.4767 0.8683
vt 1.4666 0.8534
vt 2.0648 0.8534
vt 2.0648 0.8608
vt 1.4666 0.8608
vt 2.1083 -0.4666
vt 2.1546 -1.0648
vt 2.0016 -1.0754
vt 1.9630 -0.4766
vt 2.1546 0.8608
vt 2.1539 0.8534
vt 2.0009 0.8683
vt 2.0016 0.8757
vt 2.1539 -1.0648
vt 2.1075 -0.4666
vt 1.9623 -0.4767
vt 2.0009 -1.0754
vt 2.1075 0.8534
vt 2.1083 0.8608
vt 1.9630 0.8757
vt 1.9623 0.8683
vt 1.4666 0.8608
vt 2.0648 0.8608
vt 2.0648 0.8534
vt 1.4666 0.8534
vt 1.4546 0.8384
vt 2.0521 0.8384
vt 2.0521 0.8458
vt 1.4545 0.8458
vt 2.2545 -0.4545
vt 2.3085 -1.0521
vt 2.1546 -1.0648
vt 2.1083 -0.4666
vt 2.3085 0.8458
vt 2.3078 0.8384
vt 2.1539 0.8534
vt 2.1546 0.8608
vt 2.3078 -1.0521
vt 2.2537 -0.4546
vt 2.1075 -0.4666
vt 2.1539 -1.0648
vt 2.2537 0.8384
vt 2.2545 0.8458
vt 2.1083 0.8608
vt 2.1075 0.8534
vt 1.4545 0.8458
vt 2.0521 0.8458
vt 2.0521 0.8384
vt 1.4546 0.8384
vt 1.4407 0.8234
vt 2.0375 0.8234
vt 2.0374 0.8308
vt 1.4406 0.8308
vt 2.4006 -0.4406
vt 2.4624 -1.0374
vt 2.3085 -1.0521
vt 2.2545 -0.4545
vt 2.4624 0.8308
vt 2.4617 0.8234
vt 2.3078 0.8384
vt 2.3085 0.8458
vt 2.4617 -1.0375
vt 2.3999 -0.4407
vt 2.2537 -0.4546
vt 2.3078 -1.0521
vt 2.3999 0.8234
vt 2.4006 0.8308
vt 2.2545 0.8458
vt 2.2537 0.8384
vt 1.4406 0.8308
vt 2.0374 0.8308
vt 2.0375 0.8234
vt 1.4407 0.8234
vt 1.4248 0.8084
vt 2.0208 0.8084
vt 2.0207 0.8158
vt 1.4247 0.8158
vt 2.5468 -0.4247
vt 2.6164 -1.0207
vt 2.4624 -1.0374
vt 2.4006 -0.4406
vt 2.6164 0.8158
vt 2.6156 0.8084
vt 2.4617 0.8234
vt 2.4624 0.8308
vt 2.6156 -1.0208
vt 2.5461 -0.4248
vt 2.3999 -0.4407
vt 2.4617 -1.0375
vt 2.5461 0.8084
vt 2.5468 0.8158
vt 2.4006 0.8308
vt 2.3999 0.8234
vt 1.4247 0.8158
vt 2.0207 0.8158
vt 2.0208 0.8084
vt 1.4248 0.8084
vt 1.4071 0.7934
vt 2.0021 0.7934
vt 2.0020 0.8008
vt 1.4070 0.8008
vt 2.6930 -0.4070
vt 2.7703 -1.0020
vt 2.6164 -1.0207
vt 2.5468 -0.4247
vt 2.7703 0.8008
vt 2.7695 0.7934
vt 2.6156 0.8084
vt 2.6164 0.8158
vt 2.7695 -1.0021
vt 2.6923 -0.4071
vt 2.5461 -0.4248
vt 2.6156 -1.0208
vt 2.6923 0.7934
vt 2.6930 0.8008
vt 2.5468 0.8158
vt 2.5461 0.8084
vt 1.4070 0.8008
vt 2.0020 0.8008
vt 2.0021 0.7934
vt 1.4071 0.7934
vt 1.3874 0.7784
vt 1.9813 0.7784
vt 1.9812 0.7859
vt 1.3873 0.7859
vt 2.8392 -0.3873
vt 2.9242 -0.9812
vt 2.7703 -1.0020
vt 2.6930 -0.4070
vt 2.9242 0.7859
vt 2.9235 0.7784
vt 2.7695 0.7934
vt 2.7703 0.8008
vt 2.9235 -0.9813
vt 2.8385 -0.3874
vt 2.6923 -0.4071
vt 2.7695 -1.0021
vt 2.8385 0.7784
vt 2.8392 0.7859
vt 2.6930 0.8008
vt 2.6923 0.7934
vt 1.3873 0.7859
vt 1.9812 0.7859
vt 1.9813 0.7784
vt 1.3874 0.7784
vt 1.3657 0.7634
vt 1.9585 0.7634
vt 1.9584 0.7709
vt 1.3656 0.7709
vt 2.9854 -0.3656
vt 3.0781 -0.9584
vt 2.9242 -0.9812
vt 2.8392 -0.3873
vt 3.0781 0.7709
vt 3.0774 0.7634
vt 2.9235 0.7784
vt 2.9242 0.7859
vt 3.0774 -0.9585
vt 2.9847 -0.3657
vt 2.8385 -0.3874
vt 2.9235 -0.9813
vt 2.9847 0.7634
vt 2.9854 0.7709
vt 2.8392 0.7859
vt 2.8385 0.7784
vt 1.3656 0.7709
vt 1.9584 0.7709
vt 1.9585 0.7634
vt 1.3657 0.7634
vt 1.3421 0.7484
vt 1.9337 0.7484
vt 1.9335 0.7559
vt 1.3420 0.7559
vt 3.1317 -0.3420
vt 3.2321 -0.9335
vt 3.0781 -0.9584
vt 2.9854 -0.3656
vt 3.2321 0.7559
vt 3.2314 0.7484
vt 3.0774 0.7634
vt 3.0781 0.7709
vt 3.2314 -0.9337
vt 3.1309 -0.3421
vt 2.9847 -0.3657
vt 3.0774 -0.9585
vt 3.1309 0.7484
vt 3.1317 0.7559
vt 2.9854 0.7709
vt 2.9847 0.7634
vt 1.3420 0.7559
vt 1.9335 0.7559
vt 1.9337 0.7484
vt 1.3421 0.7484
vt 1.3166 0.7334
vt 1.9068 0.7334
vt 1.9066 0.7409
vt 1.3164 0.7409
vt 3.2779 -0.3164
vt 3.3860 -0.9066
vt 3.2321 -0.9335
vt 3.1317 -0.3420
vt 3.3860 0.7409
vt 3.3853 0.7334
vt 3.2314 0.7484
vt 3.2321 0.7559
vt 3.3853 -0.9068
vt 3.2772 -0.3166
vt 3.1309 -0.3421
vt 3.2314 -0.9337
vt 3.2772 0.7334
vt 3.2779 0.7409
vt 3.1317 0.7559
vt 3.1309 0.7484
vt 1.3164 0.7409
vt 1.9066 0.7409
vt 1.9068 0.7334
vt 1.3166 0.7334
vt 1.2890 0.7184
vt 1.8778 0.7184
vt 1.8776 0.7259
vt 1.2889 0.7259
vt 3.4241 -0.2889
vt 3.5400 -0.8776
vt 3.3860 -0.9066
vt 3.2779 -0.3164
vt 3.5400 0.7259
vt 3.5393 0.7184
vt 3.3853 0.7334
vt 3.3860 0.7409
vt 3.5393 -0.8778
vt 3.4234 -0.2890
vt 3.2772 -0.3166
vt 3.3853 -0.9068
vt 3.4234 0.7184
vt 3.4241 0.7259
vt 3.2779 0.7409
vt 3.2772 0.7334
vt 1.2889 0.7259
vt 1.8776 0.7259
vt 1.8778 0.7184
vt 1.2890 0.7184
vt 1.2595 0.7034
vt 1.8467 0.7034
vt 1.8465 0.7109
vt 1.2594 0.7109
vt 3.5703 -0.2594
vt 3.6939 -0.8465
vt 3.5400 -0.8776
vt 3.4241 -0.2889
vt 3.6939 0.7109
vt 3.6932 0.7034
vt 3.5393 0.7184
vt 3.5400 0.7259
vt 3.6932 -0.8467
vt 3.5696 -0.2595
vt 3.4234 -0.2890
vt 3.5393 -0.8778
vt 3.5696 0.7034
vt 3.5703 0.7109
vt 3.4241 0.7259
vt 3.4234 0.7184
vt 1.2594 0.7109
vt 1.8465 0.7109
vt 1.8467 0.7034
vt 1.2595 0.7034
vt 1.2280 0.6884
vt 1.8134 0.6884
vt 1.8133 0.6959
vt 1.2278 0.6959
vt 3.7166 -0.2278
vt 3.8479 -0.8133
vt 3.6939 -0.8465
vt 3.5703 -0.2594
vt 3.8479 0.6959
vt 3.8472 0.6884
vt 3.6932 0.7034
vt 3.6939 0.7109
vt 3.8472 -0.8134
vt 3.7159 -0.2280
vt 3.5696 -0.2595
vt 3.6932 -0.8467
vt 3.7159 0.6884
vt 3.7166 0.6959
vt 3.5703 0.7109
vt 3.5696 0.7034
vt 1.2278 0.6959
vt 1.8133 0.6959
vt 1.8134 0.6884
vt 1.2280 0.6884
vt 1.1944 0.6734
vt 1.7781 0.6734
vt 1.7779 0.6809
vt 1.1943 0.6809
vt 3.8628 -0.1943
vt 4.0019 -0.7779
vt 3.8479 -0.8133
vt 3.7166 -0.2278
vt 4.0019 0.6809
vt 4.0012 0.6734
vt 3.8472 0.6884
vt 3.8479 0.6959
vt 4.0012 -0.7781
vt 3.8621 -0.1944
vt 3.7159 -0.2280
vt 3.8472 -0.8134
vt 3.8621 0.6734
vt 3.8628 0.6809
vt 3.7166 0.6959
vt 3.7159 0.6884
vt 1.1943 0.6809
vt 1.7779 0.6809
vt 1.7781 0.6734
vt 1.1944 0.6734
vt 1.1588 0.6584
vt 1.7406 0.6584
vt 1.7404 0.6659
vt 1.1586 0.6659
vt 4.0091 -0.1586
vt 4.1558 -0.7404
vt 4.0019 -0.7779
vt 3.8628 -0.1943
vt 4.1558 0.6659
vt 4.1551 0.6584
vt 4.0012 0.6734
vt 4.0019 0.6809
vt 4.1551 -0.7406
vt 4.0084 -0.1588
vt 3.8621 -0.1944
vt 4.0012 -0.7781
vt 4.0084 0.6584
vt 4.0091 0.6659
vt 3.8628 0.6809
vt 3.8621 0.6734
vt 1.1586 0.6659
vt 1.7404 0.6659
vt 1.7406 0.6584
vt 1.1588 0.6584
vt 1.1211 0.6434
vt 1.7009 0.6434
vt 1.7007 0.6509
vt 1.1210 0.6509
vt 4.1553 -0.1210
vt 4.3098 -0.7007
vt 4.1558 -0.7404
vt 4.0091 -0.1586
vt 4.3098 0.6509
vt 4.3091 0.6434
vt 4.1551 0.6584
vt 4.1558 0.6659
vt 4.3091 -0.7009
vt 4.1546 -0.1211
vt 4.0084 -0.1588
vt 4.1551 -0.7406
vt 4.1546 0.6434
vt 4.1553 0.6509
vt 4.0091 0.6659
vt 4.0084 0.6584
vn -1.0000 0.0000 0.0000
vn 1.0000 0.0000 -0.0000
vn 0.0000 -1.0000 0.0000
vn 0.0000 -0.0000 1.0000
vn 0.0000 1.0000 0.0000
vn 0.0000 -0.0000 -1.0000
vn -1.0000 0.0000 0.0000
vn 1.0000 0.0000 -0.0000
vn 0.0000 -1.0000 0.0000
vn 0.0000 -0.0000 1.0000
vn 0.0000 1.0000 0.0000
vn 0.0000 -0.0000 -1.0000
vn -1.0000 0.0000 0.0000
vn 1.0000 0.0000 -0.0000
vn 0.0000 -1.0000 0.0000
vn 0.0000 -0.0000 1.0000
vn 0.0000 1.0000 0.0000
vn 0.0000 -0.0000 -1.0000
vn -0.9999 -0.0100 0.0064
vn 0.9997 0.0200 -0.0129
vn 0.0099 -1.0000 -0.0001
vn 0.0063 -0.0001 1.0000
vn -0.0098 1.0000 0.0001
vn -0.0066 0.0001 -1.0000
vn -0.9997 -0.0200 0.0129
vn 0.9989 0.0400 -0.0257
vn 0.0292 -0.9996 -0.0008
vn 0.0188 -0.0003 0.9998
vn -0.0292 0.9996 0.0008
vn -0.0198 0.0002 -0.9998
vn -0.9989 -0.0400 0.0257
vn 0.9975 0.0600 -0.0386
vn 0.0487 -0.9988 -0.0019
vn 0.0314 -0.0004 0.9995
vn -0.0487 0.9988 0.0019
vn -0.0330 0.0003 -0.9995
vn -0.9975 -0.0600 0.0386
vn 0.9955 0.0799 -0.0513
vn 0.0681 -0.9977 -0.0035
vn 0.0440 -0.0006 0.9990
vn -0.0681 0.9977 0.0035
vn -0.0462 0.0004 -0.9989
vn -0.9955 -0.0799 0.0513
vn 0.9935 0.0945 -0.0641
vn 0.0874 -0.9962 -0.0056
vn 0.0566 -0.0007 0.9984
vn -0.0874 0.9962 0.0056
vn -0.0593 0.0005 -0.9982
vn -0.9935 -0.0945 0.0641
vn 0.9921 0.0992 -0.0769
vn 0.0964 -0.9953 -0.0075
vn 0.0694 -0.0008 0.9976
vn -0.0965 0.9953 0.0075
vn -0.0724 0.0005 -0.9974
vn -0.9921 -0.0992 0.0769
vn 0.9910 0.0991 -0.0897
vn 0.0962 -0.9953 -0.0087
vn 0.0822 -0.0008 0.9966
vn -0.0963 0.9953 0.0087
vn -0.0853 0.0005 -0.9964
vn -0.9910 -0.0991 0.0897
vn 0.9898 0.0989 -0.1025
vn 0.0960 -0.9953 -0.0099
vn 0.0951 -0.0008 0.9955
vn -0.0960 0.9953 0.0099
vn -0.0982 0.0005 -0.9952
vn -0.9898 -0.0989 0.1025
vn 0.9884 0.0988 -0.1153
vn 0.0957 -0.9953 -0.0112
vn 0.1080 -0.0008 0.9942
vn -0.0958 0.9953 0.0112
vn -0.1110 0.0005 -0.9938
vn -0.9884 -0.0988 0.1153
vn 0.9868 0.0986 -0.1281
vn 0.0954 -0.9954 -0.0124
vn 0.1208 -0.0008 0.9927
vn -0.0955 0.9954 0.0124
vn -0.1239 0.0005 -0.9923
vn -0.9868 -0.0986 0.1281
vn 0.9851 0.0985 -0.1409
vn 0.0951 -0.9954 -0.0136
vn 0.1337 -0.0008 0.9910
vn -0.0951 0.9954 0.0136
vn -0.1368 0.0005 -0.9906
vn -0.9851 -0.0985 0.1409
vn 0.9832 0.0983 -0.1538
vn 0.0947 -0.9954 -0.0148
vn 0.1466 -0.0008 0.9892
vn -0.0948 0.9954 0.0148
vn -0.1496 0.0005 -0.9887
vn -0.9832 -0.0983 0.1538
vn 0.9811 0.0981 -0.1666
vn 0.0943 -0.9954 -0.0160
vn 0.1595 -0.0008 0.9872
vn -0.0944 0.9954 0.0160
vn -0.1625 0.0005 -0.9867
vn -0.9811 -0.0981 0.1666
vn 0.9789 0.0979 -0.1794
vn 0.0939 -0.9954 -0.0172
vn 0.1724 -0.0008 0.9850
vn -0.0940 0.9954 0.0172
vn -0.1754 0.0005 -0.9845
vn -0.9789 -0.0979 0.1794
vn 0.9765 0.0976 -0.1922
vn 0.0935 -0.9955 -0.0184
vn 0.1852 -0.0008 0.9827
vn -0.0935 0.9954 0.0184
vn -0.1882 0.0005 -0.9821
vn -0.9765 -0.0976 0.1922
vn 0.9739 0.0974 -0.2050
vn 0.0930 -0.9955 -0.0196
vn 0.1981 -0.0008 0.9802
vn -0.0930 0.9955 0.0196
vn -0.2011 0.0005 -0.9796
vn -0.9739 -0.0974 0.2050
vn 0.9711 0.0971 -0.2178
vn 0.0924 -0.9955 -0.0207
vn 0.2110 -0.0008 0.9775
vn -0.0925 0.9955 0.0208
vn -0.2140 0.0005 -0.9768
vn -0.9711 -0.0971 0.2178
vn 0.9682 0.0968 -0.2307
vn 0.0919 -0.9955 -0.0219
vn 0.2239 -0.0008 0.9746
vn -0.0920 0.9955 0.0219
vn -0.2268 0.0005 -0.9739
vn -0.9682 -0.0968 0.2307
vn 0.9651 0.0965 -0.2435
vn 0.0913 -0.9956 -0.0230
vn 0.2368 -0.0008 0.9716
vn -0.0914 0.9956 0.0231
vn -0.2397 0.0005 -0.9708
vn -0.9651 -0.0965 0.2435
vn 0.9618 0.0961 -0.2563
vn 0.0907 -0.9956 -0.0242
vn 0.2497 -0.0008 0.9683
vn -0.0908 0.9956 0.0242
vn -0.2526 0.0005 -0.9676
vn -0.9618 -0.0961 0.2563
vn 0.9583 0.0958 -0.2691
vn 0.0900 -0.9956 -0.0253
vn 0.2625 -0.0008 0.9649
vn -0.0901 0.9956 0.0253
vn -0.2654 0.0005 -0.9641
vn -0.9583 -0.0958 0.2691
vn 0.9551 0.0955 -0.2803
vn 0.0897 -0.9956 -0.0263
vn 0.2756 -0.0006 0.9613
vn -0.0897 0.9956 0.0263
vn -0.2781 0.0004 -0.9606
vn -0.9551 -0.0955 0.2803
vn 0.9551 0.0955 -0.2803
vn 0.0915 -0.9954 -0.0269
vn 0.2864 0.0005 0.9581
vn -0.0915 0.9954 0.0269
vn -0.2864 -0.0005 -0.9581
vn -0.9551 -0.0955 0.2803
vn 0.9583 0.0958 -0.2691
vn 0.0942 -0.9952 -0.0265
vn 0.2781 0.0008 0.9606
vn -0.0942 0.9952 0.0264
vn -0.2754 -0.0005 -0.9613
vn -0.9583 -0.0958 0.2691
vn 0.9618 0.0961 -0.2563
vn 0.0952 -0.9951 -0.0254
vn 0.2654 0.0008 0.9641
vn -0.0952 0.9951 0.0254
vn -0.2623 -0.0005 -0.9650
vn -0.9618 -0.0961 0.2563
vn 0.9651 0.0965 -0.2435
vn 0.0959 -0.9951 -0.0242
vn 0.2525 0.0008 0.9676
vn -0.0958 0.9951 0.0242
vn -0.2495 -0.0005 -0.9684
vn -0.9651 -0.0965 0.2435
vn 0.9682 0.0968 -0.2307
vn 0.0965 -0.9951 -0.0230
vn 0.2396 0.0008 0.9709
vn -0.0965 0.9951 0.0230
vn -0.2366 -0.0005 -0.9716
vn -0.9682 -0.0968 0.2307
vn 0.9711 0.0971 -0.2178
vn 0.0971 -0.9950 -0.0218
vn 0.2268 0.0008 0.9739
vn -0.0971 0.9950 0.0218
vn -0.2237 -0.0005 -0.9747
vn -0.9711 -0.0971 0.2178
vn 0.9739 0.0974 -0.2050
vn 0.0977 -0.9950 -0.0206
vn 0.2139 0.0008 0.9769
vn -0.0976 0.9950 0.0206
vn -0.2108 -0.0005 -0.9775
vn -0.9739 -0.0974 0.2050
vn 0.9765 0.0976 -0.1922
vn 0.0982 -0.9950 -0.0193
vn 0.2011 0.0008 0.9796
vn -0.0982 0.9950 0.0193
vn -0.1979 -0.0005 -0.9802
vn -0.9765 -0.0976 0.1922
vn 0.9789 0.0979 -0.1794
vn 0.0987 -0.9950 -0.0181
vn 0.1882 0.0008 0.9821
vn -0.0987 0.9950 0.0181
vn -0.1850 -0.0005 -0.9827
vn -0.9789 -0.0979 0.1794
vn 0.9811 0.0981 -0.1666
vn 0.0992 -0.9949 -0.0168
vn 0.1753 0.0008 0.9845
vn -0.0991 0.9949 0.0168
vn -0.1722 -0.0005 -0.9851
vn -0.9811 -0.0981 0.1666
vn 0.9832 0.0983 -0.1538
vn 0.0996 -0.9949 -0.0156
vn 0.1625 0.0008 0.9867
vn -0.0995 0.9949 0.0156
vn -0.1593 -0.0005 -0.9872
vn -0.9832 -0.0983 0.1538
vn 0.9851 0.0985 -0.1409
vn 0.1000 -0.9949 -0.0143
vn 0.1496 0.0008 0.9887
vn -0.0999 0.9949 0.0143
vn -0.1464 -0.0005 -0.9892
vn -0.9851 -0.0985 0.1409
vn 0.9868 0.0986 -0.1281
vn 0.1004 -0.9949 -0.0130
vn 0.1367 0.0008 0.9906
vn -0.1003 0.9949 0.0130
vn -0.1335 -0.0005 -0.9910
vn -0.9868 -0.0986 0.1281
vn 0.9884 0.0988 -0.1153
vn 0.1007 -0.9948 -0.0117
vn 0.1238 0.0008 0.9923
vn -0.1006 0.9949 0.0117
vn -0.1206 -0.0005 -0.9927
vn -0.9884 -0.0988 0.1153
vn 0.9898 0.0989 -0.1025
vn 0.1010 -0.9948 -0.0105
vn 0.1110 0.0008 0.9938
vn -0.1009 0.9948 0.0105
vn -0.1078 -0.0005 -0.9942
vn -0.9898 -0.0989 0.1025
vn 0.9910 0.0991 -0.0897
vn 0.1013 -0.9948 -0.0092
vn 0.0981 0.0008 0.9952
vn -0.1012 0.9948 0.0092
vn -0.0949 -0.0005 -0.9955
vn -0.9910 -0.0991 0.0897
vn 0.9921 0.0992 -0.0769
vn 0.1015 -0.9948 -0.0079
vn 0.0852 0.0008 0.9964
vn -0.1014 0.9948 0.0079
vn -0.0820 -0.0005 -0.9966
vn -0.9921 -0.0992 0.0769
vn 0.9935 0.0945 -0.0641
vn 0.1017 -0.9948 -0.0066
vn 0.0723 0.0008 0.9974
vn -0.1016 0.9948 0.0066
vn -0.0692 -0.0005 -0.9976
vn -0.9935 -0.0945 0.0641
vn 0.9955 0.0799 -0.0513
vn 0.0922 -0.9957 -0.0048
vn 0.0593 0.0006 0.9982
vn -0.0920 0.9957 0.0047
vn -0.0564 -0.0004 -0.9984
vn -0.9955 -0.0799 0.0513
vn 0.9975 0.0600 -0.0386
vn 0.0718 -0.9974 -0.0028
vn 0.0462 0.0005 0.9989
vn -0.0717 0.9974 0.0028
vn -0.0439 -0.0003 -0.9990
vn -0.9975 -0.0600 0.0386
vn 0.9989 0.0400 -0.0257
vn 0.0513 -0.9987 -0.0013
vn 0.0330 0.0003 0.9995
vn -0.0512 0.9987 0.0013
vn -0.0313 -0.0002 -0.9995
vn -0.9989 -0.0400 0.0257
vn 0.9997 0.0200 -0.0129
vn 0.0308 -0.9995 -0.0004
vn 0.0198 0.0001 0.9998
vn -0.0308 0.9995 0.0004
vn -0.0188 -0.0001 -0.9998
vn -0.9997 -0.0200 0.0129
vn 0.9999 0.0100 -0.0064
vn 0.0101 -0.9999 -0.0001
vn 0.0066 0.0000 1.0000
vn -0.0102 0.9999 0.0001
vn -0.0062 0.0000 -1.0000
vn -0.9999 -0.0100 0.0064
vn 0.9997 0.0200 -0.0129
vn 0.0102 -0.9999 -0.0001
vn 0.0062 -0.0001 1.0000
vn -0.0101 0.9999 0.0001
vn -0.0066 0.0001 -1.0000
vn -0.9997 -0.0200 0.0129
vn 0.9989 0.0400 -0.0257
vn 0.0308 -0.9995 -0.0008
vn 0.0188 -0.0003 0.9998
vn -0.0308 0.9995 0.0008
vn -0.0198 0.0002 -0.9998
vn -0.9989 -0.0400 0.0257
vn 0.9975 0.0600 -0.0386
vn 0.0512 -0.9987 -0.0020
vn 0.0314 -0.0004 0.9995
vn -0.0513 0.9987 0.0020
vn -0.0330 0.0003 -0.9995
vn -0.9975 -0.0600 0.0386
vn 0.9955 0.0799 -0.0513
vn 0.0716 -0.9974 -0.0037
vn 0.0439 -0.0006 0.9990
vn -0.0718 0.9974 0.0037
vn -0.0462 0.0004 -0.9989
vn -0.9955 -0.0799 0.0513
vn 0.9935 0.0945 -0.0641
vn 0.0919 -0.9957 -0.0059
vn 0.0565 -0.0007 0.9984
vn -0.0922 0.9957 0.0059
vn -0.0594 0.0005 -0.9982
vn -0.9935 -0.0945 0.0641
vn 0.9921 0.0992 -0.0769
vn 0.1015 -0.9948 -0.0079
vn 0.0693 -0.0008 0.9976
vn -0.1016 0.9948 0.0079
vn -0.0724 0.0005 -0.9974
vn -0.9921 -0.0992 0.0769
vn 0.9910 0.0991 -0.0897
vn 0.1013 -0.9948 -0.0092
vn 0.0821 -0.0008 0.9966
vn -0.1014 0.9948 0.0092
vn -0.0854 0.0005 -0.9963
vn -0.9910 -0.0991 0.0897
vn 0.9898 0.0989 -0.1025
vn 0.1011 -0.9948 -0.0105
vn 0.0950 -0.0008 0.9955
vn -0.1011 0.9948 0.0105
vn -0.0982 0.0005 -0.9952
vn -0.9898 -0.0989 0.1025
vn 0.9884 0.0988 -0.1153
vn 0.1008 -0.9948 -0.0118
vn 0.1079 -0.0008 0.9942
vn -0.1008 0.9948 0.0118
vn -0.1111 0.0005 -0.9938
vn -0.9884 -0.0988 0.1153
vn 0.9868 0.0986 -0.1281
vn 0.1005 -0.9949 -0.0130
vn 0.1208 -0.0008 0.9927
vn -0.1005 0.9948 0.0131
vn -0.1240 0.0005 -0.9923
vn -0.9868 -0.0986 0.1281
vn 0.9851 0.0985 -0.1409
vn 0.1001 -0.9949 -0.0143
vn 0.1336 -0.0008 0.9910
vn -0.1002 0.9949 0.0143
vn -0.1368 0.0005 -0.9906
vn -0.9851 -0.0985 0.1409
vn 0.9832 0.0983 -0.1538
vn 0.0997 -0.9949 -0.0156
vn 0.1465 -0.0008 0.9892
vn -0.0998 0.9949 0.0156
vn -0.1497 0.0005 -0.9887
vn -0.9832 -0.0983 0.1538
vn 0.9811 0.0981 -0.1666
vn 0.0993 -0.9949 -0.0169
vn 0.1594 -0.0008 0.9872
vn -0.0994 0.9949 0.0169
vn -0.1626 0.0005 -0.9867
vn -0.9811 -0.0981 0.1666
vn 0.9789 0.0979 -0.1794
vn 0.0989 -0.9949 -0.0181
vn 0.1723 -0.0008 0.9850
vn -0.0990 0.9949 0.0181
vn -0.1754 0.0005 -0.9845
vn -0.9789 -0.0979 0.1794
vn 0.9765 0.0976 -0.1922
vn 0.0984 -0.9950 -0.0194
vn 0.1852 -0.0008 0.9827
vn -0.0985 0.9950 0.0194
vn -0.1883 0.0005 -0.9821
vn -0.9765 -0.0976 0.1922
vn 0.9739 0.0974 -0.2050
vn 0.0979 -0.9950 -0.0206
vn 0.1981 -0.0008 0.9802
vn -0.0980 0.9950 0.0206
vn -0.2012 0.0005 -0.9796
vn -0.9739 -0.0974 0.2050
vn 0.9711 0.0971 -0.2178
vn 0.0973 -0.9950 -0.0218
vn 0.2109 -0.0008 0.9775
vn -0.0974 0.9950 0.0219
vn -0.2140 0.0005 -0.9768
vn -0.9711 -0.0971 0.2178
vn 0.9682 0.0968 -0.2307
vn 0.0968 -0.9950 -0.0231
vn 0.2238 -0.0008 0.9746
vn -0.0968 0.9950 0.0231
vn -0.2269 0.0005 -0.9739
vn -0.9682 -0.0968 0.2307
vn 0.9651 0.0965 -0.2435
vn 0.0962 -0.9951 -0.0243
vn 0.2367 -0.0008 0.9716
vn -0.0962 0.9951 0.0243
vn -0.2398 0.0005 -0.9708
vn -0.9651 -0.0965 0.2435
vn 0.9618 0.0961 -0.2563
vn 0.0955 -0.9951 -0.0255
vn 0.2496 -0.0008 0.9684
vn -0.0956 0.9951 0.0255
vn -0.2526 0.0005 -0.9676
vn -0.9618 -0.0961 0.2563
vn 0.9583 0.0958 -0.2691
vn 0.0948 -0.9951 -0.0266
vn 0.2625 -0.0008 0.9649
vn -0.0949 0.9951 0.0266
vn -0.2655 0.0005 -0.9641
vn -0.9583 -0.0958 0.2691
vn 0.9551 0.0955 -0.2803
vn 0.0938 -0.9952 -0.0275
vn 0.2756 -0.0006 0.9613
vn -0.0939 0.9952 0.0276
vn -0.2782 0.0003 -0.9605
vn -0.9551 -0.0955 0.2803
vn 0.9551 0.0955 -0.2803
vn 0.0915 -0.9954 -0.0269
vn 0.2864 0.0005 0.9581
vn -0.0915 0.9954 0.0269
vn -0.2864 -0.0005 -0.9581
vn -0.9551 -0.0955 0.2803
vn 0.9583 0.0958 -0.2691
vn 0.0901 -0.9956 -0.0253
vn 0.2780 0.0008 0.9606
vn -0.0900 0.9956 0.0253
vn -0.2755 -0.0005 -0.9613
vn -0.9583 -0.0958 0.2691
vn 0.9618 0.0961 -0.2563
vn 0.0904 -0.9956 -0.0241
vn 0.2653 0.0008 0.9642
vn -0.0904 0.9956 0.0241
vn -0.2624 -0.0005 -0.9650
vn -0.9618 -0.0961 0.2563
vn 0.9651 0.0965 -0.2435
vn 0.0911 -0.9956 -0.0230
vn 0.2524 0.0008 0.9676
vn -0.0910 0.9956 0.0230
vn -0.2495 -0.0005 -0.9684
vn -0.9651 -0.0965 0.2435
vn 0.9682 0.0968 -0.2307
vn 0.0917 -0.9956 -0.0218
vn 0.2396 0.0008 0.9709
vn -0.0916 0.9956 0.0218
vn -0.2367 -0.0005 -0.9716
vn -0.9682 -0.0968 0.2307
vn 0.9711 0.0971 -0.2178
vn 0.0922 -0.9955 -0.0207
vn 0.2267 0.0008 0.9740
vn -0.0922 0.9955 0.0207
vn -0.2238 -0.0005 -0.9746
vn -0.9711 -0.0971 0.2178
vn 0.9739 0.0974 -0.2050
vn 0.0928 -0.9955 -0.0195
vn 0.2138 0.0008 0.9769
vn -0.0927 0.9955 0.0195
vn -0.2109 -0.0005 -0.9775
vn -0.9739 -0.0974 0.2050
vn 0.9765 0.0976 -0.1922
vn 0.0933 -0.9955 -0.0184
vn 0.2010 0.0008 0.9796
vn -0.0932 0.9955 0.0183
vn -0.1980 -0.0005 -0.9802
vn -0.9765 -0.0976 0.1922
vn 0.9789 0.0979 -0.1794
vn 0.0937 -0.9954 -0.0172
vn 0.1881 0.0008 0.9821
vn -0.0937 0.9955 0.0172
vn -0.1851 -0.0005 -0.9827
vn -0.9789 -0.0979 0.1794
vn 0.9811 0.0981 -0.1666
vn 0.0942 -0.9954 -0.0160
vn 0.1752 0.0008 0.9845
vn -0.0941 0.9954 0.0160
vn -0.1722 -0.0005 -0.9851
vn -0.9811 -0.0981 0.1666
vn 0.9832 0.0983 -0.1538
vn 0.0946 -0.9954 -0.0148
vn 0.1624 0.0008 0.9867
vn -0.0945 0.9954 0.0148
vn -0.1594 -0.0005 -0.9872
vn -0.9832 -0.0983 0.1538
vn 0.9851 0.0985 -0.1409
vn 0.0950 -0.9954 -0.0136
vn 0.1495 0.0008 0.9888
vn -0.0949 0.9954 0.0136
vn -0.1465 -0.0005 -0.9892
vn -0.9851 -0.0985 0.1409
vn 0.9868 0.0986 -0.1281
vn 0.0953 -0.9954 -0.0124
vn 0.1366 0.0008 0.9906
vn -0.0953 0.9954 0.0124
vn -0.1336 -0.0005 -0.9910
vn -0.9868 -0.0986 0.1281
vn 0.9884 0.0988 -0.1153
vn 0.0956 -0.9954 -0.0112
vn 0.1238 0.0008 0.9923
vn -0.0956 0.9954 0.0111
vn -0.1207 -0.0005 -0.9927
vn -0.9884 -0.0988 0.1153
vn 0.9898 0.0989 -0.1025
vn 0.0959 -0.9953 -0.0099
vn 0.1109 0.0008 0.9938
vn -0.0958 0.9953 0.0099
vn -0.1078 -0.0005 -0.9942
vn -0.9898 -0.0989 0.1025
vn 0.9910 0.0991 -0.0897
vn 0.0962 -0.9953 -0.0087
vn 0.0980 0.0008 0.9952
vn -0.0961 0.9953 0.0087
vn -0.0950 -0.0005 -0.9955
vn -0.9910 -0.0991 0.0897
vn 0.9921 0.0992 -0.0769
vn 0.0964 -0.9953 -0.0075
vn 0.0852 0.0008 0.9964
vn -0.0963 0.9953 0.0075
vn -0.0821 -0.0005 -0.9966
vn -0.9921 -0.0992 0.0769
vn 0.9935 0.0945 -0.0641
vn 0.0966 -0.9953 -0.0062
vn 0.0722 0.0007 0.9974
vn -0.0965 0.9953 0.0062
vn -0.0692 -0.0005 -0.9976
vn -0.9935 -0.0945 0.0641
vn 0.9955 0.0799 -0.0513
vn 0.0875 -0.9962 -0.0045
vn 0.0592 0.0006 0.9982
vn -0.0874 0.9962 0.0045
vn -0.0565 -0.0004 -0.9984
vn -0.9955 -0.0799 0.0513
vn 0.9975 0.0600 -0.0386
vn 0.0681 -0.9977 -0.0026
vn 0.0461 0.0004 0.9989
vn -0.0681 0.9977 0.0026
vn -0.0439 -0.0003 -0.9990
vn -0.9975 -0.0600 0.0386
vn 0.9989 0.0400 -0.0257
vn 0.0487 -0.9988 -0.0013
vn 0.0329 0.0003 0.9995
vn -0.0487 0.9988 0.0013
vn -0.0314 -0.0002 -0.9995
vn -0.9989 -0.0400 0.0257
vn 0.9997 0.0200 -0.0129
vn 0.0292 -0.9996 -0.0004
vn 0.0198 0.0001 0.9998
vn -0.0292 0.9996 0.0004
vn -0.0188 -0.0001 -0.9998
vn -0.9997 -0.0200 0.0129
vn 0.9999 0.0100 -0.0064
vn 0.0098 -1.0000 -0.0001
vn 0.0066 0.0000 1.0000
vn -0.0099 1.0000 0.0001
vn -0.0063 0.0000 -1.0000
vn -0.9999 -0.0100 0.0064
vn 0.9997 0.0200 -0.0129
vn 0.0098 -1.0000 -0.0001
vn 0.0063 -0.0001 1.0000
vn -0.0101 0.9999 0.0001
vn -0.0062 0.0001 -1.0000
vn -0.9997 -0.0200 0.0129
vn 0.9989 0.0400 -0.0257
vn 0.0292 -0.9996 -0.0008
vn 0.0188 -0.0003 0.9998
vn -0.0308 0.9995 0.0008
vn -0.0188 0.0003 -0.9998
vn -0.9989 -0.0400 0.0257
vn 0.9975 0.0600 -0.0386
vn 0.0487 -0.9988 -0.0019
vn 0.0314 -0.0004 0.9995
vn -0.0513 0.9987 0.0020
vn -0.0314 0.0004 -0.9995
vn -0.9975 -0.0600 0.0386
vn 0.9955 0.0799 -0.0513
vn 0.0681 -0.9977 -0.0035
vn 0.0439 -0.0006 0.9990
vn -0.0717 0.9974 0.0037
vn -0.0439 0.0006 -0.9990
vn -0.9955 -0.0799 0.0513
vn 0.9935 0.0945 -0.0641
vn 0.0874 -0.9962 -0.0056
vn 0.0566 -0.0007 0.9984
vn -0.0921 0.9957 0.0059
vn -0.0565 0.0007 -0.9984
vn -0.9935 -0.0945 0.0641
vn 0.9921 0.0992 -0.0769
vn 0.0965 -0.9953 -0.0075
vn 0.0693 -0.0008 0.9976
vn -0.1015 0.9948 0.0079
vn -0.0693 0.0008 -0.9976
vn -0.9921 -0.0992 0.0769
vn 0.9910 0.0991 -0.0897
vn 0.0963 -0.9953 -0.0087
vn 0.0821 -0.0008 0.9966
vn -0.1013 0.9948 0.0092
vn -0.0821 0.0008 -0.9966
vn -0.9910 -0.0991 0.0897
vn 0.9898 0.0989 -0.1025
vn 0.0960 -0.9953 -0.0099
vn 0.0950 -0.0008 0.9955
vn -0.1011 0.9948 0.0105
vn -0.0950 0.0008 -0.9955
vn -0.9898 -0.0989 0.1025
vn 0.9884 0.0988 -0.1153
vn 0.0958 -0.9953 -0.0112
vn 0.1079 -0.0008 0.9942
vn -0.1008 0.9948 0.0118
vn -0.1079 0.0008 -0.9942
vn -0.9884 -0.0988 0.1153
vn 0.9868 0.0986 -0.1281
vn 0.0955 -0.9954 -0.0124
vn 0.1208 -0.0008 0.9927
vn -0.1005 0.9949 0.0130
vn -0.1208 0.0008 -0.9927
vn -0.9868 -0.0986 0.1281
vn 0.9851 0.0985 -0.1409
vn 0.0951 -0.9954 -0.0136
vn 0.1337 -0.0008 0.9910
vn -0.1001 0.9949 0.0143
vn -0.1336 0.0008 -0.9910
vn -0.9851 -0.0985 0.1409
vn 0.9832 0.0983 -0.1538
vn 0.0948 -0.9954 -0.0148
vn 0.1465 -0.0008 0.9892
vn -0.0997 0.9949 0.0156
vn -0.1465 0.0008 -0.9892
vn -0.9832 -0.0983 0.1538
vn 0.9811 0.0981 -0.1666
vn 0.0944 -0.9954 -0.0160
vn 0.1594 -0.0008 0.9872
vn -0.0993 0.9949 0.0169
vn -0.1594 0.0008 -0.9872
vn -0.9811 -0.0981 0.1666
vn 0.9789 0.0979 -0.1794
vn 0.0940 -0.9954 -0.0172
vn 0.1723 -0.0008 0.9850
vn -0.0989 0.9949 0.0181
vn -0.1723 0.0008 -0.9850
vn -0.9789 -0.0979 0.1794
vn 0.9765 0.0976 -0.1922
vn 0.0935 -0.9954 -0.0184
vn 0.1852 -0.0008 0.9827
vn -0.0984 0.9950 0.0194
vn -0.1852 0.0008 -0.9827
vn -0.9765 -0.0976 0.1922
vn 0.9739 0.0974 -0.2050
vn 0.0930 -0.9955 -0.0196
vn 0.1981 -0.0008 0.9802
vn -0.0979 0.9950 0.0206
vn -0.1981 0.0008 -0.9802
vn -0.9739 -0.0974 0.2050
vn 0.9711 0.0971 -0.2178
vn 0.0925 -0.9955 -0.0208
vn 0.2110 -0.0008 0.9775
vn -0.0973 0.9950 0.0218
vn -0.2109 0.0008 -0.9775
vn -0.9711 -0.0971 0.2178
vn 0.9682 0.0968 -0.2307
vn 0.0920 -0.9955 -0.0219
vn 0.2238 -0.0008 0.9746
vn -0.0968 0.9950 0.0231
vn -0.2238 0.0008 -0.9746
vn -0.9682 -0.0968 0.2307
vn 0.9651 0.0965 -0.2435
vn 0.0914 -0.9956 -0.0231
vn 0.2367 -0.0008 0.9716
vn -0.0962 0.9951 0.0243
vn -0.2367 0.0008 -0.9716
vn -0.9651 -0.0965 0.2435
vn 0.9618 0.0961 -0.2563
vn 0.0908 -0.9956 -0.0242
vn 0.2496 -0.0008 0.9683
vn -0.0955 0.9951 0.0255
vn -0.2496 0.0008 -0.9684
f 1/1/1 2/2/1 3/3/1 4/4/1
f 8/5/2 7/6/2 6/7/2 5/8/2
f 5/9/3 6/10/3 2/11/3 1/12/3
f 6/13/4 7/14/4 3/15/4 2/16/4
f 7/17/5 8/18/5 4/19/5 3/20/5
f 8/21/6 5/22/6 1/23/6 4/24/6
f 9/25/7 10/26/7 11/27/7 12/28/7
f 16/29/8 15/30/8 14/31/8 13/32/8
f 13/33/9 14/34/9 10/35/9 9/36/9
f 14/37/10 15/38/10 11/39/10 10/40/10
f 15/41/11 16/42/11 12/43/11 11/44/11
f 16/45/12 13/46/12 9/47/12 12/48/12
f 17/49/13 18/50/13 19/51/13 20/52/13
f 24/53/14 23/54/14 22/55/14 21/56/14
f 21/57/15 22/58/15 18/59/15 17/60/15
f 22/61/16 23/62/16 19/63/16 18/64/16
f 23/65/17 24/66/17 20/67/17 19/68/17
f 24/69/18 21/70/18 17/71/18 20/72/18
f 25/73/19 26/74/19 27/75/19 28/76/19
f 32/77/20 31/78/20 30/79/20 29/80/20
f 29/81/21 30/82/21 26/83/21 25/84/21
f 30/85/22 31/86/22 27/87/22 26/88/22
f 31/89/23 32/90/23 28/91/23 27/92/23
f 32/93/24 29/94/24 25/95/24 28/96/24
f 33/97/25 34/98/25 35/99/25 36/100/25
f 40/101/26 39/102/26 38/103/26 37/104/26
f 37/105/27 38/106/27 34/107/27 33/108/27
f 38/109/28 39/110/28 35/111/28 34/112/28
f 39/113/29 40/114/29 36/115/29 35/116/29
f 40/117/30 37/118/30 33/119/30 36/120/30
f 41/121/31 42/122/31 43/123/31 44/124/31
f 48/125/32 47/126/32 46/127/32 45/128/32
f 45/129/33 46/130/33 42/131/33 41/132/33
f 46/133/34 47/134/34 43/135/34 42/136/34
f 47/137/35 48/138/35 44/139/35 43/140/35
f 48/141/36 45/142/36 41/143/36 44/144/36
f 49/145/37 50/146/37 51/147/37 52/148/37
f 56/149/38 55/150/38 54/151/38 53/152/38
f 53/153/39 54/154/39 50/155/39 49/156/39
f 54/157/40 55/158/40 51/159/40 50/160/40
f 55/161/41 56/162/41 52/163/41 51/164/41
f 56/165/42 53/166/42 49/167/42 52/168/42
f 57/169/43 58/170/43 59/171/43 60/172/43
f 64/173/44 63/174/44 62/175/44 61/176/44
f 61/177/45 62/178/45 58/179/45 57/180/45
f 62/181/46 63/182/46 59/183/46 58/184/46
f 63/185/47 64/186/47 60/187/47 59/188/47
f 64/189/48 61/190/48 57/191/48 60/192/48
f 65/193/49 66/194/49 67/195/49 68/196/49
f 72/197/50 71/198/50 70/199/50 69/200/50
f 69/201/51 70/202/51 66/203/51 65/204/51
f 70/205/52 71/206/52 67/207/52 66/208/52
f 71/209/53 72/210/53 68/211/53 67/212/53
f 72/213/54 69/214/54 65/215/54 68/216/54
f 73/217/55 74/218/55 75/219/55 76/220/55
f 80/221/56 79/222/56 78/223/56 77/224/56
f 77/225/57 78/226/57 74/227/57 73/228/57
f 78/229/58 79/230/58 75/231/58 74/232/58
f 79/233/59 80/234/59 76/235/59 75/236/59
f 80/237/60 77/238/60 73/239/60 76/240/60
f 81/241/61 82/242/61 83/243/61 84/244/61
f 88/245/62 87/246/62 86/247/62 85/248/62
f 85/249/63 86/250/63 82/251/63 81/252/63
f 86/253/64 87/254/64 83/255/64 82/256/64
f 87/257/65 88/258/65 84/259/65 83/260/65
f 88/261/66 85/262/66 81/263/66 84/264/66
f 89/265/67 90/266/67 91/267/67 92/268/67
f 96/269/68 95/270/68 94/271/68 93/272/68
f 93/273/69 94/274/69 90/275/69 89/276/69
f 94/277/70 95/278/70 91/279/70 90/280/70
f 95/281/71 96/282/71 92/283/71 91/284/71
f 96/285/72 93/286/72 89/287/72 92/288/72
f 97/289/73 98/290/73 99/291/73 100/292/73
f 104/293/74 103/294/74 102/295/74 101/296/74
f 101/297/75 102/298/75 98/299/75 97/300/75
f 102/301/76 103/302/76 99/303/76 98/304/76
f 103/305/77 104/306/77 100/307/77 99/308/77
f 104/309/78 101/310/78 97/311/78 100/312/78
f 105/313/79 106/314/79 107/315/79 108/316/79
f 112/317/80 111/318/80 110/319/80 109/320/80
f 109/321/81 110/322/81 106/323/81 105/324/81
f 110/325/82 111/326/82 107/327/82 106/328/82
f 111/329/83 112/330/83 108/331/83 107/332/83
f 112/333/84 109/334/84 105/335/84 108/336/84
f 113/337/85 114/338/85 115/339/85 116/340/85
f 120/341/86 119/342/86 118/343/86 117/344/86
f 117/345/87 118/346/87 114/347/87 113/348/87
f 118/349/88 119/350/88 115/351/88 114/352/88
f 119/353/89 120/354/89 116/355/89 115/356/89
f 120/357/90 117/358/90 113/359/90 116/360/90
f 121/361/91 122/362/91 123/363/91 124/364/91
f 128/365/92 127/366/92 126/367/92 125/368/92
f 125/369/93 126/370/93 122/371/93 121/372/93
f 126/373/94 127/374/94 123/375/94 122/376/94
f 127/377/95 128/378/95 124/379/95 123/380/95
f 128/381/96 125/382/96 121/383/96 124/384/96
f 129/385/97 130/386/97 131/387/97 132/388/97
f 136/389/98 135/390/98 134/391/98 133/392/98
f 133/393/99 134/394/99 130/395/99 129/396/99
f 134/397/100 135/398/100 131/399/100 130/400/100
f 135/401/101 136/402/101 132/403/101 131/404/101
f 136/405/102 133/406/102 129/407/102 132/408/102
f 137/409/103 138/410/103 139/411/103 140/412/103
f 144/413/104 143/414/104 142/415/104 141/416/104
f 141/417/105 142/418/105 138/419/105 137/420/105
f 142/421/106 143/422/106 139/423/106 138/424/106
f 143/425/107 144/426/107 140/427/107 139/428/107
f 144/429/108 141/430/108 137/431/108 140/432/108
f 145/433/109 146/434/109 147/435/109 148/436/109
f 152/437/110 151/438/110 150/439/110 149/440/110
f 149/441/111 150/442/111 146/443/111 145/444/111
f 150/445/112 151/446/112 147/447/112 146/448/112
f 151/449/113 152/450/113 148/451/113 147/452/113
f 152/453/114 149/454/114 145/455/114 148/456/114
f 153/457/115 154/458/115 155/459/115 156/460/115
f 160/461/116 159/462/116 158/463/116 157/464/116
f 157/465/117 158/466/117 154/467/117 153/468/117
f 158/469/118 159/470/118 155/471/118 154/472/118
f 159/473/119 160/474/119 156/475/119 155/476/119
f 160/477/120 157/478/120 153/479/120 156/480/120
f 161/481/121 162/482/121 163/483/121 164/484/121
f 168/485/122 167/486/122 166/487/122 165/488/122
f 165/489/123 166/490/123 162/491/123 161/492/123
f 166/493/124 167/494/124 163/495/124 162/496/124
f 167/497/125 168/498/125 164/499/125 163/500/125
f 168/501/126 165/502/126 161/503/126 164/504/126
f 169/505/127 170/506/127 171/507/127 172/508/127
f 176/509/128 175/510/128 174/511/128 173/512/128
f 173/513/129 174/514/129 170/515/129 169/516/129
f 174/517/130 175/518/130 171/519/130 170/520/130
f 175/521/131 176/522/131 172/523/131 171/524/131
f 176/525/132 173/526/132 169/527/132 172/528/132
f 177/529/133 178/530/133 179/531/133 180/532/133
f 184/533/134 183/534/134 182/535/134 181/536/134
f 181/537/135 182/538/135 178/539/135 177/540/135
f 182/541/136 183/542/136 179/543/136 178/544/136
f 183/545/137 184/546/137 180/547/137 179/548/137
f 184/549/138 181/550/138 177/551/138 180/552/138
f 185/553/139 186/554/139 187/555/139 188/556/139
f 192/557/140 191/558/140 190/559/140 189/560/140
f 189/561/141 190/562/141 186/563/141 185/564/141
f 190/565/142 191/566/142 187/567/142 186/568/142
f 191/569/143 192/570/143 188/571/143 187/572/143
f 192/573/144 189/574/144 185/575/144 188/576/144
f 193/577/145 194/578/145 195/579/145 196/580/145
f 200/581/146 199/582/146 198/583/146 197/584/146
f 197/585/147 198/586/147 194/587/147 193/588/147
f 198/589/148 199/590/148 195/591/148 194/592/148
f 199/593/149 200/594/149 196/595/149 195/596/149
f 200/597/150 197/598/150 193/599/150 196/600/150
f 201/601/151 202/602/151 203/603/151 204/604/151
f 208/605/152 207/606/152 206/607/152 205/608/152
f 205/609/153 206/610/153 202/611/153 201/612/153
f 206/613/154 207/614/154 203/615/154 202/616/154
f 207/617/155 208/618/155 204/619/155 203/620/155
f 208/621/156 205/622/156 201/623/156 204/624/156
f 209/625/157 210/626/157 211/627/157 212/628/157
f 216/629/158 215/630/158 214/631/158 213/632/158
f 213/633/159 214/634/159 210/635/159 209/636/159
f 214/637/160 215/638/160 211/639/160 210/640/160
f 215/641/161 216/642/161 212/643/161 211/644/161
f 216/645/162 213/646/162 209/647/162 212/648/162
f 217/649/163 218/650/163 219/651/163 220/652/163
f 224/653/164 223/654/164 222/655/164 221/656/164
f 221/657/165 222/658/165 218/659/165 217/660/165
f 222/661/166 223/662/166 219/663/166 218/664/166
f 223/665/167 224/666/167 220/667/167 219/668/167
f 224/669/168 221/670/168 217/671/168 220/672/168
f 225/673/169 226/674/169 227/675/169 228/676/169
f 232/677/170 231/678/170 230/679/170 229/680/170
f 229/681/171 230/682/171 226/683/171 225/684/171
f 230/685/172 231/686/172 227/687/172 226/688/172
f 231/689/173 232/690/173 228/691/173 227/692/173
f 232/693/174 229/694/174 225/695/174 228/696/174
f 233/697/175 234/698/175 235/699/175 236/700/175
f 240/701/176 239/702/176 238/703/176 237/704/176
f 237/705/177 238/706/177 234/707/177 233/708/177
f 238/709/178 239/710/178 235/711/178 234/712/178
f 239/713/179 240/714/179 236/715/179 235/716/179
f 240/717/180 237/718/180 233/719/180 236/720/180
f 241/721/181 242/722/181 243/723/181 244/724/181
f 248/725/182 247/726/182 246/727/182 245/728/182
f 245/729/183 246/730/183 242/731/183 241/732/183
f 246/733/184 247/734/184 243/735/184 242/736/184
f 247/737/185 248/738/185 244/739/185 243/740/185
f 248/741/186 245/742/186 241/743/186 244/744/186
f 249/745/187 250/746/187 251/747/187 252/748/187
f 256/749/188 255/750/188 254/751/188 253/752/188
f 253/753/189 254/754/189 250/755/189 249/756/189
f 254/757/190 255/758/190 251/759/190 250/760/190
f 255/761/191 256/762/191 252/763/191 251/764/191
f 256/765/192 253/766/192 249/767/192 252/768/192
f 257/769/193 258/770/193 259/771/193 260/772/193
f 264/773/194 263/774/194 262/775/194 261/776/194
f 261/777/195 262/778/195 258/779/195 257/780/195
f 262/781/196 263/782/196 259/783/196 258/784/196
f 263/785/197 264/786/197 260/787/197 259/788/197
f 264/789/198 261/790/198 257/791/198 260/792/198
f 265/793/199 266/794/199 267/795/199 268/796/199
f 272/797/200 271/798/200 270/799/200 269/800/200
f 269/801/201 270/802/201 266/803/201 265/804/201
f 270/805/202 271/806/202 267/807/202 266/808/202
f 271/809/203 272/810/203 268/811/203 267/812/203
f 272/813/204 269/814/204 265/815/204 268/816/204
f 273/817/205 274/818/205 275/819/205 276/820/205
f 280/821/206 279/822/206 278/823/206 277/824/206
f 277/825/207 278/826/207 274/827/207 273/828/207
f 278/829/208 279/830/208 275/831/208 274/832/208
f 279/833/209 280/834/209 276/835/209 275/836/209
f 280/837/210 277/838/210 273/839/210 276/840/210
f 281/841/211 282/842/211 283/843/211 284/844/211
f 288/845/212 287/846/212 286/847/212 285/848/212
f 285/849/213 286/850/213 282/851/213 281/852/213
f 286/853/214 287/854/214 283/855/214 282/856/214
f 287/857/215 288/858/215 284/859/215 283/860/215
f 288/861/216 285/862/216 281/863/216 284/864/216
f 289/865/217 290/866/217 291/867/217 292/868/217
f 296/869/218 295/870/218 294/871/218 293/872/218
f 293/873/219 294/874/219 290/875/219 289/876/219
f 294/877/220 295/878/220 291/879/220 290/880/220
f 295/881/221 296/882/221 292/883/221 291/884/221
f 296/885/222 293/886/222 289/887/222 292/888/222
f 297/889/223 298/890/223 299/891/223 300/892/223
f 304/893/224 303/894/224 302/895/224 301/896/224
f 301/897/225 302/898/225 298/899/225 297/900/225
f 302/901/226 303/902/226 299/903/226 298/904/226
f 303/905/227 304/906/227 300/907/227 299/908/227
f 304/909/228 301/910/228 297/911/228 300/912/228
f 305/913/229 306/914/229 307/915/229 308/916/229
f 312/917/230 311/918/230 310/919/230 309/920/230
f 309/921/231 310/922/231 306/923/231 305/924/231
f 310/925/232 311/926/232 307/927/232 306/928/232
f 311/929/233 312/930/233 308/931/233 307/932/233
f 312/933/234 309/934/234 305/935/234 308/936/234
f 313/937/235 314/938/235 315/939/235 316/940/235
f 320/941/236 319/942/236 318/943/236 317/944/236
f 317/945/237 318/946/237 314/947/237 313/948/237
f 318/949/238 319/950/238 315/951/238 314/952/238
f 319/953/239 320/954/239 316/955/239 315/956/239
f 320/957/240 317/958/240 313/959/240 316/960/240
f 321/961/241 322/962/241 323/963/241 324/964/241
f 328/965/242 327/966/242 326/967/242 325/968/242
f 325/969/243 326/970/243 322/971/243 321/972/243
f 326/973/244 327/974/244 323/975/244 322/976/244
f 327/977/245 328/978/245 324/979/245 323/980/245
f 328/981/246 325/982/246 321/983/246 324/984/246
f 329/985/247 330/986/247 331/987/247 332/988/247
f 336/989/248 335/990/248 334/991/248 333/992/248
f 333/993/249 334/994/249 330/995/249 329/996/249
f 334/997/250 335/998/250 331/999/250 330/1000/250
f 335/1001/251 336/1002/251 332/1003/251 331/1004/251
f 336/1005/252 333/1006/252 329/1007/252 332/1008/252
f 337/1009/253 338/1010/253 339/1011/253 340/1012/253
f 344/1013/254 343/1014/254 342/1015/254 341/1016/254
f 341/1017/255 342/1018/255 338/1019/255 337/1020/255
f 342/1021/256 343/1022/256 339/1023/256 338/1024/256
f 343/1025/257 344/1026/257 340/1027/257 339/1028/257
f 344/1029/258 341/1030/258 337/1031/258 340/1032/258
f 345/1033/259 346/1034/259 347/1035/259 348/1036/259
f 352/1037/260 351/1038/260 350/1039/260 349/1040/260
f 349/1041/261 350/1042/261 346/1043/261 345/1044/261
f 350/1045/262 351/1046/262 347/1047/262 346/1048/262
f 351/1049/263 352/1050/263 348/1051/263 347/1052/263
f 352/1053/264 349/1054/264 345/1055/264 348/1056/264
f 353/1057/265 354/1058/265 355/1059/265 356/1060/265
f 360/1061/266 359/1062/266 358/1063/266 357/1064/266
f 357/1065/267 358/1066/267 354/1067/267 353/1068/267
f 358/1069/268 359/1070/268 355/1071/268 354/1072/268
f 359/1073/269 360/1074/269 356/1075/269 355/1076/269
f 360/1077/270 357/1078/270 353/1079/270 356/1080/270
f 361/1081/271 362/1082/271 363/1083/271 364/1084/271
f 368/1085/272 367/1086/272 366/1087/272 365/1088/272
f 365/1089/273 366/1090/273 362/1091/273 361/1092/273
f 366/1093/274 367/1094/274 363/1095/274 362/1096/274
f 367/1097/275 368/1098/275 364/1099/275 363/1100/275
f 368/1101/276 365/1102/276 361/1103/276 364/1104/276
f 369/1105/277 370/1106/277 371/1107/277 372/1108/277
f 376/1109/278 375/1110/278 374/1111/278 373/1112/278
f 373/1113/279 374/1114/279 370/1115/279 369/1116/279
f 374/1117/280 375/1118/280 371/1119/280 370/1120/280
f 375/1121/281 376/1122/281 372/1123/281 371/1124/281
f 376/1125/282 373/1126/282 369/1127/282 372/1128/282
f 377/1129/283 378/1130/283 379/1131/283 380/1132/283
f 384/1133/284 383/1134/284 382/1135/284 381/1136/284
f 381/1137/285 382/1138/285 378/1139/285 377/1140/285
f 382/1141/286 383/1142/286 379/1143/286 378/1144/286
f 383/1145/287 384/1146/287 380/1147/287 379/1148/287
f 384/1149/288 381/1150/288 377/1151/288 380/1152/288
f 385/1153/289 386/1154/289 387/1155/289 388/1156/289
f 392/1157/290 391/1158/290 390/1159/290 389/1160/290
f 389/1161/291 390/1162/291 386/1163/291 385/1164/291
f 390/1165/292 391/1166/292 387/1167/292 386/1168/292
f 391/1169/293 392/1170/293 388/1171/293 387/1172/293
f 392/1173/294 389/1174/294 385/1175/294 388/1176/294
f 393/1177/295 394/1178/295 395/1179/295 396/1180/295
f 400/1181/296 399/1182/296 398/1183/296 397/1184/296
f 397/1185/297 398/1186/297 394/1187/297 393/1188/297
f 398/1189/298 399/1190/298 395/1191/298 394/1192/298
f 399/1193/299 400/1194/299 396/1195/299 395/1196/299
f 400/1197/300 397/1198/300 393/1199/300 396/1200/300
f 401/1201/301 402/1202/301 403/1203/301 404/1204/301
f 408/1205/302 407/1206/302 406/1207/302 405/1208/302
f 405/1209/303 406/1210/303 402/1211/303 401/1212/303
f 406/1213/304 407/1214/304 403/1215/304 402/1216/304
f 407/1217/305 408/1218/305 404/1219/305 403/1220/305
f 408/1221/306 405/1222/306 401/1223/306 404/1224/306
f 409/1225/307 410/1226/307 411/1227/307 412/1228/307
f 416/1229/308 415/1230/308 414/1231/308 413/1232/308
f 413/1233/309 414/1234/309 410/1235/309 409/1236/309
f 414/1237/310 415/1238/310 411/1239/310 410/1240/310
f 415/1241/311 416/1242/311 412/1243/311 411/1244/311
f 416/1245/312 413/1246/312 409/1247/312 412/1248/312
f 417/1249/313 418/1250/313 419/1251/313 420/1252/313
f 424/1253/314 423/1254/314 422/1255/314 421/1256/314
f 421/1257/315 422/1258/315 418/1259/315 417/1260/315
f 422/1261/316 423/1262/316 419/1263/316 418/1264/316
f 423/1265/317 424/1266/317 420/1267/317 419/1268/317
f 424/1269/318 421/1270/318 417/1271/318 420/1272/318
f 425/1273/319 426/1274/319 427/1275/319 428/1276/319
f 432/1277/320 431/1278/320 430/1279/320 429/1280/320
f 429/1281/321 430/1282/321 426/1283/321 425/1284/321
f 430/1285/322 431/1286/322 427/1287/322 426/1288/322
f 431/1289/323 432/1290/323 428/1291/323 427/1292/323
f 432/1293/324 429/1294/324 425/1295/324 428/1296/324
f 433/1297/325 434/1298/325 435/1299/325 436/1300/325
f 440/1301/326 439/1302/326 438/1303/326 437/1304/326
f 437/1305/327 438/1306/327 434/1307/327 433/1308/327
f 438/1309/328 439/1310/328 435/1311/328 434/1312/328
f 439/1313/329 440/1314/329 436/1315/329 435/1316/329
f 440/1317/330 437/1318/330 433/1319/330 436/1320/330
f 441/1321/331 442/1322/331 443/1323/331 444/1324/331
f 448/1325/332 447/1326/332 446/1327/332 445/1328/332
f 445/1329/333 446/1330/333 442/1331/333 441/1332/333
f 446/1333/334 447/1334/334 443/1335/334 442/1336/334
f 447/1337/335 448/1338/335 444/1339/335 443/1340/335
f 448/1341/336 445/1342/336 441/1343/336 444/1344/336
f 449/1345/337 450/1346/337 451/1347/337 452/1348/337
f 456/1349/338 455/1350/338 454/1351/338 453/1352/338
f 453/1353/339 454/1354/339 450/1355/339 449/1356/339
f 454/1357/340 455/1358/340 451/1359/340 450/1360/340
f 455/1361/341 456/1362/341 452/1363/341 451/1364/341
f 456/1365/342 453/1366/342 449/1367/342 452/1368/342
f 457/1369/343 458/1370/343 459/1371/343 460/1372/343
f 464/1373/344 463/1374/344 462/1375/344 461/1376/344
f 461/1377/345 462/1378/345 458/1379/345 457/1380/345
f 462/1381/346 463/1382/346 459/1383/346 458/1384/346
f 463/1385/347 464/1386/347 460/1387/347 459/1388/347
f 464/1389/348 461/1390/348 457/1391/348 460/1392/348
f 465/1393/349 466/1394/349 467/1395/349 468/1396/349
f 472/1397/350 471/1398/350 470/1399/350 469/1400/350
f 469/1401/351 470/1402/351 466/1403/351 465/1404/351
f 470/1405/352 471/1406/352 467/1407/352 466/1408/352
f 471/1409/353 472/1410/353 468/1411/353 467/1412/353
f 472/1413/354 469/1414/354 465/1415/354 468/1416/354
f 473/1417/355 474/1418/355 475/1419/355 476/1420/355
f 480/1421/356 479/1422/356 478/1423/356 477/1424/356
f 477/1425/357 478/1426/357 474/1427/357 473/1428/357
f 478/1429/358 479/1430/358 475/1431/358 474/1432/358
f 479/1433/359 480/1434/359 476/1435/359 475/1436/359
f 480/1437/360 477/1438/360 473/1439/360 476/1440/360
f 481/1441/361 482/1442/361 483/1443/361 484/1444/361
f 488/1445/362 487/1446/362 486/1447/362 485/1448/362
f 485/1449/363 486/1450/363 482/1451/363 481/1452/363
f 486/1453/364 487/1454/364 483/1455/364 482/1456/364
f 487/1457/365 488/1458/365 484/1459/365 483/1460/365
f 488/1461/366 485/1462/366 481/1463/366 484/1464/366
f 489/1465/367 490/1466/367 491/1467/367 492/1468/367
f 496/1469/368 495/1470/368 494/1471/368 493/1472/368
f 493/1473/369 494/1474/369 490/1475/369 489/1476/369
f 494/1477/370 495/1478/370 491/1479/370 490/1480/370
f 495/1481/371 496/1482/371 492/1483/371 491/1484/371
f 496/1485/372 493/1486/372 489/1487/372 492/1488/372
f 497/1489/373 498/1490/373 499/1491/373 500/1492/373
f 504/1493/374 503/1494/374 502/1495/374 501/1496/374
f 501/1497/375 502/1498/375 498/1499/375 497/1500/375
f 502/1501/376 503/1502/376 499/1503/376 498/1504/376
f 503/1505/377 504/1506/377 500/1507/377 499/1508/377
f 504/1509/378 501/1510/378 497/1511/378 500/1512/378
f 505/1513/379 506/1514/379 507/1515/379 508/1516/379
f 512/1517/380 511/1518/380 510/1519/380 509/1520/380
f 509/1521/381 510/1522/381 506/1523/381 505/1524/381
f 510/1525/382 511/1526/382 507/1527/382 506/1528/382
f 511/1529/383 512/1530/383 508/1531/383 507/1532/383
f 512/1533/384 509/1534/384 505/1535/384 508/1536/384
f 513/1537/385 514/1538/385 515/1539/385 516/1540/385
f 520/1541/386 519/1542/386 518/1543/386 517/1544/386
f 517/1545/387 518/1546/387 514/1547/387 513/1548/387
f 518/1549/388 519/1550/388 515/1551/388 514/1552/388
f 519/1553/389 520/1554/389 516/1555/389 515/1556/389
f 520/1557/390 517/1558/390 513/1559/390 516/1560/390
f 521/1561/391 522/1562/391 523/1563/391 524/1564/391
f 528/1565/392 527/1566/392 526/1567/392 525/1568/392
f 525/1569/393 526/1570/393 522/1571/393 521/1572/393
f 526/1573/394 527/1574/394 523/1575/394 522/1576/394
f 527/1577/395 528/1578/395 524/1579/395 523/1580/395
f 528/1581/396 525/1582/396 521/1583/396 524/1584/396
f 529/1585/397 530/1586/397 531/1587/397 532/1588/397
f 536/1589/398 535/1590/398 534/1591/398 533/1592/398
f 533/1593/399 534/1594/399 530/1595/399 529/1596/399
f 534/1597/400 535/1598/400 531/1599/400 530/1600/400
f 535/1601/401 536/1602/401 532/1603/401 531/1604/401
f 536/1605/402 533/1606/402 529/1607/402 532/1608/402
f 537/1609/403 538/1610/403 539/1611/403 540/1612/403
f 544/1613/404 543/1614/404 542/1615/404 541/1616/404
f 541/1617/405 542/1618/405 538/1619/405 537/1620/405
f 542/1621/406 543/1622/406 539/1623/406 538/1624/406
f 543/1625/407 544/1626/407 540/1627/407 539/1628/407
f 544/1629/408 541/1630/408 537/1631/408 540/1632/408
f 545/1633/409 546/1634/409 547/1635/409 548/1636/409
f 552/1637/410 551/1638/410 550/1639/410 549/1640/410
f 549/1641/411 550/1642/411 546/1643/411 545/1644/411
f 550/1645/412 551/1646/412 547/1647/412 546/1648/412
f 551/1649/413 552/1650/413 548/1651/413 547/1652/413
f 552/1653/414 549/1654/414 545/1655/414 548/1656/414
f 553/1657/415 554/1658/415 555/1659/415 556/1660/415
f 560/1661/416 559/1662/416 558/1663/416 557/1664/416
f 557/1665/417 558/1666/417 554/1667/417 553/1668/417
f 558/1669/418 559/1670/418 555/1671/418 554/1672/418
f 559/1673/419 560/1674/419 556/1675/419 555/1676/419
f 560/1677/420 557/1678/420 553/1679/420 556/1680/420
f 561/1681/421 562/1682/421 563/1683/421 564/1684/421
f 568/1685/422 567/1686/422 566/1687/422 565/1688/422
f 565/1689/423 566/1690/423 562/1691/423 561/1692/423
f 566/1693/424 567/1694/424 563/1695/424 562/1696/424
f 567/1697/425 568/1698/425 564/1699/425 563/1700/425
f 568/1701/426 565/1702/426 561/1703/426 564/1704/426
f 569/1705/427 570/1706/427 571/1707/427 572/1708/427
f 576/1709/428 575/1710/428 574/1711/428 573/1712/428
f 573/1713/429 574/1714/429 570/1715/429 569/1716/429
f 574/1717/430 575/1718/430 571/1719/430 570/1720/430
f 575/1721/431 576/1722/431 572/1723/431 571/1724/431
f 576/1725/432 573/1726/432 569/1727/432 572/1728/432
f 577/1729/433 578/1730/433 579/1731/433 580/1732/433
f 584/1733/434 583/1734/434 582/1735/434 581/1736/434
f 581/1737/435 582/1738/435 578/1739/435 577/1740/435
f 582/1741/436 583/1742/436 579/1743/436 578/1744/436
f 583/1745/437 584/1746/437 580/1747/437 579/1748/437
f 584/1749/438 581/1750/438 577/1751/438 580/1752/438
f 585/1753/439 586/1754/439 587/1755/439 588/1756/439
f 592/1757/440 591/1758/440 590/1759/440 589/1760/440
f 589/1761/441 590/1762/441 586/1763/441 585/1764/441
f 590/1765/442 591/1766/442 587/1767/442 586/1768/442
f 591/1769/443 592/1770/443 588/1771/443 587/1772/443
f 592/1773/444 589/1774/444 585/1775/444 588/1776/444
f 593/1777/445 594/1778/445 595/1779/445 596/1780/445
f 600/1781/446 599/1782/446 598/1783/446 597/1784/446
f 597/1785/447 598/1786/447 594/1787/447 593/1788/447
f 598/1789/448 599/1790/448 595/1791/448 594/1792/448
f 599/1793/449 600/1794/449 596/1795/449 595/1796/449
f 600/1797/450 597/1798/450 593/1799/450 596/1800/450
f 601/1801/451 602/1802/451 603/1803/451 604/1804/451
f 608/1805/452 607/1806/452 606/1807/452 605/1808/452
f 605/1809/453 606/1810/453 602/1811/453 601/1812/453
f 606/1813/454 607/1814/454 603/1815/454 602/1816/454
f 607/1817/455 608/1818/455 604/1819/455 603/1820/455
f 608/1821/456 605/1822/456 601/1823/456 604/1824/456
f 609/1825/457 610/1826/457 611/1827/457 612/1828/457
f 616/1829/458 615/1830/458 614/1831/458 613/1832/458
f 613/1833/459 614/1834/459 610/1835/459 609/1836/459
f 614/1837/460 615/1838/460 611/1839/460 610/1840/460
f 615/1841/461 616/1842/461 612/1843/461 611/1844/461
f 616/1845/462 613/1846/462 609/1847/462 612/1848/462
f 617/1849/463 618/1850/463 619/1851/463 620/1852/463
f 624/1853/464 623/1854/464 622/1855/464 621/1856/464
f 621/1857/465 622/1858/465 618/1859/465 617/1860/465
f 622/1861/466 623/1862/466 619/1863/466 618/1864/466
f 623/1865/467 624/1866/467 620/1867/467 619/1868/467
f 624/1869/468 621/1870/468 617/1871/468 620/1872/468
f 625/1873/469 626/1874/469 627/1875/469 628/1876/469
f 632/1877/470 631/1878/470 630/1879/470 629/1880/470
f 629/1881/471 630/1882/471 626/1883/471 625/1884/471
f 630/1885/472 631/1886/472 627/1887/472 626/1888/472
f 631/1889/473 632/1890/473 628/1891/473 627/1892/473
f 632/1893/474 629/1894/474 625/1895/474 628/1896/474
f 633/1897/475 634/1898/475 635/1899/475 636/1900/475
f 640/1901/476 639/1902/476 638/1903/476 637/1904/476
f 637/1905/477 638/1906/477 634/1907/477 633/1908/477
f 638/1909/478 639/1910/478 635/1911/478 634/1912/478
f 639/1913/479 640/1914/479 636/1915/479 635/1916/479
f 640/1917/480 637/1918/480 633/1919/480 636/1920/480
f 641/1921/481 642/1922/481 643/1923/481 644/1924/481
f 648/1925/482 647/1926/482 646/1927/482 645/1928/482
f 645/1929/483 646/1930/483 642/1931/483 641/1932/483
f 646/1933/484 647/1934/484 643/1935/484 642/1936/484
f 647/1937/485 648/1938/485 644/1939/485 643/1940/485
f 648/1941/486 645/1942/486 641/1943/486 644/1944/486
f 649/1945/487 650/1946/487 651/1947/487 652/1948/487
f 656/1949/488 655/1950/488 654/1951/488 653/1952/488
f 653/1953/489 654/1954/489 650/1955/489 649/1956/489
f 654/1957/490 655/1958/490 651/1959/490 650/1960/490
f 655/1961/491 656/1962/491 652/1963/491 651/1964/491
f 656/1965/492 653/1966/492 649/1967/492 652/1968/492
f 657/1969/493 658/1970/493 659/1971/493 660/1972/493
f 664/1973/494 663/1974/494 662/1975/494 661/1976/494
f 661/1977/495 662/1978/495 658/1979/495 657/1980/495
f 662/1981/496 663/1982/496 659/1983/496 658/1984/496
f 663/1985/497 664/1986/497 660/1987/497 659/1988/497
f 664/1989/498 661/1990/498 657/1991/498 660/1992/498
f 665/1993/499 666/1994/499 667/1995/499 668/1996/499
f 672/1997/500 671/1998/500 670/1999/500 669/2000/500
f 669/2001/501 670/2002/501 666/2003/501 665/2004/501
f 670/2005/502 671/2006/502 667/2007/502 666/2008/502
f 671/2009/503 672/2010/503 668/2011/503 667/2012/503
f 672/2013/504 669/2014/504 665/2015/504 668/2016/504
f 673/2017/505 674/2018/505 675/2019/505 676/2020/505
f 680/2021/506 679/2022/506 678/2023/506 677/2024/506
f 677/2025/507 678/2026/507 674/2027/507 673/2028/507
f 678/2029/508 679/2030/508 675/2031/508 674/2032/508
f 679/2033/509 680/2034/509 676/2035/509 675/2036/509
f 680/2037/510 677/2038/510 673/2039/510 676/2040/510
f 681/2041/511 682/2042/511 683/2043/511 684/2044/511
f 688/2045/512 687/2046/512 686/2047/512 685/2048/512
f 685/2049/513 686/2050/513 682/2051/513 681/2052/513
f 686/2053/514 687/2054/514 683/2055/514 682/2056/514
f 687/2057/515 688/2058/515 684/2059/515 683/2060/515
f 688/2061/516 685/2062/516 681/2063/516 684/2064/516
f 689/2065/517 690/2066/517 691/2067/517 692/2068/517
f 696/2069/518 695/2070/518 694/2071/518 693/2072/518
f 693/2073/519 694/2074/519 690/2075/519 689/2076/519
f 694/2077/520 695/2078/520 691/2079/520 690/2080/520
f 695/2081/521 696/2082/521 692/2083/521 691/2084/521
f 696/2085/522 693/2086/522 689/2087/522 692/2088/522
f 697/2089/523 698/2090/523 699/2091/523 700/2092/523
f 704/2093/524 703/2094/524 702/2095/524 701/2096/524
f 701/2097/525 702/2098/525 698/2099/525 697/2100/525
f 702/2101/526 703/2102/526 699/2103/526 698/2104/526
f 703/2105/527 704/2106/527 700/2107/527 699/2108/527
f 704/2109/528 701/2110/528 697/2111/528 700/2112/528
f 705/2113/529 706/2114/529 707/2115/529 708/2116/529
f 712/2117/530 711/2118/530 710/2119/530 709/2120/530
f 709/2121/531 710/2122/531 706/2123/531 705/2124/531
f 710/2125/532 711/2126/532 707/2127/532 706/2128/532
f 711/2129/533 712/2130/533 708/2131/533 707/2132/533
f 712/2133/534 709/2134/534 705/2135/534 708/2136/534
f 713/2137/535 714/2138/535 715/2139/535 716/2140/535
f 720/2141/536 719/2142/536 718/2143/536 717/2144/536
f 717/2145/537 718/2146/537 714/2147/537 713/2148/537
f 718/2149/538 719/2150/538 715/2151/538 714/2152/538
f 719/2153/539 720/2154/539 716/2155/539 715/2156/539
f 720/2157/540 717/2158/540 713/2159/540 716/2160/540
f 721/2161/541 722/2162/541 723/2163/541 724/2164/541
f 728/2165/542 727/2166/542 726/2167/542 725/2168/542
f 725/2169/543 726/2170/543 722/2171/543 721/2172/543
f 726/2173/544 727/2174/544 723/2175/544 722/2176/544
f 727/2177/545 728/2178/545 724/2179/545 723/2180/545
f 728/2181/546 725/2182/546 721/2183/546 724/2184/546
f 729/2185/547 730/2186/547 731/2187/547 732/2188/547
f 736/2189/548 735/2190/548 734/2191/548 733/2192/548
f 733/2193/549 734/2194/549 730/2195/549 729/2196/549
f 734/2197/550 735/2198/550 731/2199/550 730/2200/550
f 735/2201/551 736/2202/551 732/2203/551 731/2204/551
f 736/2205/552 733/2206/552 729/2207/552 732/2208/552
f 737/2209/553 738/2210/553 739/2211/553 740/2212/553
f 744/2213/554 743/2214/554 742/2215/554 741/2216/554
f 741/2217/555 742/2218/555 738/2219/555 737/2220/555
f 742/2221/556 743/2222/556 739/2223/556 738/2224/556
f 743/2225/557 744/2226/557 740/2227/557 739/2228/557
f 744/2229/558 741/2230/558 737/2231/558 740/2232/558
f 745/2233/559 746/2234/559 747/2235/559 748/2236/559
f 752/2237/560 751/2238/560 750/2239/560 749/2240/560
f 749/2241/561 750/2242/561 746/2243/561 745/2244/561
f 750/2245/562 751/2246/562 747/2247/562 746/2248/562
f 751/2249/563 752/2250/563 748/2251/563 747/2252/563
f 752/2253/564 749/2254/564 745/2255/564 748/2256/564
f 753/2257/565 754/2258/565 755/2259/565 756/2260/565
f 760/2261/566 759/2262/566 758/2263/566 757/2264/566
f 757/2265/567 758/2266/567 754/2267/567 753/2268/567
f 758/2269/568 759/2270/568 755/2271/568 754/2272/568
f 759/2273/569 760/2274/569 756/2275/569 755/2276/569
f 760/2277/570 757/2278/570 753/2279/570 756/2280/570
f 761/2281/571 762/2282/571 763/2283/571 764/2284/571
f 768/2285/572 767/2286/572 766/2287/572 765/2288/572
f 765/2289/573 766/2290/573 762/2291/573 761/2292/573
f 766/2293/574 767/2294/574 763/2295/574 762/2296/574
f 767/2297/575 768/2298/575 764/2299/575 763/2300/575
f 768/2301/576 765/2302/576 761/2303/576 764/2304/576
f 769/2305/577 770/2306/577 771/2307/577 772/2308/577
f 776/2309/578 775/2310/578 774/2311/578 773/2312/578
f 773/2313/579 774/2314/579 770/2315/579 769/2316/579
f 774/2317/580 775/2318/580 771/2319/580 770/2320/580
f 775/2321/581 776/2322/581 772/2323/581 771/2324/581
f 776/2325/582 773/2326/582 769/2327/582 772/2328/582
f 777/2329/583 778/2330/583 779/2331/583 780/2332/583
f 784/2333/584 783/2334/584 782/2335/584 781/2336/584
f 781/2337/585 782/2338/585 778/2339/585 777/2340/585
f 782/2341/586 783/2342/586 779/2343/586 778/2344/586
f 783/2345/587 784/2346/587 780/2347/587 779/2348/587
f 784/2349/588 781/2350/588 777/2351/588 780/2352/588
f 785/2353/589 786/2354/589 787/2355/589 788/2356/589
f 792/2357/590 791/2358/590 790/2359/590 789/2360/590
f 789/2361/591 790/2362/591 786/2363/591 785/2364/591
f 790/2365/592 791/2366/592 787/2367/592 786/2368/592
f 791/2369/593 792/2370/593 788/2371/593 787/2372/593
f 792/2373/594 789/2374/594 785/2375/594 788/2376/594
f 793/2377/595 794/2378/595 795/2379/595 796/2380/595
f 800/2381/596 799/2382/596 798/2383/596 797/2384/596
f 797/2385/597 798/2386/597 794/2387/597 793/2388/597
f 798/2389/598 799/2390/598 795/2391/598 794/2392/598
f 799/2393/599 800/2394/599 796/2395/599 795/2396/599
f 800/2397/600 797/2398/600 793/2399/600 796/2400/600
f 801/2401/601 802/2402/601 803/2403/601 804/2404/601
f 808/2405/602 807/2406/602 806/2407/602 805/2408/602
f 805/2409/603 806/2410/603 802/2411/603 801/2412/603
f 806/2413/604 807/2414/604 803/2415/604 802/2416/604
f 807/2417/605 808/2418/605 804/2419/605 803/2420/605
f 808/2421/606 805/2422/606 801/2423/606 804/2424/606
f 809/2425/607 810/2426/607 811/2427/607 812/2428/607
f 816/2429/608 815/2430/608 814/2431/608 813/2432/608
f 813/2433/609 814/2434/609 810/2435/609 809/2436/609
f 814/2437/610 815/2438/610 811/2439/610 810/2440/610
f 815/2441/611 816/2442/611 812/2443/611 811/2444/611
f 816/2445/612 813/2446/612 809/2447/612 812/2448/612
f 817/2449/613 818/2450/613 819/2451/613 820/2452/613
f 824/2453/614 823/2454/614 822/2455/614 821/2456/614
f 821/2457/615 822/2458/615 818/2459/615 817/2460/615
f 822/2461/616 823/2462/616 819/2463/616 818/2464/616
f 823/2465/617 824/2466/617 820/2467/617 819/2468/617
f 824/2469/618 821/2470/618 817/2471/618 820/2472/618
f 825/2473/619 826/2474/619 827/2475/619 828/2476/619
f 832/2477/620 831/2478/620 830/2479/620 829/2480/620
f 829/2481/621 830/2482/621 826/2483/621 825/2484/621
f 830/2485/622 831/2486/622 827/2487/622 826/2488/622
f 831/2489/623 832/2490/623 828/2491/623 827/2492/623
f 832/2493/624 829/2494/624 825/2495/624 828/2496/624
f 833/2497/625 834/2498/625 835/2499/625 836/2500/625
f 840/2501/626 839/2502/626 838/2503/626 837/2504/626
f 837/2505/627 838/2506/627 834/2507/627 833/2508/627
f 838/2509/628 839/2510/628 835/2511/628 834/2512/628
f 839/2513/629 840/2514/629 836/2515/629 835/2516/629
f 840/2517/630 837/2518/630 833/2519/630 836/2520/630
f 841/2521/631 842/2522/631 843/2523/631 844/2524/631
f 848/2525/632 847/2526/632 846/2527/632 845/2528/632
f 845/2529/633 846/2530/633 842/2531/633 841/2532/633
f 846/2533/634 847/2534/634 843/2535/634 842/2536/634
f 847/2537/635 848/2538/635 844/2539/635 843/2540/635
f 848/2541/636 845/2542/636 841/2543/636 844/2544/636
f 849/2545/637 850/2546/637 851/2547/637 852/2548/637
f 856/2549/638 855/2550/638 854/2551/638 853/2552/638
f 853/2553/639 854/2554/639 850/2555/639 849/2556/639
f 854/2557/640 855/2558/640 851/2559/640 850/2560/640
f 855/2561/641 856/2562/641 852/2563/641 851/2564/641
f 856/2565/642 853/2566/642 849/2567/642 852/2568/642
f 857/2569/643 858/2570/643 859/2571/643 860/2572/643
f 864/2573/644 863/2574/644 862/2575/644 861/2576/644
f 861/2577/645 862/2578/645 858/2579/645 857/2580/645
f 862/2581/646 863/2582/646 859/2583/646 858/2584/646
f 863/2585/647 864/2586/647 860/2587/647 859/2588/647
f 864/2589/648 861/2590/648 857/2591/648 860/2592/648
f 865/2593/649 866/2594/649 867/2595/649 868/2596/649
f 872/2597/650 871/2598/650 870/2599/650 869/2600/650
f 869/2601/651 870/2602/651 866/2603/651 865/2604/651
f 870/2605/652 871/2606/652 867/2607/652 866/2608/652
f 871/2609/653 872/2610/653 868/2611/653 867/2612/653
f 872/2613/654 869/2614/654 865/2615/654 868/2616/654
f 873/2617/655 874/2618/655 875/2619/655 876/2620/655
f 880/2621/656 879/2622/656 878/2623/656 877/2624/656
f 877/2625/657 878/2626/657 874/2627/657 873/2628/657
f 878/2629/658 879/2630/658 875/2631/658 874/2632/658
f 879/2633/659 880/2634/659 876/2635/659 875/2636/659
f 880/2637/660 877/2638/660 873/2639/660 876/2640/660
f 881/2641/661 882/2642/661 883/2643/661 884/2644/661
f 888/2645/662 887/2646/662 886/2647/662 885/2648/662
f 885/2649/663 886/2650/663 882/2651/663 881/2652/663
f 886/2653/664 887/2654/664 883/2655/664 882/2656/664
f 887/2657/665 888/2658/665 884/2659/665 883/2660/665
f 888/2661/666 885/2662/666 881/2663/666 884/2664/666
f 889/2665/667 890/2666/667 891/2667/667 892/2668/667
f 896/2669/668 895/2670/668 894/2671/668 893/2672/668
f 893/2673/669 894/2674/669 890/2675/669 889/2676/669
f 894/2677/670 895/2678/670 891/2679/670 890/2680/670
f 895/2681/671 896/2682/671 892/2683/671 891/2684/671
f 896/2685/672 893/2686/672 889/2687/672 892/2688/672
f 897/2689/673 898/2690/673 899/2691/673 900/2692/673
f 904/2693/674 903/2694/674 902/2695/674 901/2696/674
f 901/2697/675 902/2698/675 898/2699/675 897/2700/675
f 902/2701/676 903/2702/676 899/2703/676 898/2704/676
f 903/2705/677 904/2706/677 900/2707/677 899/2708/677
f 904/2709/678 901/2710/678 897/2711/678 900/2712/678
