# road_junction_diverge_right_main_glass.obj — gray-box hull for Missile Rider.
# GENERATED by tools/gen_road_junctions.py. Do not hand-edit; edit the generator.
o road_junction_diverge_right_main_glass
v 0.0000 -75.0000 240.0000
v 0.0000 -75.0000 243.0000
v 0.0000 75.0000 243.0000
v 0.0000 75.0000 240.0000
v 60.0000 -75.0000 240.0000
v 60.0000 -75.0000 243.0000
v 60.0000 75.0000 243.0000
v 60.0000 75.0000 240.0000
v 60.0000 -75.0000 240.0000
v 60.0000 -75.0000 243.0000
v 60.0000 75.0000 243.0000
v 60.0000 75.0000 240.0000
v 120.0000 -75.0000 240.0000
v 120.0000 -75.0000 243.0000
v 120.0000 75.0000 243.0000
v 120.0000 75.0000 240.0000
v 120.0000 -75.0000 240.0000
v 120.0000 -75.0000 243.0000
v 120.0000 75.0000 243.0000
v 120.0000 75.0000 240.0000
v 180.0000 -75.0000 240.0000
v 180.0000 -75.0000 243.0000
v 180.0000 75.0000 243.0000
v 180.0000 75.0000 240.0000
v 180.0000 -75.0000 240.0000
v 180.0000 -75.0000 243.0000
v 180.0000 75.0000 243.0000
v 180.0000 75.0000 240.0000
v 240.0000 -75.0000 240.0000
v 240.0000 -75.0000 243.0000
v 240.0000 75.0000 243.0000
v 240.0000 75.0000 240.0000
v 240.0000 -75.0000 240.0000
v 240.0000 -75.0000 243.0000
v 240.0000 75.0000 243.0000
v 240.0000 75.0000 240.0000
v 300.0000 -75.0000 240.0000
v 300.0000 -75.0000 243.0000
v 300.0000 75.0000 243.0000
v 300.0000 75.0000 240.0000
v 300.0000 -75.0000 240.0000
v 300.0000 -75.0000 243.0000
v 300.0000 75.0000 243.0000
v 300.0000 75.0000 240.0000
v 360.0000 -75.0000 240.0000
v 360.0000 -75.0000 243.0000
v 360.0000 75.0000 243.0000
v 360.0000 75.0000 240.0000
v 360.0000 -75.0000 240.0000
v 360.0000 -75.0000 243.0000
v 360.0000 75.0000 243.0000
v 360.0000 75.0000 240.0000
v 420.0000 -75.0000 240.0000
v 420.0000 -75.0000 243.0000
v 420.0000 75.0000 243.0000
v 420.0000 75.0000 240.0000
v 1080.0000 -75.0000 240.0000
v 1080.0000 -75.0000 243.0000
v 1080.0000 75.0000 243.0000
v 1080.0000 75.0000 240.0000
v 1140.0000 -75.0000 240.0000
v 1140.0000 -75.0000 243.0000
v 1140.0000 75.0000 243.0000
v 1140.0000 75.0000 240.0000
v 1140.0000 -75.0000 240.0000
v 1140.0000 -75.0000 243.0000
v 1140.0000 75.0000 243.0000
v 1140.0000 75.0000 240.0000
v 1200.0000 -75.0000 240.0000
v 1200.0000 -75.0000 243.0000
v 1200.0000 75.0000 243.0000
v 1200.0000 75.0000 240.0000
v 1200.0000 -75.0000 240.0000
v 1200.0000 -75.0000 243.0000
v 1200.0000 75.0000 243.0000
v 1200.0000 75.0000 240.0000
v 1260.0000 -75.0000 240.0000
v 1260.0000 -75.0000 243.0000
v 1260.0000 75.0000 243.0000
v 1260.0000 75.0000 240.0000
v 1260.0000 -75.0000 240.0000
v 1260.0000 -75.0000 243.0000
v 1260.0000 75.0000 243.0000
v 1260.0000 75.0000 240.0000
v 1320.0000 -75.0000 240.0000
v 1320.0000 -75.0000 243.0000
v 1320.0000 75.0000 243.0000
v 1320.0000 75.0000 240.0000
v 1320.0000 -75.0000 240.0000
v 1320.0000 -75.0000 243.0000
v 1320.0000 75.0000 243.0000
v 1320.0000 75.0000 240.0000
v 1380.0000 -75.0000 240.0000
v 1380.0000 -75.0000 243.0000
v 1380.0000 75.0000 243.0000
v 1380.0000 75.0000 240.0000
v 1380.0000 -75.0000 240.0000
v 1380.0000 -75.0000 243.0000
v 1380.0000 75.0000 243.0000
v 1380.0000 75.0000 240.0000
v 1440.0000 -75.0000 240.0000
v 1440.0000 -75.0000 243.0000
v 1440.0000 75.0000 243.0000
v 1440.0000 75.0000 240.0000
v 1440.0000 -75.0000 240.0000
v 1440.0000 -75.0000 243.0000
v 1440.0000 75.0000 243.0000
v 1440.0000 75.0000 240.0000
v 1500.0000 -75.0000 240.0000
v 1500.0000 -75.0000 243.0000
v 1500.0000 75.0000 243.0000
v 1500.0000 75.0000 240.0000
v 1500.0000 -75.0000 240.0000
v 1500.0000 -75.0000 243.0000
v 1500.0000 75.0000 243.0000
v 1500.0000 75.0000 240.0000
v 1560.0000 -75.0000 240.0000
v 1560.0000 -75.0000 243.0000
v 1560.0000 75.0000 243.0000
v 1560.0000 75.0000 240.0000
v 1560.0000 -75.0000 240.0000
v 1560.0000 -75.0000 243.0000
v 1560.0000 75.0000 243.0000
v 1560.0000 75.0000 240.0000
v 1620.0000 -75.0000 240.0000
v 1620.0000 -75.0000 243.0000
v 1620.0000 75.0000 243.0000
v 1620.0000 75.0000 240.0000
v 1620.0000 -75.0000 240.0000
v 1620.0000 -75.0000 243.0000
v 1620.0000 75.0000 243.0000
v 1620.0000 75.0000 240.0000
v 1680.0000 -75.0000 240.0000
v 1680.0000 -75.0000 243.0000
v 1680.0000 75.0000 243.0000
v 1680.0000 75.0000 240.0000
v 1680.0000 -75.0000 240.0000
v 1680.0000 -75.0000 243.0000
v 1680.0000 75.0000 243.0000
v 1680.0000 75.0000 240.0000
v 1740.0000 -75.0000 240.0000
v 1740.0000 -75.0000 243.0000
v 1740.0000 75.0000 243.0000
v 1740.0000 75.0000 240.0000
v 1740.0000 -75.0000 240.0000
v 1740.0000 -75.0000 243.0000
v 1740.0000 75.0000 243.0000
v 1740.0000 75.0000 240.0000
v 1800.0000 -75.0000 240.0000
v 1800.0000 -75.0000 243.0000
v 1800.0000 75.0000 243.0000
v 1800.0000 75.0000 240.0000
v 1800.0000 -75.0000 240.0000
v 1800.0000 -75.0000 243.0000
v 1800.0000 75.0000 243.0000
v 1800.0000 75.0000 240.0000
v 1860.0000 -75.0000 240.0000
v 1860.0000 -75.0000 243.0000
v 1860.0000 75.0000 243.0000
v 1860.0000 75.0000 240.0000
v 1860.0000 -75.0000 240.0000
v 1860.0000 -75.0000 243.0000
v 1860.0000 75.0000 243.0000
v 1860.0000 75.0000 240.0000
v 1920.0000 -75.0000 240.0000
v 1920.0000 -75.0000 243.0000
v 1920.0000 75.0000 243.0000
v 1920.0000 75.0000 240.0000
v 1920.0000 -75.0000 240.0000
v 1920.0000 -75.0000 243.0000
v 1920.0000 75.0000 243.0000
v 1920.0000 75.0000 240.0000
v 1980.0000 -75.0000 240.0000
v 1980.0000 -75.0000 243.0000
v 1980.0000 75.0000 243.0000
v 1980.0000 75.0000 240.0000
v 1980.0000 -75.0000 240.0000
v 1980.0000 -75.0000 243.0000
v 1980.0000 75.0000 243.0000
v 1980.0000 75.0000 240.0000
v 2040.0000 -75.0000 240.0000
v 2040.0000 -75.0000 243.0000
v 2040.0000 75.0000 243.0000
v 2040.0000 75.0000 240.0000
v 2040.0000 -75.0000 240.0000
v 2040.0000 -75.0000 243.0000
v 2040.0000 75.0000 243.0000
v 2040.0000 75.0000 240.0000
v 2100.0000 -75.0000 240.0000
v 2100.0000 -75.0000 243.0000
v 2100.0000 75.0000 243.0000
v 2100.0000 75.0000 240.0000
v 2100.0000 -75.0000 240.0000
v 2100.0000 -75.0000 243.0000
v 2100.0000 75.0000 243.0000
v 2100.0000 75.0000 240.0000
v 2160.0000 -75.0000 240.0000
v 2160.0000 -75.0000 243.0000
v 2160.0000 75.0000 243.0000
v 2160.0000 75.0000 240.0000
v 2160.0000 -75.0000 240.0000
v 2160.0000 -75.0000 243.0000
v 2160.0000 75.0000 243.0000
v 2160.0000 75.0000 240.0000
v 2220.0000 -75.0000 240.0000
v 2220.0000 -75.0000 243.0000
v 2220.0000 75.0000 243.0000
v 2220.0000 75.0000 240.0000
v 2220.0000 -75.0000 240.0000
v 2220.0000 -75.0000 243.0000
v 2220.0000 75.0000 243.0000
v 2220.0000 75.0000 240.0000
v 2280.0000 -75.0000 240.0000
v 2280.0000 -75.0000 243.0000
v 2280.0000 75.0000 243.0000
v 2280.0000 75.0000 240.0000
v 2280.0000 -75.0000 240.0000
v 2280.0000 -75.0000 243.0000
v 2280.0000 75.0000 243.0000
v 2280.0000 75.0000 240.0000
v 2340.0000 -75.0000 240.0000
v 2340.0000 -75.0000 243.0000
v 2340.0000 75.0000 243.0000
v 2340.0000 75.0000 240.0000
v 2340.0000 -75.0000 240.0000
v 2340.0000 -75.0000 243.0000
v 2340.0000 75.0000 243.0000
v 2340.0000 75.0000 240.0000
v 2400.0000 -75.0000 240.0000
v 2400.0000 -75.0000 243.0000
v 2400.0000 75.0000 243.0000
v 2400.0000 75.0000 240.0000
v 0.0000 -75.0000 -243.0000
v 0.0000 -75.0000 -240.0000
v 0.0000 75.0000 -240.0000
v 0.0000 75.0000 -243.0000
v 60.0000 -75.0000 -243.0000
v 60.0000 -75.0000 -240.0000
v 60.0000 75.0000 -240.0000
v 60.0000 75.0000 -243.0000
v 60.0000 -75.0000 -243.0000
v 60.0000 -75.0000 -240.0000
v 60.0000 75.0000 -240.0000
v 60.0000 75.0000 -243.0000
v 120.0000 -75.0000 -243.0000
v 120.0000 -75.0000 -240.0000
v 120.0000 75.0000 -240.0000
v 120.0000 75.0000 -243.0000
v 120.0000 -75.0000 -243.0000
v 120.0000 -75.0000 -240.0000
v 120.0000 75.0000 -240.0000
v 120.0000 75.0000 -243.0000
v 180.0000 -75.0000 -243.0000
v 180.0000 -75.0000 -240.0000
v 180.0000 75.0000 -240.0000
v 180.0000 75.0000 -243.0000
v 180.0000 -75.0000 -243.0000
v 180.0000 -75.0000 -240.0000
v 180.0000 75.0000 -240.0000
v 180.0000 75.0000 -243.0000
v 240.0000 -75.0000 -243.0000
v 240.0000 -75.0000 -240.0000
v 240.0000 75.0000 -240.0000
v 240.0000 75.0000 -243.0000
v 240.0000 -75.0000 -243.0000
v 240.0000 -75.0000 -240.0000
v 240.0000 75.0000 -240.0000
v 240.0000 75.0000 -243.0000
v 300.0000 -75.0000 -243.0000
v 300.0000 -75.0000 -240.0000
v 300.0000 75.0000 -240.0000
v 300.0000 75.0000 -243.0000
v 300.0000 -75.0000 -243.0000
v 300.0000 -75.0000 -240.0000
v 300.0000 75.0000 -240.0000
v 300.0000 75.0000 -243.0000
v 360.0000 -75.0000 -243.0000
v 360.0000 -75.0000 -240.0000
v 360.0000 75.0000 -240.0000
v 360.0000 75.0000 -243.0000
v 360.0000 -75.0000 -243.0000
v 360.0000 -75.0000 -240.0000
v 360.0000 75.0000 -240.0000
v 360.0000 75.0000 -243.0000
v 420.0000 -75.0000 -243.0000
v 420.0000 -75.0000 -240.0000
v 420.0000 75.0000 -240.0000
v 420.0000 75.0000 -243.0000
v 420.0000 -75.0000 -243.0000
v 420.0000 -75.0000 -240.0000
v 420.0000 75.0000 -240.0000
v 420.0000 75.0000 -243.0000
v 480.0000 -75.0000 -243.0000
v 480.0000 -75.0000 -240.0000
v 480.0000 75.0000 -240.0000
v 480.0000 75.0000 -243.0000
v 480.0000 -75.0000 -243.0000
v 480.0000 -75.0000 -240.0000
v 480.0000 75.0000 -240.0000
v 480.0000 75.0000 -243.0000
v 540.0000 -75.0000 -243.0000
v 540.0000 -75.0000 -240.0000
v 540.0000 75.0000 -240.0000
v 540.0000 75.0000 -243.0000
v 540.0000 -75.0000 -243.0000
v 540.0000 -75.0000 -240.0000
v 540.0000 75.0000 -240.0000
v 540.0000 75.0000 -243.0000
v 600.0000 -75.0000 -243.0000
v 600.0000 -75.0000 -240.0000
v 600.0000 75.0000 -240.0000
v 600.0000 75.0000 -243.0000
v 600.0000 -75.0000 -243.0000
v 600.0000 -75.0000 -240.0000
v 600.0000 75.0000 -240.0000
v 600.0000 75.0000 -243.0000
v 660.0000 -75.0000 -243.0000
v 660.0000 -75.0000 -240.0000
v 660.0000 75.0000 -240.0000
v 660.0000 75.0000 -243.0000
v 660.0000 -75.0000 -243.0000
v 660.0000 -75.0000 -240.0000
v 660.0000 75.0000 -240.0000
v 660.0000 75.0000 -243.0000
v 720.0000 -75.0000 -243.0000
v 720.0000 -75.0000 -240.0000
v 720.0000 75.0000 -240.0000
v 720.0000 75.0000 -243.0000
v 720.0000 -75.0000 -243.0000
v 720.0000 -75.0000 -240.0000
v 720.0000 75.0000 -240.0000
v 720.0000 75.0000 -243.0000
v 780.0000 -75.0000 -243.0000
v 780.0000 -75.0000 -240.0000
v 780.0000 75.0000 -240.0000
v 780.0000 75.0000 -243.0000
v 780.0000 -75.0000 -243.0000
v 780.0000 -75.0000 -240.0000
v 780.0000 75.0000 -240.0000
v 780.0000 75.0000 -243.0000
v 840.0000 -75.0000 -243.0000
v 840.0000 -75.0000 -240.0000
v 840.0000 75.0000 -240.0000
v 840.0000 75.0000 -243.0000
v 840.0000 -75.0000 -243.0000
v 840.0000 -75.0000 -240.0000
v 840.0000 75.0000 -240.0000
v 840.0000 75.0000 -243.0000
v 900.0000 -75.0000 -243.0000
v 900.0000 -75.0000 -240.0000
v 900.0000 75.0000 -240.0000
v 900.0000 75.0000 -243.0000
v 900.0000 -75.0000 -243.0000
v 900.0000 -75.0000 -240.0000
v 900.0000 75.0000 -240.0000
v 900.0000 75.0000 -243.0000
v 960.0000 -75.0000 -243.0000
v 960.0000 -75.0000 -240.0000
v 960.0000 75.0000 -240.0000
v 960.0000 75.0000 -243.0000
v 960.0000 -75.0000 -243.0000
v 960.0000 -75.0000 -240.0000
v 960.0000 75.0000 -240.0000
v 960.0000 75.0000 -243.0000
v 1020.0000 -75.0000 -243.0000
v 1020.0000 -75.0000 -240.0000
v 1020.0000 75.0000 -240.0000
v 1020.0000 75.0000 -243.0000
v 1020.0000 -75.0000 -243.0000
v 1020.0000 -75.0000 -240.0000
v 1020.0000 75.0000 -240.0000
v 1020.0000 75.0000 -243.0000
v 1080.0000 -75.0000 -243.0000
v 1080.0000 -75.0000 -240.0000
v 1080.0000 75.0000 -240.0000
v 1080.0000 75.0000 -243.0000
v 1080.0000 -75.0000 -243.0000
v 1080.0000 -75.0000 -240.0000
v 1080.0000 75.0000 -240.0000
v 1080.0000 75.0000 -243.0000
v 1140.0000 -75.0000 -243.0000
v 1140.0000 -75.0000 -240.0000
v 1140.0000 75.0000 -240.0000
v 1140.0000 75.0000 -243.0000
v 1140.0000 -75.0000 -243.0000
v 1140.0000 -75.0000 -240.0000
v 1140.0000 75.0000 -240.0000
v 1140.0000 75.0000 -243.0000
v 1200.0000 -75.0000 -243.0000
v 1200.0000 -75.0000 -240.0000
v 1200.0000 75.0000 -240.0000
v 1200.0000 75.0000 -243.0000
v 1200.0000 -75.0000 -243.0000
v 1200.0000 -75.0000 -240.0000
v 1200.0000 75.0000 -240.0000
v 1200.0000 75.0000 -243.0000
v 1260.0000 -75.0000 -243.0000
v 1260.0000 -75.0000 -240.0000
v 1260.0000 75.0000 -240.0000
v 1260.0000 75.0000 -243.0000
v 1260.0000 -75.0000 -243.0000
v 1260.0000 -75.0000 -240.0000
v 1260.0000 75.0000 -240.0000
v 1260.0000 75.0000 -243.0000
v 1320.0000 -75.0000 -243.0000
v 1320.0000 -75.0000 -240.0000
v 1320.0000 75.0000 -240.0000
v 1320.0000 75.0000 -243.0000
v 1320.0000 -75.0000 -243.0000
v 1320.0000 -75.0000 -240.0000
v 1320.0000 75.0000 -240.0000
v 1320.0000 75.0000 -243.0000
v 1380.0000 -75.0000 -243.0000
v 1380.0000 -75.0000 -240.0000
v 1380.0000 75.0000 -240.0000
v 1380.0000 75.0000 -243.0000
v 1380.0000 -75.0000 -243.0000
v 1380.0000 -75.0000 -240.0000
v 1380.0000 75.0000 -240.0000
v 1380.0000 75.0000 -243.0000
v 1440.0000 -75.0000 -243.0000
v 1440.0000 -75.0000 -240.0000
v 1440.0000 75.0000 -240.0000
v 1440.0000 75.0000 -243.0000
v 1440.0000 -75.0000 -243.0000
v 1440.0000 -75.0000 -240.0000
v 1440.0000 75.0000 -240.0000
v 1440.0000 75.0000 -243.0000
v 1500.0000 -75.0000 -243.0000
v 1500.0000 -75.0000 -240.0000
v 1500.0000 75.0000 -240.0000
v 1500.0000 75.0000 -243.0000
v 1500.0000 -75.0000 -243.0000
v 1500.0000 -75.0000 -240.0000
v 1500.0000 75.0000 -240.0000
v 1500.0000 75.0000 -243.0000
v 1560.0000 -75.0000 -243.0000
v 1560.0000 -75.0000 -240.0000
v 1560.0000 75.0000 -240.0000
v 1560.0000 75.0000 -243.0000
v 1560.0000 -75.0000 -243.0000
v 1560.0000 -75.0000 -240.0000
v 1560.0000 75.0000 -240.0000
v 1560.0000 75.0000 -243.0000
v 1620.0000 -75.0000 -243.0000
v 1620.0000 -75.0000 -240.0000
v 1620.0000 75.0000 -240.0000
v 1620.0000 75.0000 -243.0000
v 1620.0000 -75.0000 -243.0000
v 1620.0000 -75.0000 -240.0000
v 1620.0000 75.0000 -240.0000
v 1620.0000 75.0000 -243.0000
v 1680.0000 -75.0000 -243.0000
v 1680.0000 -75.0000 -240.0000
v 1680.0000 75.0000 -240.0000
v 1680.0000 75.0000 -243.0000
v 1680.0000 -75.0000 -243.0000
v 1680.0000 -75.0000 -240.0000
v 1680.0000 75.0000 -240.0000
v 1680.0000 75.0000 -243.0000
v 1740.0000 -75.0000 -243.0000
v 1740.0000 -75.0000 -240.0000
v 1740.0000 75.0000 -240.0000
v 1740.0000 75.0000 -243.0000
v 1740.0000 -75.0000 -243.0000
v 1740.0000 -75.0000 -240.0000
v 1740.0000 75.0000 -240.0000
v 1740.0000 75.0000 -243.0000
v 1800.0000 -75.0000 -243.0000
v 1800.0000 -75.0000 -240.0000
v 1800.0000 75.0000 -240.0000
v 1800.0000 75.0000 -243.0000
v 1800.0000 -75.0000 -243.0000
v 1800.0000 -75.0000 -240.0000
v 1800.0000 75.0000 -240.0000
v 1800.0000 75.0000 -243.0000
v 1860.0000 -75.0000 -243.0000
v 1860.0000 -75.0000 -240.0000
v 1860.0000 75.0000 -240.0000
v 1860.0000 75.0000 -243.0000
v 1860.0000 -75.0000 -243.0000
v 1860.0000 -75.0000 -240.0000
v 1860.0000 75.0000 -240.0000
v 1860.0000 75.0000 -243.0000
v 1920.0000 -75.0000 -243.0000
v 1920.0000 -75.0000 -240.0000
v 1920.0000 75.0000 -240.0000
v 1920.0000 75.0000 -243.0000
v 1920.0000 -75.0000 -243.0000
v 1920.0000 -75.0000 -240.0000
v 1920.0000 75.0000 -240.0000
v 1920.0000 75.0000 -243.0000
v 1980.0000 -75.0000 -243.0000
v 1980.0000 -75.0000 -240.0000
v 1980.0000 75.0000 -240.0000
v 1980.0000 75.0000 -243.0000
v 1980.0000 -75.0000 -243.0000
v 1980.0000 -75.0000 -240.0000
v 1980.0000 75.0000 -240.0000
v 1980.0000 75.0000 -243.0000
v 2040.0000 -75.0000 -243.0000
v 2040.0000 -75.0000 -240.0000
v 2040.0000 75.0000 -240.0000
v 2040.0000 75.0000 -243.0000
v 2040.0000 -75.0000 -243.0000
v 2040.0000 -75.0000 -240.0000
v 2040.0000 75.0000 -240.0000
v 2040.0000 75.0000 -243.0000
v 2100.0000 -75.0000 -243.0000
v 2100.0000 -75.0000 -240.0000
v 2100.0000 75.0000 -240.0000
v 2100.0000 75.0000 -243.0000
v 2100.0000 -75.0000 -243.0000
v 2100.0000 -75.0000 -240.0000
v 2100.0000 75.0000 -240.0000
v 2100.0000 75.0000 -243.0000
v 2160.0000 -75.0000 -243.0000
v 2160.0000 -75.0000 -240.0000
v 2160.0000 75.0000 -240.0000
v 2160.0000 75.0000 -243.0000
v 2160.0000 -75.0000 -243.0000
v 2160.0000 -75.0000 -240.0000
v 2160.0000 75.0000 -240.0000
v 2160.0000 75.0000 -243.0000
v 2220.0000 -75.0000 -243.0000
v 2220.0000 -75.0000 -240.0000
v 2220.0000 75.0000 -240.0000
v 2220.0000 75.0000 -243.0000
v 2220.0000 -75.0000 -243.0000
v 2220.0000 -75.0000 -240.0000
v 2220.0000 75.0000 -240.0000
v 2220.0000 75.0000 -243.0000
v 2280.0000 -75.0000 -243.0000
v 2280.0000 -75.0000 -240.0000
v 2280.0000 75.0000 -240.0000
v 2280.0000 75.0000 -243.0000
v 2280.0000 -75.0000 -243.0000
v 2280.0000 -75.0000 -240.0000
v 2280.0000 75.0000 -240.0000
v 2280.0000 75.0000 -243.0000
v 2340.0000 -75.0000 -243.0000
v 2340.0000 -75.0000 -240.0000
v 2340.0000 75.0000 -240.0000
v 2340.0000 75.0000 -243.0000
v 2340.0000 -75.0000 -243.0000
v 2340.0000 -75.0000 -240.0000
v 2340.0000 75.0000 -240.0000
v 2340.0000 75.0000 -243.0000
v 2400.0000 -75.0000 -243.0000
v 2400.0000 -75.0000 -240.0000
v 2400.0000 75.0000 -240.0000
v 2400.0000 75.0000 -243.0000
v 0.0000 75.0000 -240.0000
v 0.0000 75.0000 240.0000
v 0.0000 78.0000 240.0000
v 0.0000 78.0000 -240.0000
v 60.0000 75.0000 -240.0000
v 60.0000 75.0000 240.0000
v 60.0000 78.0000 240.0000
v 60.0000 78.0000 -240.0000
v 60.0000 75.0000 -240.0000
v 60.0000 75.0000 240.0000
v 60.0000 78.0000 240.0000
v 60.0000 78.0000 -240.0000
v 120.0000 75.0000 -240.0000
v 120.0000 75.0000 240.0000
v 120.0000 78.0000 240.0000
v 120.0000 78.0000 -240.0000
v 120.0000 75.0000 -240.0000
v 120.0000 75.0000 240.0000
v 120.0000 78.0000 240.0000
v 120.0000 78.0000 -240.0000
v 180.0000 75.0000 -240.0000
v 180.0000 75.0000 240.0000
v 180.0000 78.0000 240.0000
v 180.0000 78.0000 -240.0000
v 180.0000 75.0000 -240.0000
v 180.0000 75.0000 240.0000
v 180.0000 78.0000 240.0000
v 180.0000 78.0000 -240.0000
v 240.0000 75.0000 -240.0000
v 240.0000 75.0000 240.0000
v 240.0000 78.0000 240.0000
v 240.0000 78.0000 -240.0000
v 240.0000 75.0000 -240.0000
v 240.0000 75.0000 240.0000
v 240.0000 78.0000 240.0000
v 240.0000 78.0000 -240.0000
v 300.0000 75.0000 -240.0000
v 300.0000 75.0000 240.0000
v 300.0000 78.0000 240.0000
v 300.0000 78.0000 -240.0000
v 300.0000 75.0000 -240.0000
v 300.0000 75.0000 240.0000
v 300.0000 78.0000 240.0000
v 300.0000 78.0000 -240.0000
v 360.0000 75.0000 -240.0000
v 360.0000 75.0000 240.0000
v 360.0000 78.0000 240.0000
v 360.0000 78.0000 -240.0000
v 360.0000 75.0000 -240.0000
v 360.0000 75.0000 240.0000
v 360.0000 78.0000 240.0000
v 360.0000 78.0000 -240.0000
v 420.0000 75.0000 -240.0000
v 420.0000 75.0000 240.0000
v 420.0000 78.0000 240.0000
v 420.0000 78.0000 -240.0000
v 420.0000 75.0000 -240.0000
v 420.0000 75.0000 240.0000
v 420.0000 78.0000 240.0000
v 420.0000 78.0000 -240.0000
v 480.0000 75.0000 -240.0000
v 480.0000 75.0000 240.0000
v 480.0000 78.0000 240.0000
v 480.0000 78.0000 -240.0000
v 480.0000 75.0000 -240.0000
v 480.0000 75.0000 240.0000
v 480.0000 78.0000 240.0000
v 480.0000 78.0000 -240.0000
v 540.0000 75.0000 -240.0000
v 540.0000 75.0000 240.0000
v 540.0000 78.0000 240.0000
v 540.0000 78.0000 -240.0000
v 540.0000 75.0000 -240.0000
v 540.0000 75.0000 240.0000
v 540.0000 78.0000 240.0000
v 540.0000 78.0000 -240.0000
v 600.0000 75.0000 -240.0000
v 600.0000 75.0000 240.0000
v 600.0000 78.0000 240.0000
v 600.0000 78.0000 -240.0000
v 600.0000 75.0000 -240.0000
v 600.0000 75.0000 240.0000
v 600.0000 78.0000 240.0000
v 600.0000 78.0000 -240.0000
v 660.0000 75.0000 -240.0000
v 660.0000 75.0000 240.0000
v 660.0000 78.0000 240.0000
v 660.0000 78.0000 -240.0000
v 660.0000 75.0000 -240.0000
v 660.0000 75.0000 240.0000
v 660.0000 78.0000 240.0000
v 660.0000 78.0000 -240.0000
v 720.0000 75.0000 -240.0000
v 720.0000 75.0000 240.0000
v 720.0000 78.0000 240.0000
v 720.0000 78.0000 -240.0000
v 720.0000 75.0000 -240.0000
v 720.0000 75.0000 240.0000
v 720.0000 78.0000 240.0000
v 720.0000 78.0000 -240.0000
v 780.0000 75.0000 -240.0000
v 780.0000 75.0000 240.0000
v 780.0000 78.0000 240.0000
v 780.0000 78.0000 -240.0000
v 780.0000 75.0000 -240.0000
v 780.0000 75.0000 240.0000
v 780.0000 78.0000 240.0000
v 780.0000 78.0000 -240.0000
v 840.0000 75.0000 -240.0000
v 840.0000 75.0000 240.0000
v 840.0000 78.0000 240.0000
v 840.0000 78.0000 -240.0000
v 840.0000 75.0000 -240.0000
v 840.0000 75.0000 240.0000
v 840.0000 78.0000 240.0000
v 840.0000 78.0000 -240.0000
v 900.0000 75.0000 -240.0000
v 900.0000 75.0000 240.0000
v 900.0000 78.0000 240.0000
v 900.0000 78.0000 -240.0000
v 900.0000 75.0000 -240.0000
v 900.0000 75.0000 240.0000
v 900.0000 78.0000 240.0000
v 900.0000 78.0000 -240.0000
v 960.0000 75.0000 -240.0000
v 960.0000 75.0000 240.0000
v 960.0000 78.0000 240.0000
v 960.0000 78.0000 -240.0000
v 960.0000 75.0000 -240.0000
v 960.0000 75.0000 240.0000
v 960.0000 78.0000 240.0000
v 960.0000 78.0000 -240.0000
v 1020.0000 75.0000 -240.0000
v 1020.0000 75.0000 240.0000
v 1020.0000 78.0000 240.0000
v 1020.0000 78.0000 -240.0000
v 1020.0000 75.0000 -240.0000
v 1020.0000 75.0000 240.0000
v 1020.0000 78.0000 240.0000
v 1020.0000 78.0000 -240.0000
v 1080.0000 75.0000 -240.0000
v 1080.0000 75.0000 240.0000
v 1080.0000 78.0000 240.0000
v 1080.0000 78.0000 -240.0000
v 1080.0000 75.0000 -240.0000
v 1080.0000 75.0000 240.0000
v 1080.0000 78.0000 240.0000
v 1080.0000 78.0000 -240.0000
v 1140.0000 75.0000 -240.0000
v 1140.0000 75.0000 240.0000
v 1140.0000 78.0000 240.0000
v 1140.0000 78.0000 -240.0000
v 1140.0000 75.0000 -240.0000
v 1140.0000 75.0000 240.0000
v 1140.0000 78.0000 240.0000
v 1140.0000 78.0000 -240.0000
v 1200.0000 75.0000 -240.0000
v 1200.0000 75.0000 240.0000
v 1200.0000 78.0000 240.0000
v 1200.0000 78.0000 -240.0000
v 1200.0000 75.0000 -240.0000
v 1200.0000 75.0000 240.0000
v 1200.0000 78.0000 240.0000
v 1200.0000 78.0000 -240.0000
v 1260.0000 75.0000 -240.0000
v 1260.0000 75.0000 240.0000
v 1260.0000 78.0000 240.0000
v 1260.0000 78.0000 -240.0000
v 1260.0000 75.0000 -240.0000
v 1260.0000 75.0000 240.0000
v 1260.0000 78.0000 240.0000
v 1260.0000 78.0000 -240.0000
v 1320.0000 75.0000 -240.0000
v 1320.0000 75.0000 240.0000
v 1320.0000 78.0000 240.0000
v 1320.0000 78.0000 -240.0000
v 1320.0000 75.0000 -240.0000
v 1320.0000 75.0000 240.0000
v 1320.0000 78.0000 240.0000
v 1320.0000 78.0000 -240.0000
v 1380.0000 75.0000 -240.0000
v 1380.0000 75.0000 240.0000
v 1380.0000 78.0000 240.0000
v 1380.0000 78.0000 -240.0000
v 1380.0000 75.0000 -240.0000
v 1380.0000 75.0000 240.0000
v 1380.0000 78.0000 240.0000
v 1380.0000 78.0000 -240.0000
v 1440.0000 75.0000 -240.0000
v 1440.0000 75.0000 240.0000
v 1440.0000 78.0000 240.0000
v 1440.0000 78.0000 -240.0000
v 1440.0000 75.0000 -240.0000
v 1440.0000 75.0000 240.0000
v 1440.0000 78.0000 240.0000
v 1440.0000 78.0000 -240.0000
v 1500.0000 75.0000 -240.0000
v 1500.0000 75.0000 240.0000
v 1500.0000 78.0000 240.0000
v 1500.0000 78.0000 -240.0000
v 1500.0000 75.0000 -240.0000
v 1500.0000 75.0000 240.0000
v 1500.0000 78.0000 240.0000
v 1500.0000 78.0000 -240.0000
v 1560.0000 75.0000 -240.0000
v 1560.0000 75.0000 240.0000
v 1560.0000 78.0000 240.0000
v 1560.0000 78.0000 -240.0000
v 1560.0000 75.0000 -240.0000
v 1560.0000 75.0000 240.0000
v 1560.0000 78.0000 240.0000
v 1560.0000 78.0000 -240.0000
v 1620.0000 75.0000 -240.0000
v 1620.0000 75.0000 240.0000
v 1620.0000 78.0000 240.0000
v 1620.0000 78.0000 -240.0000
v 1620.0000 75.0000 -240.0000
v 1620.0000 75.0000 240.0000
v 1620.0000 78.0000 240.0000
v 1620.0000 78.0000 -240.0000
v 1680.0000 75.0000 -240.0000
v 1680.0000 75.0000 240.0000
v 1680.0000 78.0000 240.0000
v 1680.0000 78.0000 -240.0000
v 1680.0000 75.0000 -240.0000
v 1680.0000 75.0000 240.0000
v 1680.0000 78.0000 240.0000
v 1680.0000 78.0000 -240.0000
v 1740.0000 75.0000 -240.0000
v 1740.0000 75.0000 240.0000
v 1740.0000 78.0000 240.0000
v 1740.0000 78.0000 -240.0000
v 1740.0000 75.0000 -240.0000
v 1740.0000 75.0000 240.0000
v 1740.0000 78.0000 240.0000
v 1740.0000 78.0000 -240.0000
v 1800.0000 75.0000 -240.0000
v 1800.0000 75.0000 240.0000
v 1800.0000 78.0000 240.0000
v 1800.0000 78.0000 -240.0000
v 1800.0000 75.0000 -240.0000
v 1800.0000 75.0000 240.0000
v 1800.0000 78.0000 240.0000
v 1800.0000 78.0000 -240.0000
v 1860.0000 75.0000 -240.0000
v 1860.0000 75.0000 240.0000
v 1860.0000 78.0000 240.0000
v 1860.0000 78.0000 -240.0000
v 1860.0000 75.0000 -240.0000
v 1860.0000 75.0000 240.0000
v 1860.0000 78.0000 240.0000
v 1860.0000 78.0000 -240.0000
v 1920.0000 75.0000 -240.0000
v 1920.0000 75.0000 240.0000
v 1920.0000 78.0000 240.0000
v 1920.0000 78.0000 -240.0000
v 1920.0000 75.0000 -240.0000
v 1920.0000 75.0000 240.0000
v 1920.0000 78.0000 240.0000
v 1920.0000 78.0000 -240.0000
v 1980.0000 75.0000 -240.0000
v 1980.0000 75.0000 240.0000
v 1980.0000 78.0000 240.0000
v 1980.0000 78.0000 -240.0000
v 1980.0000 75.0000 -240.0000
v 1980.0000 75.0000 240.0000
v 1980.0000 78.0000 240.0000
v 1980.0000 78.0000 -240.0000
v 2040.0000 75.0000 -240.0000
v 2040.0000 75.0000 240.0000
v 2040.0000 78.0000 240.0000
v 2040.0000 78.0000 -240.0000
v 2040.0000 75.0000 -240.0000
v 2040.0000 75.0000 240.0000
v 2040.0000 78.0000 240.0000
v 2040.0000 78.0000 -240.0000
v 2100.0000 75.0000 -240.0000
v 2100.0000 75.0000 240.0000
v 2100.0000 78.0000 240.0000
v 2100.0000 78.0000 -240.0000
v 2100.0000 75.0000 -240.0000
v 2100.0000 75.0000 240.0000
v 2100.0000 78.0000 240.0000
v 2100.0000 78.0000 -240.0000
v 2160.0000 75.0000 -240.0000
v 2160.0000 75.0000 240.0000
v 2160.0000 78.0000 240.0000
v 2160.0000 78.0000 -240.0000
v 2160.0000 75.0000 -240.0000
v 2160.0000 75.0000 240.0000
v 2160.0000 78.0000 240.0000
v 2160.0000 78.0000 -240.0000
v 2220.0000 75.0000 -240.0000
v 2220.0000 75.0000 240.0000
v 2220.0000 78.0000 240.0000
v 2220.0000 78.0000 -240.0000
v 2220.0000 75.0000 -240.0000
v 2220.0000 75.0000 240.0000
v 2220.0000 78.0000 240.0000
v 2220.0000 78.0000 -240.0000
v 2280.0000 75.0000 -240.0000
v 2280.0000 75.0000 240.0000
v 2280.0000 78.0000 240.0000
v 2280.0000 78.0000 -240.0000
v 2280.0000 75.0000 -240.0000
v 2280.0000 75.0000 240.0000
v 2280.0000 78.0000 240.0000
v 2280.0000 78.0000 -240.0000
v 2340.0000 75.0000 -240.0000
v 2340.0000 75.0000 240.0000
v 2340.0000 78.0000 240.0000
v 2340.0000 78.0000 -240.0000
v 2340.0000 75.0000 -240.0000
v 2340.0000 75.0000 240.0000
v 2340.0000 78.0000 240.0000
v 2340.0000 78.0000 -240.0000
v 2400.0000 75.0000 -240.0000
v 2400.0000 75.0000 240.0000
v 2400.0000 78.0000 240.0000
v 2400.0000 78.0000 -240.0000
vt 1.1000 0.6875
vt 1.1075 0.6875
vt 1.1075 0.3125
vt 1.1000 0.3125
vt 1.1000 0.3125
vt 1.1075 0.3125
vt 1.1075 0.6875
vt 1.1000 0.6875
vt 0.6500 -0.1000
vt 0.6500 -0.1075
vt 0.5000 -0.1075
vt 0.5000 -0.1000
vt 0.6500 0.6875
vt 0.6500 0.3125
vt 0.5000 0.3125
vt 0.5000 0.6875
vt 0.6500 -0.1075
vt 0.6500 -0.1000
vt 0.5000 -0.1000
vt 0.5000 -0.1075
vt 0.6500 0.3125
vt 0.6500 0.6875
vt 0.5000 0.6875
vt 0.5000 0.3125
vt 1.1000 0.6875
vt 1.1075 0.6875
vt 1.1075 0.3125
vt 1.1000 0.3125
vt 1.1000 0.3125
vt 1.1075 0.3125
vt 1.1075 0.6875
vt 1.1000 0.6875
vt 0.8000 -0.1000
vt 0.8000 -0.1075
vt 0.6500 -0.1075
vt 0.6500 -0.1000
vt 0.8000 0.6875
vt 0.8000 0.3125
vt 0.6500 0.3125
vt 0.6500 0.6875
vt 0.8000 -0.1075
vt 0.8000 -0.1000
vt 0.6500 -0.1000
vt 0.6500 -0.1075
vt 0.8000 0.3125
vt 0.8000 0.6875
vt 0.6500 0.6875
vt 0.6500 0.3125
vt 1.1000 0.6875
vt 1.1075 0.6875
vt 1.1075 0.3125
vt 1.1000 0.3125
vt 1.1000 0.3125
vt 1.1075 0.3125
vt 1.1075 0.6875
vt 1.1000 0.6875
vt 0.9500 -0.1000
vt 0.9500 -0.1075
vt 0.8000 -0.1075
vt 0.8000 -0.1000
vt 0.9500 0.6875
vt 0.9500 0.3125
vt 0.8000 0.3125
vt 0.8000 0.6875
vt 0.9500 -0.1075
vt 0.9500 -0.1000
vt 0.8000 -0.1000
vt 0.8000 -0.1075
vt 0.9500 0.3125
vt 0.9500 0.6875
vt 0.8000 0.6875
vt 0.8000 0.3125
vt 1.1000 0.6875
vt 1.1075 0.6875
vt 1.1075 0.3125
vt 1.1000 0.3125
vt 1.1000 0.3125
vt 1.1075 0.3125
vt 1.1075 0.6875
vt 1.1000 0.6875
vt 1.1000 -0.1000
vt 1.1000 -0.1075
vt 0.9500 -0.1075
vt 0.9500 -0.1000
vt 1.1000 0.6875
vt 1.1000 0.3125
vt 0.9500 0.3125
vt 0.9500 0.6875
vt 1.1000 -0.1075
vt 1.1000 -0.1000
vt 0.9500 -0.1000
vt 0.9500 -0.1075
vt 1.1000 0.3125
vt 1.1000 0.6875
vt 0.9500 0.6875
vt 0.9500 0.3125
vt 1.1000 0.6875
vt 1.1075 0.6875
vt 1.1075 0.3125
vt 1.1000 0.3125
vt 1.1000 0.3125
vt 1.1075 0.3125
vt 1.1075 0.6875
vt 1.1000 0.6875
vt 1.2500 -0.1000
vt 1.2500 -0.1075
vt 1.1000 -0.1075
vt 1.1000 -0.1000
vt 1.2500 0.6875
vt 1.2500 0.3125
vt 1.1000 0.3125
vt 1.1000 0.6875
vt 1.2500 -0.1075
vt 1.2500 -0.1000
vt 1.1000 -0.1000
vt 1.1000 -0.1075
vt 1.2500 0.3125
vt 1.2500 0.6875
vt 1.1000 0.6875
vt 1.1000 0.3125
vt 1.1000 0.6875
vt 1.1075 0.6875
vt 1.1075 0.3125
vt 1.1000 0.3125
vt 1.1000 0.3125
vt 1.1075 0.3125
vt 1.1075 0.6875
vt 1.1000 0.6875
vt 1.4000 -0.1000
vt 1.4000 -0.1075
vt 1.2500 -0.1075
vt 1.2500 -0.1000
vt 1.4000 0.6875
vt 1.4000 0.3125
vt 1.2500 0.3125
vt 1.2500 0.6875
vt 1.4000 -0.1075
vt 1.4000 -0.1000
vt 1.2500 -0.1000
vt 1.2500 -0.1075
vt 1.4000 0.3125
vt 1.4000 0.6875
vt 1.2500 0.6875
vt 1.2500 0.3125
vt 1.1000 0.6875
vt 1.1075 0.6875
vt 1.1075 0.3125
vt 1.1000 0.3125
vt 1.1000 0.3125
vt 1.1075 0.3125
vt 1.1075 0.6875
vt 1.1000 0.6875
vt 1.5500 -0.1000
vt 1.5500 -0.1075
vt 1.4000 -0.1075
vt 1.4000 -0.1000
vt 1.5500 0.6875
vt 1.5500 0.3125
vt 1.4000 0.3125
vt 1.4000 0.6875
vt 1.5500 -0.1075
vt 1.5500 -0.1000
vt 1.4000 -0.1000
vt 1.4000 -0.1075
vt 1.5500 0.3125
vt 1.5500 0.6875
vt 1.4000 0.6875
vt 1.4000 0.3125
vt 1.1000 0.6875
vt 1.1075 0.6875
vt 1.1075 0.3125
vt 1.1000 0.3125
vt 1.1000 0.3125
vt 1.1075 0.3125
vt 1.1075 0.6875
vt 1.1000 0.6875
vt 3.3500 -0.1000
vt 3.3500 -0.1075
vt 3.2000 -0.1075
vt 3.2000 -0.1000
vt 3.3500 0.6875
vt 3.3500 0.3125
vt 3.2000 0.3125
vt 3.2000 0.6875
vt 3.3500 -0.1075
vt 3.3500 -0.1000
vt 3.2000 -0.1000
vt 3.2000 -0.1075
vt 3.3500 0.3125
vt 3.3500 0.6875
vt 3.2000 0.6875
vt 3.2000 0.3125
vt 1.1000 0.6875
vt 1.1075 0.6875
vt 1.1075 0.3125
vt 1.1000 0.3125
vt 1.1000 0.3125
vt 1.1075 0.3125
vt 1.1075 0.6875
vt 1.1000 0.6875
vt 3.5000 -0.1000
vt 3.5000 -0.1075
vt 3.3500 -0.1075
vt 3.3500 -0.1000
vt 3.5000 0.6875
vt 3.5000 0.3125
vt 3.3500 0.3125
vt 3.3500 0.6875
vt 3.5000 -0.1075
vt 3.5000 -0.1000
vt 3.3500 -0.1000
vt 3.3500 -0.1075
vt 3.5000 0.3125
vt 3.5000 0.6875
vt 3.3500 0.6875
vt 3.3500 0.3125
vt 1.1000 0.6875
vt 1.1075 0.6875
vt 1.1075 0.3125
vt 1.1000 0.3125
vt 1.1000 0.3125
vt 1.1075 0.3125
vt 1.1075 0.6875
vt 1.1000 0.6875
vt 3.6500 -0.1000
vt 3.6500 -0.1075
vt 3.5000 -0.1075
vt 3.5000 -0.1000
vt 3.6500 0.6875
vt 3.6500 0.3125
vt 3.5000 0.3125
vt 3.5000 0.6875
vt 3.6500 -0.1075
vt 3.6500 -0.1000
vt 3.5000 -0.1000
vt 3.5000 -0.1075
vt 3.6500 0.3125
vt 3.6500 0.6875
vt 3.5000 0.6875
vt 3.5000 0.3125
vt 1.1000 0.6875
vt 1.1075 0.6875
vt 1.1075 0.3125
vt 1.1000 0.3125
vt 1.1000 0.3125
vt 1.1075 0.3125
vt 1.1075 0.6875
vt 1.1000 0.6875
vt 3.8000 -0.1000
vt 3.8000 -0.1075
vt 3.6500 -0.1075
vt 3.6500 -0.1000
vt 3.8000 0.6875
vt 3.8000 0.3125
vt 3.6500 0.3125
vt 3.6500 0.6875
vt 3.8000 -0.1075
vt 3.8000 -0.1000
vt 3.6500 -0.1000
vt 3.6500 -0.1075
vt 3.8000 0.3125
vt 3.8000 0.6875
vt 3.6500 0.6875
vt 3.6500 0.3125
vt 1.1000 0.6875
vt 1.1075 0.6875
vt 1.1075 0.3125
vt 1.1000 0.3125
vt 1.1000 0.3125
vt 1.1075 0.3125
vt 1.1075 0.6875
vt 1.1000 0.6875
vt 3.9500 -0.1000
vt 3.9500 -0.1075
vt 3.8000 -0.1075
vt 3.8000 -0.1000
vt 3.9500 0.6875
vt 3.9500 0.3125
vt 3.8000 0.3125
vt 3.8000 0.6875
vt 3.9500 -0.1075
vt 3.9500 -0.1000
vt 3.8000 -0.1000
vt 3.8000 -0.1075
vt 3.9500 0.3125
vt 3.9500 0.6875
vt 3.8000 0.6875
vt 3.8000 0.3125
vt 1.1000 0.6875
vt 1.1075 0.6875
vt 1.1075 0.3125
vt 1.1000 0.3125
vt 1.1000 0.3125
vt 1.1075 0.3125
vt 1.1075 0.6875
vt 1.1000 0.6875
vt 4.1000 -0.1000
vt 4.1000 -0.1075
vt 3.9500 -0.1075
vt 3.9500 -0.1000
vt 4.1000 0.6875
vt 4.1000 0.3125
vt 3.9500 0.3125
vt 3.9500 0.6875
vt 4.1000 -0.1075
vt 4.1000 -0.1000
vt 3.9500 -0.1000
vt 3.9500 -0.1075
vt 4.1000 0.3125
vt 4.1000 0.6875
vt 3.9500 0.6875
vt 3.9500 0.3125
vt 1.1000 0.6875
vt 1.1075 0.6875
vt 1.1075 0.3125
vt 1.1000 0.3125
vt 1.1000 0.3125
vt 1.1075 0.3125
vt 1.1075 0.6875
vt 1.1000 0.6875
vt 4.2500 -0.1000
vt 4.2500 -0.1075
vt 4.1000 -0.1075
vt 4.1000 -0.1000
vt 4.2500 0.6875
vt 4.2500 0.3125
vt 4.1000 0.3125
vt 4.1000 0.6875
vt 4.2500 -0.1075
vt 4.2500 -0.1000
vt 4.1000 -0.1000
vt 4.1000 -0.1075
vt 4.2500 0.3125
vt 4.2500 0.6875
vt 4.1000 0.6875
vt 4.1000 0.3125
vt 1.1000 0.6875
vt 1.1075 0.6875
vt 1.1075 0.3125
vt 1.1000 0.3125
vt 1.1000 0.3125
vt 1.1075 0.3125
vt 1.1075 0.6875
vt 1.1000 0.6875
vt 4.4000 -0.1000
vt 4.4000 -0.1075
vt 4.2500 -0.1075
vt 4.2500 -0.1000
vt 4.4000 0.6875
vt 4.4000 0.3125
vt 4.2500 0.3125
vt 4.2500 0.6875
vt 4.4000 -0.1075
vt 4.4000 -0.1000
vt 4.2500 -0.1000
vt 4.2500 -0.1075
vt 4.4000 0.3125
vt 4.4000 0.6875
vt 4.2500 0.6875
vt 4.2500 0.3125
vt 1.1000 0.6875
vt 1.1075 0.6875
vt 1.1075 0.3125
vt 1.1000 0.3125
vt 1.1000 0.3125
vt 1.1075 0.3125
vt 1.1075 0.6875
vt 1.1000 0.6875
vt 4.5500 -0.1000
vt 4.5500 -0.1075
vt 4.4000 -0.1075
vt 4.4000 -0.1000
vt 4.5500 0.6875
vt 4.5500 0.3125
vt 4.4000 0.3125
vt 4.4000 0.6875
vt 4.5500 -0.1075
vt 4.5500 -0.1000
vt 4.4000 -0.1000
vt 4.4000 -0.1075
vt 4.5500 0.3125
vt 4.5500 0.6875
vt 4.4000 0.6875
vt 4.4000 0.3125
vt 1.1000 0.6875
vt 1.1075 0.6875
vt 1.1075 0.3125
vt 1.1000 0.3125
vt 1.1000 0.3125
vt 1.1075 0.3125
vt 1.1075 0.6875
vt 1.1000 0.6875
vt 4.7000 -0.1000
vt 4.7000 -0.1075
vt 4.5500 -0.1075
vt 4.5500 -0.1000
vt 4.7000 0.6875
vt 4.7000 0.3125
vt 4.5500 0.3125
vt 4.5500 0.6875
vt 4.7000 -0.1075
vt 4.7000 -0.1000
vt 4.5500 -0.1000
vt 4.5500 -0.1075
vt 4.7000 0.3125
vt 4.7000 0.6875
vt 4.5500 0.6875
vt 4.5500 0.3125
vt 1.1000 0.6875
vt 1.1075 0.6875
vt 1.1075 0.3125
vt 1.1000 0.3125
vt 1.1000 0.3125
vt 1.1075 0.3125
vt 1.1075 0.6875
vt 1.1000 0.6875
vt 4.8500 -0.1000
vt 4.8500 -0.1075
vt 4.7000 -0.1075
vt 4.7000 -0.1000
vt 4.8500 0.6875
vt 4.8500 0.3125
vt 4.7000 0.3125
vt 4.7000 0.6875
vt 4.8500 -0.1075
vt 4.8500 -0.1000
vt 4.7000 -0.1000
vt 4.7000 -0.1075
vt 4.8500 0.3125
vt 4.8500 0.6875
vt 4.7000 0.6875
vt 4.7000 0.3125
vt 1.1000 0.6875
vt 1.1075 0.6875
vt 1.1075 0.3125
vt 1.1000 0.3125
vt 1.1000 0.3125
vt 1.1075 0.3125
vt 1.1075 0.6875
vt 1.1000 0.6875
vt 5.0000 -0.1000
vt 5.0000 -0.1075
vt 4.8500 -0.1075
vt 4.8500 -0.1000
vt 5.0000 0.6875
vt 5.0000 0.3125
vt 4.8500 0.3125
vt 4.8500 0.6875
vt 5.0000 -0.1075
vt 5.0000 -0.1000
vt 4.8500 -0.1000
vt 4.8500 -0.1075
vt 5.0000 0.3125
vt 5.0000 0.6875
vt 4.8500 0.6875
vt 4.8500 0.3125
vt 1.1000 0.6875
vt 1.1075 0.6875
vt 1.1075 0.3125
vt 1.1000 0.3125
vt 1.1000 0.3125
vt 1.1075 0.3125
vt 1.1075 0.6875
vt 1.1000 0.6875
vt 5.1500 -0.1000
vt 5.1500 -0.1075
vt 5.0000 -0.1075
vt 5.0000 -0.1000
vt 5.1500 0.6875
vt 5.1500 0.3125
vt 5.0000 0.3125
vt 5.0000 0.6875
vt 5.1500 -0.1075
vt 5.1500 -0.1000
vt 5.0000 -0.1000
vt 5.0000 -0.1075
vt 5.1500 0.3125
vt 5.1500 0.6875
vt 5.0000 0.6875
vt 5.0000 0.3125
vt 1.1000 0.6875
vt 1.1075 0.6875
vt 1.1075 0.3125
vt 1.1000 0.3125
vt 1.1000 0.3125
vt 1.1075 0.3125
vt 1.1075 0.6875
vt 1.1000 0.6875
vt 5.3000 -0.1000
vt 5.3000 -0.1075
vt 5.1500 -0.1075
vt 5.1500 -0.1000
vt 5.3000 0.6875
vt 5.3000 0.3125
vt 5.1500 0.3125
vt 5.1500 0.6875
vt 5.3000 -0.1075
vt 5.3000 -0.1000
vt 5.1500 -0.1000
vt 5.1500 -0.1075
vt 5.3000 0.3125
vt 5.3000 0.6875
vt 5.1500 0.6875
vt 5.1500 0.3125
vt 1.1000 0.6875
vt 1.1075 0.6875
vt 1.1075 0.3125
vt 1.1000 0.3125
vt 1.1000 0.3125
vt 1.1075 0.3125
vt 1.1075 0.6875
vt 1.1000 0.6875
vt 5.4500 -0.1000
vt 5.4500 -0.1075
vt 5.3000 -0.1075
vt 5.3000 -0.1000
vt 5.4500 0.6875
vt 5.4500 0.3125
vt 5.3000 0.3125
vt 5.3000 0.6875
vt 5.4500 -0.1075
vt 5.4500 -0.1000
vt 5.3000 -0.1000
vt 5.3000 -0.1075
vt 5.4500 0.3125
vt 5.4500 0.6875
vt 5.3000 0.6875
vt 5.3000 0.3125
vt 1.1000 0.6875
vt 1.1075 0.6875
vt 1.1075 0.3125
vt 1.1000 0.3125
vt 1.1000 0.3125
vt 1.1075 0.3125
vt 1.1075 0.6875
vt 1.1000 0.6875
vt 5.6000 -0.1000
vt 5.6000 -0.1075
vt 5.4500 -0.1075
vt 5.4500 -0.1000
vt 5.6000 0.6875
vt 5.6000 0.3125
vt 5.4500 0.3125
vt 5.4500 0.6875
vt 5.6000 -0.1075
vt 5.6000 -0.1000
vt 5.4500 -0.1000
vt 5.4500 -0.1075
vt 5.6000 0.3125
vt 5.6000 0.6875
vt 5.4500 0.6875
vt 5.4500 0.3125
vt 1.1000 0.6875
vt 1.1075 0.6875
vt 1.1075 0.3125
vt 1.1000 0.3125
vt 1.1000 0.3125
vt 1.1075 0.3125
vt 1.1075 0.6875
vt 1.1000 0.6875
vt 5.7500 -0.1000
vt 5.7500 -0.1075
vt 5.6000 -0.1075
vt 5.6000 -0.1000
vt 5.7500 0.6875
vt 5.7500 0.3125
vt 5.6000 0.3125
vt 5.6000 0.6875
vt 5.7500 -0.1075
vt 5.7500 -0.1000
vt 5.6000 -0.1000
vt 5.6000 -0.1075
vt 5.7500 0.3125
vt 5.7500 0.6875
vt 5.6000 0.6875
vt 5.6000 0.3125
vt 1.1000 0.6875
vt 1.1075 0.6875
vt 1.1075 0.3125
vt 1.1000 0.3125
vt 1.1000 0.3125
vt 1.1075 0.3125
vt 1.1075 0.6875
vt 1.1000 0.6875
vt 5.9000 -0.1000
vt 5.9000 -0.1075
vt 5.7500 -0.1075
vt 5.7500 -0.1000
vt 5.9000 0.6875
vt 5.9000 0.3125
vt 5.7500 0.3125
vt 5.7500 0.6875
vt 5.9000 -0.1075
vt 5.9000 -0.1000
vt 5.7500 -0.1000
vt 5.7500 -0.1075
vt 5.9000 0.3125
vt 5.9000 0.6875
vt 5.7500 0.6875
vt 5.7500 0.3125
vt 1.1000 0.6875
vt 1.1075 0.6875
vt 1.1075 0.3125
vt 1.1000 0.3125
vt 1.1000 0.3125
vt 1.1075 0.3125
vt 1.1075 0.6875
vt 1.1000 0.6875
vt 6.0500 -0.1000
vt 6.0500 -0.1075
vt 5.9000 -0.1075
vt 5.9000 -0.1000
vt 6.0500 0.6875
vt 6.0500 0.3125
vt 5.9000 0.3125
vt 5.9000 0.6875
vt 6.0500 -0.1075
vt 6.0500 -0.1000
vt 5.9000 -0.1000
vt 5.9000 -0.1075
vt 6.0500 0.3125
vt 6.0500 0.6875
vt 5.9000 0.6875
vt 5.9000 0.3125
vt 1.1000 0.6875
vt 1.1075 0.6875
vt 1.1075 0.3125
vt 1.1000 0.3125
vt 1.1000 0.3125
vt 1.1075 0.3125
vt 1.1075 0.6875
vt 1.1000 0.6875
vt 6.2000 -0.1000
vt 6.2000 -0.1075
vt 6.0500 -0.1075
vt 6.0500 -0.1000
vt 6.2000 0.6875
vt 6.2000 0.3125
vt 6.0500 0.3125
vt 6.0500 0.6875
vt 6.2000 -0.1075
vt 6.2000 -0.1000
vt 6.0500 -0.1000
vt 6.0500 -0.1075
vt 6.2000 0.3125
vt 6.2000 0.6875
vt 6.0500 0.6875
vt 6.0500 0.3125
vt 1.1000 0.6875
vt 1.1075 0.6875
vt 1.1075 0.3125
vt 1.1000 0.3125
vt 1.1000 0.3125
vt 1.1075 0.3125
vt 1.1075 0.6875
vt 1.1000 0.6875
vt 6.3500 -0.1000
vt 6.3500 -0.1075
vt 6.2000 -0.1075
vt 6.2000 -0.1000
vt 6.3500 0.6875
vt 6.3500 0.3125
vt 6.2000 0.3125
vt 6.2000 0.6875
vt 6.3500 -0.1075
vt 6.3500 -0.1000
vt 6.2000 -0.1000
vt 6.2000 -0.1075
vt 6.3500 0.3125
vt 6.3500 0.6875
vt 6.2000 0.6875
vt 6.2000 0.3125
vt 1.1000 0.6875
vt 1.1075 0.6875
vt 1.1075 0.3125
vt 1.1000 0.3125
vt 1.1000 0.3125
vt 1.1075 0.3125
vt 1.1075 0.6875
vt 1.1000 0.6875
vt 6.5000 -0.1000
vt 6.5000 -0.1075
vt 6.3500 -0.1075
vt 6.3500 -0.1000
vt 6.5000 0.6875
vt 6.5000 0.3125
vt 6.3500 0.3125
vt 6.3500 0.6875
vt 6.5000 -0.1075
vt 6.5000 -0.1000
vt 6.3500 -0.1000
vt 6.3500 -0.1075
vt 6.5000 0.3125
vt 6.5000 0.6875
vt 6.3500 0.6875
vt 6.3500 0.3125
vt -0.1075 0.6875
vt -0.1000 0.6875
vt -0.1000 0.3125
vt -0.1075 0.3125
vt -0.1075 0.3125
vt -0.1000 0.3125
vt -0.1000 0.6875
vt -0.1075 0.6875
vt 0.6500 1.1075
vt 0.6500 1.1000
vt 0.5000 1.1000
vt 0.5000 1.1075
vt 0.6500 0.6875
vt 0.6500 0.3125
vt 0.5000 0.3125
vt 0.5000 0.6875
vt 0.6500 1.1000
vt 0.6500 1.1075
vt 0.5000 1.1075
vt 0.5000 1.1000
vt 0.6500 0.3125
vt 0.6500 0.6875
vt 0.5000 0.6875
vt 0.5000 0.3125
vt -0.1075 0.6875
vt -0.1000 0.6875
vt -0.1000 0.3125
vt -0.1075 0.3125
vt -0.1075 0.3125
vt -0.1000 0.3125
vt -0.1000 0.6875
vt -0.1075 0.6875
vt 0.8000 1.1075
vt 0.8000 1.1000
vt 0.6500 1.1000
vt 0.6500 1.1075
vt 0.8000 0.6875
vt 0.8000 0.3125
vt 0.6500 0.3125
vt 0.6500 0.6875
vt 0.8000 1.1000
vt 0.8000 1.1075
vt 0.6500 1.1075
vt 0.6500 1.1000
vt 0.8000 0.3125
vt 0.8000 0.6875
vt 0.6500 0.6875
vt 0.6500 0.3125
vt -0.1075 0.6875
vt -0.1000 0.6875
vt -0.1000 0.3125
vt -0.1075 0.3125
vt -0.1075 0.3125
vt -0.1000 0.3125
vt -0.1000 0.6875
vt -0.1075 0.6875
vt 0.9500 1.1075
vt 0.9500 1.1000
vt 0.8000 1.1000
vt 0.8000 1.1075
vt 0.9500 0.6875
vt 0.9500 0.3125
vt 0.8000 0.3125
vt 0.8000 0.6875
vt 0.9500 1.1000
vt 0.9500 1.1075
vt 0.8000 1.1075
vt 0.8000 1.1000
vt 0.9500 0.3125
vt 0.9500 0.6875
vt 0.8000 0.6875
vt 0.8000 0.3125
vt -0.1075 0.6875
vt -0.1000 0.6875
vt -0.1000 0.3125
vt -0.1075 0.3125
vt -0.1075 0.3125
vt -0.1000 0.3125
vt -0.1000 0.6875
vt -0.1075 0.6875
vt 1.1000 1.1075
vt 1.1000 1.1000
vt 0.9500 1.1000
vt 0.9500 1.1075
vt 1.1000 0.6875
vt 1.1000 0.3125
vt 0.9500 0.3125
vt 0.9500 0.6875
vt 1.1000 1.1000
vt 1.1000 1.1075
vt 0.9500 1.1075
vt 0.9500 1.1000
vt 1.1000 0.3125
vt 1.1000 0.6875
vt 0.9500 0.6875
vt 0.9500 0.3125
vt -0.1075 0.6875
vt -0.1000 0.6875
vt -0.1000 0.3125
vt -0.1075 0.3125
vt -0.1075 0.3125
vt -0.1000 0.3125
vt -0.1000 0.6875
vt -0.1075 0.6875
vt 1.2500 1.1075
vt 1.2500 1.1000
vt 1.1000 1.1000
vt 1.1000 1.1075
vt 1.2500 0.6875
vt 1.2500 0.3125
vt 1.1000 0.3125
vt 1.1000 0.6875
vt 1.2500 1.1000
vt 1.2500 1.1075
vt 1.1000 1.1075
vt 1.1000 1.1000
vt 1.2500 0.3125
vt 1.2500 0.6875
vt 1.1000 0.6875
vt 1.1000 0.3125
vt -0.1075 0.6875
vt -0.1000 0.6875
vt -0.1000 0.3125
vt -0.1075 0.3125
vt -0.1075 0.3125
vt -0.1000 0.3125
vt -0.1000 0.6875
vt -0.1075 0.6875
vt 1.4000 1.1075
vt 1.4000 1.1000
vt 1.2500 1.1000
vt 1.2500 1.1075
vt 1.4000 0.6875
vt 1.4000 0.3125
vt 1.2500 0.3125
vt 1.2500 0.6875
vt 1.4000 1.1000
vt 1.4000 1.1075
vt 1.2500 1.1075
vt 1.2500 1.1000
vt 1.4000 0.3125
vt 1.4000 0.6875
vt 1.2500 0.6875
vt 1.2500 0.3125
vt -0.1075 0.6875
vt -0.1000 0.6875
vt -0.1000 0.3125
vt -0.1075 0.3125
vt -0.1075 0.3125
vt -0.1000 0.3125
vt -0.1000 0.6875
vt -0.1075 0.6875
vt 1.5500 1.1075
vt 1.5500 1.1000
vt 1.4000 1.1000
vt 1.4000 1.1075
vt 1.5500 0.6875
vt 1.5500 0.3125
vt 1.4000 0.3125
vt 1.4000 0.6875
vt 1.5500 1.1000
vt 1.5500 1.1075
vt 1.4000 1.1075
vt 1.4000 1.1000
vt 1.5500 0.3125
vt 1.5500 0.6875
vt 1.4000 0.6875
vt 1.4000 0.3125
vt -0.1075 0.6875
vt -0.1000 0.6875
vt -0.1000 0.3125
vt -0.1075 0.3125
vt -0.1075 0.3125
vt -0.1000 0.3125
vt -0.1000 0.6875
vt -0.1075 0.6875
vt 1.7000 1.1075
vt 1.7000 1.1000
vt 1.5500 1.1000
vt 1.5500 1.1075
vt 1.7000 0.6875
vt 1.7000 0.3125
vt 1.5500 0.3125
vt 1.5500 0.6875
vt 1.7000 1.1000
vt 1.7000 1.1075
vt 1.5500 1.1075
vt 1.5500 1.1000
vt 1.7000 0.3125
vt 1.7000 0.6875
vt 1.5500 0.6875
vt 1.5500 0.3125
vt -0.1075 0.6875
vt -0.1000 0.6875
vt -0.1000 0.3125
vt -0.1075 0.3125
vt -0.1075 0.3125
vt -0.1000 0.3125
vt -0.1000 0.6875
vt -0.1075 0.6875
vt 1.8500 1.1075
vt 1.8500 1.1000
vt 1.7000 1.1000
vt 1.7000 1.1075
vt 1.8500 0.6875
vt 1.8500 0.3125
vt 1.7000 0.3125
vt 1.7000 0.6875
vt 1.8500 1.1000
vt 1.8500 1.1075
vt 1.7000 1.1075
vt 1.7000 1.1000
vt 1.8500 0.3125
vt 1.8500 0.6875
vt 1.7000 0.6875
vt 1.7000 0.3125
vt -0.1075 0.6875
vt -0.1000 0.6875
vt -0.1000 0.3125
vt -0.1075 0.3125
vt -0.1075 0.3125
vt -0.1000 0.3125
vt -0.1000 0.6875
vt -0.1075 0.6875
vt 2.0000 1.1075
vt 2.0000 1.1000
vt 1.8500 1.1000
vt 1.8500 1.1075
vt 2.0000 0.6875
vt 2.0000 0.3125
vt 1.8500 0.3125
vt 1.8500 0.6875
vt 2.0000 1.1000
vt 2.0000 1.1075
vt 1.8500 1.1075
vt 1.8500 1.1000
vt 2.0000 0.3125
vt 2.0000 0.6875
vt 1.8500 0.6875
vt 1.8500 0.3125
vt -0.1075 0.6875
vt -0.1000 0.6875
vt -0.1000 0.3125
vt -0.1075 0.3125
vt -0.1075 0.3125
vt -0.1000 0.3125
vt -0.1000 0.6875
vt -0.1075 0.6875
vt 2.1500 1.1075
vt 2.1500 1.1000
vt 2.0000 1.1000
vt 2.0000 1.1075
vt 2.1500 0.6875
vt 2.1500 0.3125
vt 2.0000 0.3125
vt 2.0000 0.6875
vt 2.1500 1.1000
vt 2.1500 1.1075
vt 2.0000 1.1075
vt 2.0000 1.1000
vt 2.1500 0.3125
vt 2.1500 0.6875
vt 2.0000 0.6875
vt 2.0000 0.3125
vt -0.1075 0.6875
vt -0.1000 0.6875
vt -0.1000 0.3125
vt -0.1075 0.3125
vt -0.1075 0.3125
vt -0.1000 0.3125
vt -0.1000 0.6875
vt -0.1075 0.6875
vt 2.3000 1.1075
vt 2.3000 1.1000
vt 2.1500 1.1000
vt 2.1500 1.1075
vt 2.3000 0.6875
vt 2.3000 0.3125
vt 2.1500 0.3125
vt 2.1500 0.6875
vt 2.3000 1.1000
vt 2.3000 1.1075
vt 2.1500 1.1075
vt 2.1500 1.1000
vt 2.3000 0.3125
vt 2.3000 0.6875
vt 2.1500 0.6875
vt 2.1500 0.3125
vt -0.1075 0.6875
vt -0.1000 0.6875
vt -0.1000 0.3125
vt -0.1075 0.3125
vt -0.1075 0.3125
vt -0.1000 0.3125
vt -0.1000 0.6875
vt -0.1075 0.6875
vt 2.4500 1.1075
vt 2.4500 1.1000
vt 2.3000 1.1000
vt 2.3000 1.1075
vt 2.4500 0.6875
vt 2.4500 0.3125
vt 2.3000 0.3125
vt 2.3000 0.6875
vt 2.4500 1.1000
vt 2.4500 1.1075
vt 2.3000 1.1075
vt 2.3000 1.1000
vt 2.4500 0.3125
vt 2.4500 0.6875
vt 2.3000 0.6875
vt 2.3000 0.3125
vt -0.1075 0.6875
vt -0.1000 0.6875
vt -0.1000 0.3125
vt -0.1075 0.3125
vt -0.1075 0.3125
vt -0.1000 0.3125
vt -0.1000 0.6875
vt -0.1075 0.6875
vt 2.6000 1.1075
vt 2.6000 1.1000
vt 2.4500 1.1000
vt 2.4500 1.1075
vt 2.6000 0.6875
vt 2.6000 0.3125
vt 2.4500 0.3125
vt 2.4500 0.6875
vt 2.6000 1.1000
vt 2.6000 1.1075
vt 2.4500 1.1075
vt 2.4500 1.1000
vt 2.6000 0.3125
vt 2.6000 0.6875
vt 2.4500 0.6875
vt 2.4500 0.3125
vt -0.1075 0.6875
vt -0.1000 0.6875
vt -0.1000 0.3125
vt -0.1075 0.3125
vt -0.1075 0.3125
vt -0.1000 0.3125
vt -0.1000 0.6875
vt -0.1075 0.6875
vt 2.7500 1.1075
vt 2.7500 1.1000
vt 2.6000 1.1000
vt 2.6000 1.1075
vt 2.7500 0.6875
vt 2.7500 0.3125
vt 2.6000 0.3125
vt 2.6000 0.6875
vt 2.7500 1.1000
vt 2.7500 1.1075
vt 2.6000 1.1075
vt 2.6000 1.1000
vt 2.7500 0.3125
vt 2.7500 0.6875
vt 2.6000 0.6875
vt 2.6000 0.3125
vt -0.1075 0.6875
vt -0.1000 0.6875
vt -0.1000 0.3125
vt -0.1075 0.3125
vt -0.1075 0.3125
vt -0.1000 0.3125
vt -0.1000 0.6875
vt -0.1075 0.6875
vt 2.9000 1.1075
vt 2.9000 1.1000
vt 2.7500 1.1000
vt 2.7500 1.1075
vt 2.9000 0.6875
vt 2.9000 0.3125
vt 2.7500 0.3125
vt 2.7500 0.6875
vt 2.9000 1.1000
vt 2.9000 1.1075
vt 2.7500 1.1075
vt 2.7500 1.1000
vt 2.9000 0.3125
vt 2.9000 0.6875
vt 2.7500 0.6875
vt 2.7500 0.3125
vt -0.1075 0.6875
vt -0.1000 0.6875
vt -0.1000 0.3125
vt -0.1075 0.3125
vt -0.1075 0.3125
vt -0.1000 0.3125
vt -0.1000 0.6875
vt -0.1075 0.6875
vt 3.0500 1.1075
vt 3.0500 1.1000
vt 2.9000 1.1000
vt 2.9000 1.1075
vt 3.0500 0.6875
vt 3.0500 0.3125
vt 2.9000 0.3125
vt 2.9000 0.6875
vt 3.0500 1.1000
vt 3.0500 1.1075
vt 2.9000 1.1075
vt 2.9000 1.1000
vt 3.0500 0.3125
vt 3.0500 0.6875
vt 2.9000 0.6875
vt 2.9000 0.3125
vt -0.1075 0.6875
vt -0.1000 0.6875
vt -0.1000 0.3125
vt -0.1075 0.3125
vt -0.1075 0.3125
vt -0.1000 0.3125
vt -0.1000 0.6875
vt -0.1075 0.6875
vt 3.2000 1.1075
vt 3.2000 1.1000
vt 3.0500 1.1000
vt 3.0500 1.1075
vt 3.2000 0.6875
vt 3.2000 0.3125
vt 3.0500 0.3125
vt 3.0500 0.6875
vt 3.2000 1.1000
vt 3.2000 1.1075
vt 3.0500 1.1075
vt 3.0500 1.1000
vt 3.2000 0.3125
vt 3.2000 0.6875
vt 3.0500 0.6875
vt 3.0500 0.3125
vt -0.1075 0.6875
vt -0.1000 0.6875
vt -0.1000 0.3125
vt -0.1075 0.3125
vt -0.1075 0.3125
vt -0.1000 0.3125
vt -0.1000 0.6875
vt -0.1075 0.6875
vt 3.3500 1.1075
vt 3.3500 1.1000
vt 3.2000 1.1000
vt 3.2000 1.1075
vt 3.3500 0.6875
vt 3.3500 0.3125
vt 3.2000 0.3125
vt 3.2000 0.6875
vt 3.3500 1.1000
vt 3.3500 1.1075
vt 3.2000 1.1075
vt 3.2000 1.1000
vt 3.3500 0.3125
vt 3.3500 0.6875
vt 3.2000 0.6875
vt 3.2000 0.3125
vt -0.1075 0.6875
vt -0.1000 0.6875
vt -0.1000 0.3125
vt -0.1075 0.3125
vt -0.1075 0.3125
vt -0.1000 0.3125
vt -0.1000 0.6875
vt -0.1075 0.6875
vt 3.5000 1.1075
vt 3.5000 1.1000
vt 3.3500 1.1000
vt 3.3500 1.1075
vt 3.5000 0.6875
vt 3.5000 0.3125
vt 3.3500 0.3125
vt 3.3500 0.6875
vt 3.5000 1.1000
vt 3.5000 1.1075
vt 3.3500 1.1075
vt 3.3500 1.1000
vt 3.5000 0.3125
vt 3.5000 0.6875
vt 3.3500 0.6875
vt 3.3500 0.3125
vt -0.1075 0.6875
vt -0.1000 0.6875
vt -0.1000 0.3125
vt -0.1075 0.3125
vt -0.1075 0.3125
vt -0.1000 0.3125
vt -0.1000 0.6875
vt -0.1075 0.6875
vt 3.6500 1.1075
vt 3.6500 1.1000
vt 3.5000 1.1000
vt 3.5000 1.1075
vt 3.6500 0.6875
vt 3.6500 0.3125
vt 3.5000 0.3125
vt 3.5000 0.6875
vt 3.6500 1.1000
vt 3.6500 1.1075
vt 3.5000 1.1075
vt 3.5000 1.1000
vt 3.6500 0.3125
vt 3.6500 0.6875
vt 3.5000 0.6875
vt 3.5000 0.3125
vt -0.1075 0.6875
vt -0.1000 0.6875
vt -0.1000 0.3125
vt -0.1075 0.3125
vt -0.1075 0.3125
vt -0.1000 0.3125
vt -0.1000 0.6875
vt -0.1075 0.6875
vt 3.8000 1.1075
vt 3.8000 1.1000
vt 3.6500 1.1000
vt 3.6500 1.1075
vt 3.8000 0.6875
vt 3.8000 0.3125
vt 3.6500 0.3125
vt 3.6500 0.6875
vt 3.8000 1.1000
vt 3.8000 1.1075
vt 3.6500 1.1075
vt 3.6500 1.1000
vt 3.8000 0.3125
vt 3.8000 0.6875
vt 3.6500 0.6875
vt 3.6500 0.3125
vt -0.1075 0.6875
vt -0.1000 0.6875
vt -0.1000 0.3125
vt -0.1075 0.3125
vt -0.1075 0.3125
vt -0.1000 0.3125
vt -0.1000 0.6875
vt -0.1075 0.6875
vt 3.9500 1.1075
vt 3.9500 1.1000
vt 3.8000 1.1000
vt 3.8000 1.1075
vt 3.9500 0.6875
vt 3.9500 0.3125
vt 3.8000 0.3125
vt 3.8000 0.6875
vt 3.9500 1.1000
vt 3.9500 1.1075
vt 3.8000 1.1075
vt 3.8000 1.1000
vt 3.9500 0.3125
vt 3.9500 0.6875
vt 3.8000 0.6875
vt 3.8000 0.3125
vt -0.1075 0.6875
vt -0.1000 0.6875
vt -0.1000 0.3125
vt -0.1075 0.3125
vt -0.1075 0.3125
vt -0.1000 0.3125
vt -0.1000 0.6875
vt -0.1075 0.6875
vt 4.1000 1.1075
vt 4.1000 1.1000
vt 3.9500 1.1000
vt 3.9500 1.1075
vt 4.1000 0.6875
vt 4.1000 0.3125
vt 3.9500 0.3125
vt 3.9500 0.6875
vt 4.1000 1.1000
vt 4.1000 1.1075
vt 3.9500 1.1075
vt 3.9500 1.1000
vt 4.1000 0.3125
vt 4.1000 0.6875
vt 3.9500 0.6875
vt 3.9500 0.3125
vt -0.1075 0.6875
vt -0.1000 0.6875
vt -0.1000 0.3125
vt -0.1075 0.3125
vt -0.1075 0.3125
vt -0.1000 0.3125
vt -0.1000 0.6875
vt -0.1075 0.6875
vt 4.2500 1.1075
vt 4.2500 1.1000
vt 4.1000 1.1000
vt 4.1000 1.1075
vt 4.2500 0.6875
vt 4.2500 0.3125
vt 4.1000 0.3125
vt 4.1000 0.6875
vt 4.2500 1.1000
vt 4.2500 1.1075
vt 4.1000 1.1075
vt 4.1000 1.1000
vt 4.2500 0.3125
vt 4.2500 0.6875
vt 4.1000 0.6875
vt 4.1000 0.3125
vt -0.1075 0.6875
vt -0.1000 0.6875
vt -0.1000 0.3125
vt -0.1075 0.3125
vt -0.1075 0.3125
vt -0.1000 0.3125
vt -0.1000 0.6875
vt -0.1075 0.6875
vt 4.4000 1.1075
vt 4.4000 1.1000
vt 4.2500 1.1000
vt 4.2500 1.1075
vt 4.4000 0.6875
vt 4.4000 0.3125
vt 4.2500 0.3125
vt 4.2500 0.6875
vt 4.4000 1.1000
vt 4.4000 1.1075
vt 4.2500 1.1075
vt 4.2500 1.1000
vt 4.4000 0.3125
vt 4.4000 0.6875
vt 4.2500 0.6875
vt 4.2500 0.3125
vt -0.1075 0.6875
vt -0.1000 0.6875
vt -0.1000 0.3125
vt -0.1075 0.3125
vt -0.1075 0.3125
vt -0.1000 0.3125
vt -0.1000 0.6875
vt -0.1075 0.6875
vt 4.5500 1.1075
vt 4.5500 1.1000
vt 4.4000 1.1000
vt 4.4000 1.1075
vt 4.5500 0.6875
vt 4.5500 0.3125
vt 4.4000 0.3125
vt 4.4000 0.6875
vt 4.5500 1.1000
vt 4.5500 1.1075
vt 4.4000 1.1075
vt 4.4000 1.1000
vt 4.5500 0.3125
vt 4.5500 0.6875
vt 4.4000 0.6875
vt 4.4000 0.3125
vt -0.1075 0.6875
vt -0.1000 0.6875
vt -0.1000 0.3125
vt -0.1075 0.3125
vt -0.1075 0.3125
vt -0.1000 0.3125
vt -0.1000 0.6875
vt -0.1075 0.6875
vt 4.7000 1.1075
vt 4.7000 1.1000
vt 4.5500 1.1000
vt 4.5500 1.1075
vt 4.7000 0.6875
vt 4.7000 0.3125
vt 4.5500 0.3125
vt 4.5500 0.6875
vt 4.7000 1.1000
vt 4.7000 1.1075
vt 4.5500 1.1075
vt 4.5500 1.1000
vt 4.7000 0.3125
vt 4.7000 0.6875
vt 4.5500 0.6875
vt 4.5500 0.3125
vt -0.1075 0.6875
vt -0.1000 0.6875
vt -0.1000 0.3125
vt -0.1075 0.3125
vt -0.1075 0.3125
vt -0.1000 0.3125
vt -0.1000 0.6875
vt -0.1075 0.6875
vt 4.8500 1.1075
vt 4.8500 1.1000
vt 4.7000 1.1000
vt 4.7000 1.1075
vt 4.8500 0.6875
vt 4.8500 0.3125
vt 4.7000 0.3125
vt 4.7000 0.6875
vt 4.8500 1.1000
vt 4.8500 1.1075
vt 4.7000 1.1075
vt 4.7000 1.1000
vt 4.8500 0.3125
vt 4.8500 0.6875
vt 4.7000 0.6875
vt 4.7000 0.3125
vt -0.1075 0.6875
vt -0.1000 0.6875
vt -0.1000 0.3125
vt -0.1075 0.3125
vt -0.1075 0.3125
vt -0.1000 0.3125
vt -0.1000 0.6875
vt -0.1075 0.6875
vt 5.0000 1.1075
vt 5.0000 1.1000
vt 4.8500 1.1000
vt 4.8500 1.1075
vt 5.0000 0.6875
vt 5.0000 0.3125
vt 4.8500 0.3125
vt 4.8500 0.6875
vt 5.0000 1.1000
vt 5.0000 1.1075
vt 4.8500 1.1075
vt 4.8500 1.1000
vt 5.0000 0.3125
vt 5.0000 0.6875
vt 4.8500 0.6875
vt 4.8500 0.3125
vt -0.1075 0.6875
vt -0.1000 0.6875
vt -0.1000 0.3125
vt -0.1075 0.3125
vt -0.1075 0.3125
vt -0.1000 0.3125
vt -0.1000 0.6875
vt -0.1075 0.6875
vt 5.1500 1.1075
vt 5.1500 1.1000
vt 5.0000 1.1000
vt 5.0000 1.1075
vt 5.1500 0.6875
vt 5.1500 0.3125
vt 5.0000 0.3125
vt 5.0000 0.6875
vt 5.1500 1.1000
vt 5.1500 1.1075
vt 5.0000 1.1075
vt 5.0000 1.1000
vt 5.1500 0.3125
vt 5.1500 0.6875
vt 5.0000 0.6875
vt 5.0000 0.3125
vt -0.1075 0.6875
vt -0.1000 0.6875
vt -0.1000 0.3125
vt -0.1075 0.3125
vt -0.1075 0.3125
vt -0.1000 0.3125
vt -0.1000 0.6875
vt -0.1075 0.6875
vt 5.3000 1.1075
vt 5.3000 1.1000
vt 5.1500 1.1000
vt 5.1500 1.1075
vt 5.3000 0.6875
vt 5.3000 0.3125
vt 5.1500 0.3125
vt 5.1500 0.6875
vt 5.3000 1.1000
vt 5.3000 1.1075
vt 5.1500 1.1075
vt 5.1500 1.1000
vt 5.3000 0.3125
vt 5.3000 0.6875
vt 5.1500 0.6875
vt 5.1500 0.3125
vt -0.1075 0.6875
vt -0.1000 0.6875
vt -0.1000 0.3125
vt -0.1075 0.3125
vt -0.1075 0.3125
vt -0.1000 0.3125
vt -0.1000 0.6875
vt -0.1075 0.6875
vt 5.4500 1.1075
vt 5.4500 1.1000
vt 5.3000 1.1000
vt 5.3000 1.1075
vt 5.4500 0.6875
vt 5.4500 0.3125
vt 5.3000 0.3125
vt 5.3000 0.6875
vt 5.4500 1.1000
vt 5.4500 1.1075
vt 5.3000 1.1075
vt 5.3000 1.1000
vt 5.4500 0.3125
vt 5.4500 0.6875
vt 5.3000 0.6875
vt 5.3000 0.3125
vt -0.1075 0.6875
vt -0.1000 0.6875
vt -0.1000 0.3125
vt -0.1075 0.3125
vt -0.1075 0.3125
vt -0.1000 0.3125
vt -0.1000 0.6875
vt -0.1075 0.6875
vt 5.6000 1.1075
vt 5.6000 1.1000
vt 5.4500 1.1000
vt 5.4500 1.1075
vt 5.6000 0.6875
vt 5.6000 0.3125
vt 5.4500 0.3125
vt 5.4500 0.6875
vt 5.6000 1.1000
vt 5.6000 1.1075
vt 5.4500 1.1075
vt 5.4500 1.1000
vt 5.6000 0.3125
vt 5.6000 0.6875
vt 5.4500 0.6875
vt 5.4500 0.3125
vt -0.1075 0.6875
vt -0.1000 0.6875
vt -0.1000 0.3125
vt -0.1075 0.3125
vt -0.1075 0.3125
vt -0.1000 0.3125
vt -0.1000 0.6875
vt -0.1075 0.6875
vt 5.7500 1.1075
vt 5.7500 1.1000
vt 5.6000 1.1000
vt 5.6000 1.1075
vt 5.7500 0.6875
vt 5.7500 0.3125
vt 5.6000 0.3125
vt 5.6000 0.6875
vt 5.7500 1.1000
vt 5.7500 1.1075
vt 5.6000 1.1075
vt 5.6000 1.1000
vt 5.7500 0.3125
vt 5.7500 0.6875
vt 5.6000 0.6875
vt 5.6000 0.3125
vt -0.1075 0.6875
vt -0.1000 0.6875
vt -0.1000 0.3125
vt -0.1075 0.3125
vt -0.1075 0.3125
vt -0.1000 0.3125
vt -0.1000 0.6875
vt -0.1075 0.6875
vt 5.9000 1.1075
vt 5.9000 1.1000
vt 5.7500 1.1000
vt 5.7500 1.1075
vt 5.9000 0.6875
vt 5.9000 0.3125
vt 5.7500 0.3125
vt 5.7500 0.6875
vt 5.9000 1.1000
vt 5.9000 1.1075
vt 5.7500 1.1075
vt 5.7500 1.1000
vt 5.9000 0.3125
vt 5.9000 0.6875
vt 5.7500 0.6875
vt 5.7500 0.3125
vt -0.1075 0.6875
vt -0.1000 0.6875
vt -0.1000 0.3125
vt -0.1075 0.3125
vt -0.1075 0.3125
vt -0.1000 0.3125
vt -0.1000 0.6875
vt -0.1075 0.6875
vt 6.0500 1.1075
vt 6.0500 1.1000
vt 5.9000 1.1000
vt 5.9000 1.1075
vt 6.0500 0.6875
vt 6.0500 0.3125
vt 5.9000 0.3125
vt 5.9000 0.6875
vt 6.0500 1.1000
vt 6.0500 1.1075
vt 5.9000 1.1075
vt 5.9000 1.1000
vt 6.0500 0.3125
vt 6.0500 0.6875
vt 5.9000 0.6875
vt 5.9000 0.3125
vt -0.1075 0.6875
vt -0.1000 0.6875
vt -0.1000 0.3125
vt -0.1075 0.3125
vt -0.1075 0.3125
vt -0.1000 0.3125
vt -0.1000 0.6875
vt -0.1075 0.6875
vt 6.2000 1.1075
vt 6.2000 1.1000
vt 6.0500 1.1000
vt 6.0500 1.1075
vt 6.2000 0.6875
vt 6.2000 0.3125
vt 6.0500 0.3125
vt 6.0500 0.6875
vt 6.2000 1.1000
vt 6.2000 1.1075
vt 6.0500 1.1075
vt 6.0500 1.1000
vt 6.2000 0.3125
vt 6.2000 0.6875
vt 6.0500 0.6875
vt 6.0500 0.3125
vt -0.1075 0.6875
vt -0.1000 0.6875
vt -0.1000 0.3125
vt -0.1075 0.3125
vt -0.1075 0.3125
vt -0.1000 0.3125
vt -0.1000 0.6875
vt -0.1075 0.6875
vt 6.3500 1.1075
vt 6.3500 1.1000
vt 6.2000 1.1000
vt 6.2000 1.1075
vt 6.3500 0.6875
vt 6.3500 0.3125
vt 6.2000 0.3125
vt 6.2000 0.6875
vt 6.3500 1.1000
vt 6.3500 1.1075
vt 6.2000 1.1075
vt 6.2000 1.1000
vt 6.3500 0.3125
vt 6.3500 0.6875
vt 6.2000 0.6875
vt 6.2000 0.3125
vt -0.1075 0.6875
vt -0.1000 0.6875
vt -0.1000 0.3125
vt -0.1075 0.3125
vt -0.1075 0.3125
vt -0.1000 0.3125
vt -0.1000 0.6875
vt -0.1075 0.6875
vt 6.5000 1.1075
vt 6.5000 1.1000
vt 6.3500 1.1000
vt 6.3500 1.1075
vt 6.5000 0.6875
vt 6.5000 0.3125
vt 6.3500 0.3125
vt 6.3500 0.6875
vt 6.5000 1.1000
vt 6.5000 1.1075
vt 6.3500 1.1075
vt 6.3500 1.1000
vt 6.5000 0.3125
vt 6.5000 0.6875
vt 6.3500 0.6875
vt 6.3500 0.3125
vt -0.1000 0.3125
vt 1.1000 0.3125
vt 1.1000 0.3050
vt -0.1000 0.3050
vt -0.1000 0.3050
vt 1.1000 0.3050
vt 1.1000 0.3125
vt -0.1000 0.3125
vt 0.6500 1.1000
vt 0.6500 -0.1000
vt 0.5000 -0.1000
vt 0.5000 1.1000
vt 0.6500 0.3125
vt 0.6500 0.3050
vt 0.5000 0.3050
vt 0.5000 0.3125
vt 0.6500 -0.1000
vt 0.6500 1.1000
vt 0.5000 1.1000
vt 0.5000 -0.1000
vt 0.6500 0.3050
vt 0.6500 0.3125
vt 0.5000 0.3125
vt 0.5000 0.3050
vt -0.1000 0.3125
vt 1.1000 0.3125
vt 1.1000 0.3050
vt -0.1000 0.3050
vt -0.1000 0.3050
vt 1.1000 0.3050
vt 1.1000 0.3125
vt -0.1000 0.3125
vt 0.8000 1.1000
vt 0.8000 -0.1000
vt 0.6500 -0.1000
vt 0.6500 1.1000
vt 0.8000 0.3125
vt 0.8000 0.3050
vt 0.6500 0.3050
vt 0.6500 0.3125
vt 0.8000 -0.1000
vt 0.8000 1.1000
vt 0.6500 1.1000
vt 0.6500 -0.1000
vt 0.8000 0.3050
vt 0.8000 0.3125
vt 0.6500 0.3125
vt 0.6500 0.3050
vt -0.1000 0.3125
vt 1.1000 0.3125
vt 1.1000 0.3050
vt -0.1000 0.3050
vt -0.1000 0.3050
vt 1.1000 0.3050
vt 1.1000 0.3125
vt -0.1000 0.3125
vt 0.9500 1.1000
vt 0.9500 -0.1000
vt 0.8000 -0.1000
vt 0.8000 1.1000
vt 0.9500 0.3125
vt 0.9500 0.3050
vt 0.8000 0.3050
vt 0.8000 0.3125
vt 0.9500 -0.1000
vt 0.9500 1.1000
vt 0.8000 1.1000
vt 0.8000 -0.1000
vt 0.9500 0.3050
vt 0.9500 0.3125
vt 0.8000 0.3125
vt 0.8000 0.3050
vt -0.1000 0.3125
vt 1.1000 0.3125
vt 1.1000 0.3050
vt -0.1000 0.3050
vt -0.1000 0.3050
vt 1.1000 0.3050
vt 1.1000 0.3125
vt -0.1000 0.3125
vt 1.1000 1.1000
vt 1.1000 -0.1000
vt 0.9500 -0.1000
vt 0.9500 1.1000
vt 1.1000 0.3125
vt 1.1000 0.3050
vt 0.9500 0.3050
vt 0.9500 0.3125
vt 1.1000 -0.1000
vt 1.1000 1.1000
vt 0.9500 1.1000
vt 0.9500 -0.1000
vt 1.1000 0.3050
vt 1.1000 0.3125
vt 0.9500 0.3125
vt 0.9500 0.3050
vt -0.1000 0.3125
vt 1.1000 0.3125
vt 1.1000 0.3050
vt -0.1000 0.3050
vt -0.1000 0.3050
vt 1.1000 0.3050
vt 1.1000 0.3125
vt -0.1000 0.3125
vt 1.2500 1.1000
vt 1.2500 -0.1000
vt 1.1000 -0.1000
vt 1.1000 1.1000
vt 1.2500 0.3125
vt 1.2500 0.3050
vt 1.1000 0.3050
vt 1.1000 0.3125
vt 1.2500 -0.1000
vt 1.2500 1.1000
vt 1.1000 1.1000
vt 1.1000 -0.1000
vt 1.2500 0.3050
vt 1.2500 0.3125
vt 1.1000 0.3125
vt 1.1000 0.3050
vt -0.1000 0.3125
vt 1.1000 0.3125
vt 1.1000 0.3050
vt -0.1000 0.3050
vt -0.1000 0.3050
vt 1.1000 0.3050
vt 1.1000 0.3125
vt -0.1000 0.3125
vt 1.4000 1.1000
vt 1.4000 -0.1000
vt 1.2500 -0.1000
vt 1.2500 1.1000
vt 1.4000 0.3125
vt 1.4000 0.3050
vt 1.2500 0.3050
vt 1.2500 0.3125
vt 1.4000 -0.1000
vt 1.4000 1.1000
vt 1.2500 1.1000
vt 1.2500 -0.1000
vt 1.4000 0.3050
vt 1.4000 0.3125
vt 1.2500 0.3125
vt 1.2500 0.3050
vt -0.1000 0.3125
vt 1.1000 0.3125
vt 1.1000 0.3050
vt -0.1000 0.3050
vt -0.1000 0.3050
vt 1.1000 0.3050
vt 1.1000 0.3125
vt -0.1000 0.3125
vt 1.5500 1.1000
vt 1.5500 -0.1000
vt 1.4000 -0.1000
vt 1.4000 1.1000
vt 1.5500 0.3125
vt 1.5500 0.3050
vt 1.4000 0.3050
vt 1.4000 0.3125
vt 1.5500 -0.1000
vt 1.5500 1.1000
vt 1.4000 1.1000
vt 1.4000 -0.1000
vt 1.5500 0.3050
vt 1.5500 0.3125
vt 1.4000 0.3125
vt 1.4000 0.3050
vt -0.1000 0.3125
vt 1.1000 0.3125
vt 1.1000 0.3050
vt -0.1000 0.3050
vt -0.1000 0.3050
vt 1.1000 0.3050
vt 1.1000 0.3125
vt -0.1000 0.3125
vt 1.7000 1.1000
vt 1.7000 -0.1000
vt 1.5500 -0.1000
vt 1.5500 1.1000
vt 1.7000 0.3125
vt 1.7000 0.3050
vt 1.5500 0.3050
vt 1.5500 0.3125
vt 1.7000 -0.1000
vt 1.7000 1.1000
vt 1.5500 1.1000
vt 1.5500 -0.1000
vt 1.7000 0.3050
vt 1.7000 0.3125
vt 1.5500 0.3125
vt 1.5500 0.3050
vt -0.1000 0.3125
vt 1.1000 0.3125
vt 1.1000 0.3050
vt -0.1000 0.3050
vt -0.1000 0.3050
vt 1.1000 0.3050
vt 1.1000 0.3125
vt -0.1000 0.3125
vt 1.8500 1.1000
vt 1.8500 -0.1000
vt 1.7000 -0.1000
vt 1.7000 1.1000
vt 1.8500 0.3125
vt 1.8500 0.3050
vt 1.7000 0.3050
vt 1.7000 0.3125
vt 1.8500 -0.1000
vt 1.8500 1.1000
vt 1.7000 1.1000
vt 1.7000 -0.1000
vt 1.8500 0.3050
vt 1.8500 0.3125
vt 1.7000 0.3125
vt 1.7000 0.3050
vt -0.1000 0.3125
vt 1.1000 0.3125
vt 1.1000 0.3050
vt -0.1000 0.3050
vt -0.1000 0.3050
vt 1.1000 0.3050
vt 1.1000 0.3125
vt -0.1000 0.3125
vt 2.0000 1.1000
vt 2.0000 -0.1000
vt 1.8500 -0.1000
vt 1.8500 1.1000
vt 2.0000 0.3125
vt 2.0000 0.3050
vt 1.8500 0.3050
vt 1.8500 0.3125
vt 2.0000 -0.1000
vt 2.0000 1.1000
vt 1.8500 1.1000
vt 1.8500 -0.1000
vt 2.0000 0.3050
vt 2.0000 0.3125
vt 1.8500 0.3125
vt 1.8500 0.3050
vt -0.1000 0.3125
vt 1.1000 0.3125
vt 1.1000 0.3050
vt -0.1000 0.3050
vt -0.1000 0.3050
vt 1.1000 0.3050
vt 1.1000 0.3125
vt -0.1000 0.3125
vt 2.1500 1.1000
vt 2.1500 -0.1000
vt 2.0000 -0.1000
vt 2.0000 1.1000
vt 2.1500 0.3125
vt 2.1500 0.3050
vt 2.0000 0.3050
vt 2.0000 0.3125
vt 2.1500 -0.1000
vt 2.1500 1.1000
vt 2.0000 1.1000
vt 2.0000 -0.1000
vt 2.1500 0.3050
vt 2.1500 0.3125
vt 2.0000 0.3125
vt 2.0000 0.3050
vt -0.1000 0.3125
vt 1.1000 0.3125
vt 1.1000 0.3050
vt -0.1000 0.3050
vt -0.1000 0.3050
vt 1.1000 0.3050
vt 1.1000 0.3125
vt -0.1000 0.3125
vt 2.3000 1.1000
vt 2.3000 -0.1000
vt 2.1500 -0.1000
vt 2.1500 1.1000
vt 2.3000 0.3125
vt 2.3000 0.3050
vt 2.1500 0.3050
vt 2.1500 0.3125
vt 2.3000 -0.1000
vt 2.3000 1.1000
vt 2.1500 1.1000
vt 2.1500 -0.1000
vt 2.3000 0.3050
vt 2.3000 0.3125
vt 2.1500 0.3125
vt 2.1500 0.3050
vt -0.1000 0.3125
vt 1.1000 0.3125
vt 1.1000 0.3050
vt -0.1000 0.3050
vt -0.1000 0.3050
vt 1.1000 0.3050
vt 1.1000 0.3125
vt -0.1000 0.3125
vt 2.4500 1.1000
vt 2.4500 -0.1000
vt 2.3000 -0.1000
vt 2.3000 1.1000
vt 2.4500 0.3125
vt 2.4500 0.3050
vt 2.3000 0.3050
vt 2.3000 0.3125
vt 2.4500 -0.1000
vt 2.4500 1.1000
vt 2.3000 1.1000
vt 2.3000 -0.1000
vt 2.4500 0.3050
vt 2.4500 0.3125
vt 2.3000 0.3125
vt 2.3000 0.3050
vt -0.1000 0.3125
vt 1.1000 0.3125
vt 1.1000 0.3050
vt -0.1000 0.3050
vt -0.1000 0.3050
vt 1.1000 0.3050
vt 1.1000 0.3125
vt -0.1000 0.3125
vt 2.6000 1.1000
vt 2.6000 -0.1000
vt 2.4500 -0.1000
vt 2.4500 1.1000
vt 2.6000 0.3125
vt 2.6000 0.3050
vt 2.4500 0.3050
vt 2.4500 0.3125
vt 2.6000 -0.1000
vt 2.6000 1.1000
vt 2.4500 1.1000
vt 2.4500 -0.1000
vt 2.6000 0.3050
vt 2.6000 0.3125
vt 2.4500 0.3125
vt 2.4500 0.3050
vt -0.1000 0.3125
vt 1.1000 0.3125
vt 1.1000 0.3050
vt -0.1000 0.3050
vt -0.1000 0.3050
vt 1.1000 0.3050
vt 1.1000 0.3125
vt -0.1000 0.3125
vt 2.7500 1.1000
vt 2.7500 -0.1000
vt 2.6000 -0.1000
vt 2.6000 1.1000
vt 2.7500 0.3125
vt 2.7500 0.3050
vt 2.6000 0.3050
vt 2.6000 0.3125
vt 2.7500 -0.1000
vt 2.7500 1.1000
vt 2.6000 1.1000
vt 2.6000 -0.1000
vt 2.7500 0.3050
vt 2.7500 0.3125
vt 2.6000 0.3125
vt 2.6000 0.3050
vt -0.1000 0.3125
vt 1.1000 0.3125
vt 1.1000 0.3050
vt -0.1000 0.3050
vt -0.1000 0.3050
vt 1.1000 0.3050
vt 1.1000 0.3125
vt -0.1000 0.3125
vt 2.9000 1.1000
vt 2.9000 -0.1000
vt 2.7500 -0.1000
vt 2.7500 1.1000
vt 2.9000 0.3125
vt 2.9000 0.3050
vt 2.7500 0.3050
vt 2.7500 0.3125
vt 2.9000 -0.1000
vt 2.9000 1.1000
vt 2.7500 1.1000
vt 2.7500 -0.1000
vt 2.9000 0.3050
vt 2.9000 0.3125
vt 2.7500 0.3125
vt 2.7500 0.3050
vt -0.1000 0.3125
vt 1.1000 0.3125
vt 1.1000 0.3050
vt -0.1000 0.3050
vt -0.1000 0.3050
vt 1.1000 0.3050
vt 1.1000 0.3125
vt -0.1000 0.3125
vt 3.0500 1.1000
vt 3.0500 -0.1000
vt 2.9000 -0.1000
vt 2.9000 1.1000
vt 3.0500 0.3125
vt 3.0500 0.3050
vt 2.9000 0.3050
vt 2.9000 0.3125
vt 3.0500 -0.1000
vt 3.0500 1.1000
vt 2.9000 1.1000
vt 2.9000 -0.1000
vt 3.0500 0.3050
vt 3.0500 0.3125
vt 2.9000 0.3125
vt 2.9000 0.3050
vt -0.1000 0.3125
vt 1.1000 0.3125
vt 1.1000 0.3050
vt -0.1000 0.3050
vt -0.1000 0.3050
vt 1.1000 0.3050
vt 1.1000 0.3125
vt -0.1000 0.3125
vt 3.2000 1.1000
vt 3.2000 -0.1000
vt 3.0500 -0.1000
vt 3.0500 1.1000
vt 3.2000 0.3125
vt 3.2000 0.3050
vt 3.0500 0.3050
vt 3.0500 0.3125
vt 3.2000 -0.1000
vt 3.2000 1.1000
vt 3.0500 1.1000
vt 3.0500 -0.1000
vt 3.2000 0.3050
vt 3.2000 0.3125
vt 3.0500 0.3125
vt 3.0500 0.3050
vt -0.1000 0.3125
vt 1.1000 0.3125
vt 1.1000 0.3050
vt -0.1000 0.3050
vt -0.1000 0.3050
vt 1.1000 0.3050
vt 1.1000 0.3125
vt -0.1000 0.3125
vt 3.3500 1.1000
vt 3.3500 -0.1000
vt 3.2000 -0.1000
vt 3.2000 1.1000
vt 3.3500 0.3125
vt 3.3500 0.3050
vt 3.2000 0.3050
vt 3.2000 0.3125
vt 3.3500 -0.1000
vt 3.3500 1.1000
vt 3.2000 1.1000
vt 3.2000 -0.1000
vt 3.3500 0.3050
vt 3.3500 0.3125
vt 3.2000 0.3125
vt 3.2000 0.3050
vt -0.1000 0.3125
vt 1.1000 0.3125
vt 1.1000 0.3050
vt -0.1000 0.3050
vt -0.1000 0.3050
vt 1.1000 0.3050
vt 1.1000 0.3125
vt -0.1000 0.3125
vt 3.5000 1.1000
vt 3.5000 -0.1000
vt 3.3500 -0.1000
vt 3.3500 1.1000
vt 3.5000 0.3125
vt 3.5000 0.3050
vt 3.3500 0.3050
vt 3.3500 0.3125
vt 3.5000 -0.1000
vt 3.5000 1.1000
vt 3.3500 1.1000
vt 3.3500 -0.1000
vt 3.5000 0.3050
vt 3.5000 0.3125
vt 3.3500 0.3125
vt 3.3500 0.3050
vt -0.1000 0.3125
vt 1.1000 0.3125
vt 1.1000 0.3050
vt -0.1000 0.3050
vt -0.1000 0.3050
vt 1.1000 0.3050
vt 1.1000 0.3125
vt -0.1000 0.3125
vt 3.6500 1.1000
vt 3.6500 -0.1000
vt 3.5000 -0.1000
vt 3.5000 1.1000
vt 3.6500 0.3125
vt 3.6500 0.3050
vt 3.5000 0.3050
vt 3.5000 0.3125
vt 3.6500 -0.1000
vt 3.6500 1.1000
vt 3.5000 1.1000
vt 3.5000 -0.1000
vt 3.6500 0.3050
vt 3.6500 0.3125
vt 3.5000 0.3125
vt 3.5000 0.3050
vt -0.1000 0.3125
vt 1.1000 0.3125
vt 1.1000 0.3050
vt -0.1000 0.3050
vt -0.1000 0.3050
vt 1.1000 0.3050
vt 1.1000 0.3125
vt -0.1000 0.3125
vt 3.8000 1.1000
vt 3.8000 -0.1000
vt 3.6500 -0.1000
vt 3.6500 1.1000
vt 3.8000 0.3125
vt 3.8000 0.3050
vt 3.6500 0.3050
vt 3.6500 0.3125
vt 3.8000 -0.1000
vt 3.8000 1.1000
vt 3.6500 1.1000
vt 3.6500 -0.1000
vt 3.8000 0.3050
vt 3.8000 0.3125
vt 3.6500 0.3125
vt 3.6500 0.3050
vt -0.1000 0.3125
vt 1.1000 0.3125
vt 1.1000 0.3050
vt -0.1000 0.3050
vt -0.1000 0.3050
vt 1.1000 0.3050
vt 1.1000 0.3125
vt -0.1000 0.3125
vt 3.9500 1.1000
vt 3.9500 -0.1000
vt 3.8000 -0.1000
vt 3.8000 1.1000
vt 3.9500 0.3125
vt 3.9500 0.3050
vt 3.8000 0.3050
vt 3.8000 0.3125
vt 3.9500 -0.1000
vt 3.9500 1.1000
vt 3.8000 1.1000
vt 3.8000 -0.1000
vt 3.9500 0.3050
vt 3.9500 0.3125
vt 3.8000 0.3125
vt 3.8000 0.3050
vt -0.1000 0.3125
vt 1.1000 0.3125
vt 1.1000 0.3050
vt -0.1000 0.3050
vt -0.1000 0.3050
vt 1.1000 0.3050
vt 1.1000 0.3125
vt -0.1000 0.3125
vt 4.1000 1.1000
vt 4.1000 -0.1000
vt 3.9500 -0.1000
vt 3.9500 1.1000
vt 4.1000 0.3125
vt 4.1000 0.3050
vt 3.9500 0.3050
vt 3.9500 0.3125
vt 4.1000 -0.1000
vt 4.1000 1.1000
vt 3.9500 1.1000
vt 3.9500 -0.1000
vt 4.1000 0.3050
vt 4.1000 0.3125
vt 3.9500 0.3125
vt 3.9500 0.3050
vt -0.1000 0.3125
vt 1.1000 0.3125
vt 1.1000 0.3050
vt -0.1000 0.3050
vt -0.1000 0.3050
vt 1.1000 0.3050
vt 1.1000 0.3125
vt -0.1000 0.3125
vt 4.2500 1.1000
vt 4.2500 -0.1000
vt 4.1000 -0.1000
vt 4.1000 1.1000
vt 4.2500 0.3125
vt 4.2500 0.3050
vt 4.1000 0.3050
vt 4.1000 0.3125
vt 4.2500 -0.1000
vt 4.2500 1.1000
vt 4.1000 1.1000
vt 4.1000 -0.1000
vt 4.2500 0.3050
vt 4.2500 0.3125
vt 4.1000 0.3125
vt 4.1000 0.3050
vt -0.1000 0.3125
vt 1.1000 0.3125
vt 1.1000 0.3050
vt -0.1000 0.3050
vt -0.1000 0.3050
vt 1.1000 0.3050
vt 1.1000 0.3125
vt -0.1000 0.3125
vt 4.4000 1.1000
vt 4.4000 -0.1000
vt 4.2500 -0.1000
vt 4.2500 1.1000
vt 4.4000 0.3125
vt 4.4000 0.3050
vt 4.2500 0.3050
vt 4.2500 0.3125
vt 4.4000 -0.1000
vt 4.4000 1.1000
vt 4.2500 1.1000
vt 4.2500 -0.1000
vt 4.4000 0.3050
vt 4.4000 0.3125
vt 4.2500 0.3125
vt 4.2500 0.3050
vt -0.1000 0.3125
vt 1.1000 0.3125
vt 1.1000 0.3050
vt -0.1000 0.3050
vt -0.1000 0.3050
vt 1.1000 0.3050
vt 1.1000 0.3125
vt -0.1000 0.3125
vt 4.5500 1.1000
vt 4.5500 -0.1000
vt 4.4000 -0.1000
vt 4.4000 1.1000
vt 4.5500 0.3125
vt 4.5500 0.3050
vt 4.4000 0.3050
vt 4.4000 0.3125
vt 4.5500 -0.1000
vt 4.5500 1.1000
vt 4.4000 1.1000
vt 4.4000 -0.1000
vt 4.5500 0.3050
vt 4.5500 0.3125
vt 4.4000 0.3125
vt 4.4000 0.3050
vt -0.1000 0.3125
vt 1.1000 0.3125
vt 1.1000 0.3050
vt -0.1000 0.3050
vt -0.1000 0.3050
vt 1.1000 0.3050
vt 1.1000 0.3125
vt -0.1000 0.3125
vt 4.7000 1.1000
vt 4.7000 -0.1000
vt 4.5500 -0.1000
vt 4.5500 1.1000
vt 4.7000 0.3125
vt 4.7000 0.3050
vt 4.5500 0.3050
vt 4.5500 0.3125
vt 4.7000 -0.1000
vt 4.7000 1.1000
vt 4.5500 1.1000
vt 4.5500 -0.1000
vt 4.7000 0.3050
vt 4.7000 0.3125
vt 4.5500 0.3125
vt 4.5500 0.3050
vt -0.1000 0.3125
vt 1.1000 0.3125
vt 1.1000 0.3050
vt -0.1000 0.3050
vt -0.1000 0.3050
vt 1.1000 0.3050
vt 1.1000 0.3125
vt -0.1000 0.3125
vt 4.8500 1.1000
vt 4.8500 -0.1000
vt 4.7000 -0.1000
vt 4.7000 1.1000
vt 4.8500 0.3125
vt 4.8500 0.3050
vt 4.7000 0.3050
vt 4.7000 0.3125
vt 4.8500 -0.1000
vt 4.8500 1.1000
vt 4.7000 1.1000
vt 4.7000 -0.1000
vt 4.8500 0.3050
vt 4.8500 0.3125
vt 4.7000 0.3125
vt 4.7000 0.3050
vt -0.1000 0.3125
vt 1.1000 0.3125
vt 1.1000 0.3050
vt -0.1000 0.3050
vt -0.1000 0.3050
vt 1.1000 0.3050
vt 1.1000 0.3125
vt -0.1000 0.3125
vt 5.0000 1.1000
vt 5.0000 -0.1000
vt 4.8500 -0.1000
vt 4.8500 1.1000
vt 5.0000 0.3125
vt 5.0000 0.3050
vt 4.8500 0.3050
vt 4.8500 0.3125
vt 5.0000 -0.1000
vt 5.0000 1.1000
vt 4.8500 1.1000
vt 4.8500 -0.1000
vt 5.0000 0.3050
vt 5.0000 0.3125
vt 4.8500 0.3125
vt 4.8500 0.3050
vt -0.1000 0.3125
vt 1.1000 0.3125
vt 1.1000 0.3050
vt -0.1000 0.3050
vt -0.1000 0.3050
vt 1.1000 0.3050
vt 1.1000 0.3125
vt -0.1000 0.3125
vt 5.1500 1.1000
vt 5.1500 -0.1000
vt 5.0000 -0.1000
vt 5.0000 1.1000
vt 5.1500 0.3125
vt 5.1500 0.3050
vt 5.0000 0.3050
vt 5.0000 0.3125
vt 5.1500 -0.1000
vt 5.1500 1.1000
vt 5.0000 1.1000
vt 5.0000 -0.1000
vt 5.1500 0.3050
vt 5.1500 0.3125
vt 5.0000 0.3125
vt 5.0000 0.3050
vt -0.1000 0.3125
vt 1.1000 0.3125
vt 1.1000 0.3050
vt -0.1000 0.3050
vt -0.1000 0.3050
vt 1.1000 0.3050
vt 1.1000 0.3125
vt -0.1000 0.3125
vt 5.3000 1.1000
vt 5.3000 -0.1000
vt 5.1500 -0.1000
vt 5.1500 1.1000
vt 5.3000 0.3125
vt 5.3000 0.3050
vt 5.1500 0.3050
vt 5.1500 0.3125
vt 5.3000 -0.1000
vt 5.3000 1.1000
vt 5.1500 1.1000
vt 5.1500 -0.1000
vt 5.3000 0.3050
vt 5.3000 0.3125
vt 5.1500 0.3125
vt 5.1500 0.3050
vt -0.1000 0.3125
vt 1.1000 0.3125
vt 1.1000 0.3050
vt -0.1000 0.3050
vt -0.1000 0.3050
vt 1.1000 0.3050
vt 1.1000 0.3125
vt -0.1000 0.3125
vt 5.4500 1.1000
vt 5.4500 -0.1000
vt 5.3000 -0.1000
vt 5.3000 1.1000
vt 5.4500 0.3125
vt 5.4500 0.3050
vt 5.3000 0.3050
vt 5.3000 0.3125
vt 5.4500 -0.1000
vt 5.4500 1.1000
vt 5.3000 1.1000
vt 5.3000 -0.1000
vt 5.4500 0.3050
vt 5.4500 0.3125
vt 5.3000 0.3125
vt 5.3000 0.3050
vt -0.1000 0.3125
vt 1.1000 0.3125
vt 1.1000 0.3050
vt -0.1000 0.3050
vt -0.1000 0.3050
vt 1.1000 0.3050
vt 1.1000 0.3125
vt -0.1000 0.3125
vt 5.6000 1.1000
vt 5.6000 -0.1000
vt 5.4500 -0.1000
vt 5.4500 1.1000
vt 5.6000 0.3125
vt 5.6000 0.3050
vt 5.4500 0.3050
vt 5.4500 0.3125
vt 5.6000 -0.1000
vt 5.6000 1.1000
vt 5.4500 1.1000
vt 5.4500 -0.1000
vt 5.6000 0.3050
vt 5.6000 0.3125
vt 5.4500 0.3125
vt 5.4500 0.3050
vt -0.1000 0.3125
vt 1.1000 0.3125
vt 1.1000 0.3050
vt -0.1000 0.3050
vt -0.1000 0.3050
vt 1.1000 0.3050
vt 1.1000 0.3125
vt -0.1000 0.3125
vt 5.7500 1.1000
vt 5.7500 -0.1000
vt 5.6000 -0.1000
vt 5.6000 1.1000
vt 5.7500 0.3125
vt 5.7500 0.3050
vt 5.6000 0.3050
vt 5.6000 0.3125
vt 5.7500 -0.1000
vt 5.7500 1.1000
vt 5.6000 1.1000
vt 5.6000 -0.1000
vt 5.7500 0.3050
vt 5.7500 0.3125
vt 5.6000 0.3125
vt 5.6000 0.3050
vt -0.1000 0.3125
vt 1.1000 0.3125
vt 1.1000 0.3050
vt -0.1000 0.3050
vt -0.1000 0.3050
vt 1.1000 0.3050
vt 1.1000 0.3125
vt -0.1000 0.3125
vt 5.9000 1.1000
vt 5.9000 -0.1000
vt 5.7500 -0.1000
vt 5.7500 1.1000
vt 5.9000 0.3125
vt 5.9000 0.3050
vt 5.7500 0.3050
vt 5.7500 0.3125
vt 5.9000 -0.1000
vt 5.9000 1.1000
vt 5.7500 1.1000
vt 5.7500 -0.1000
vt 5.9000 0.3050
vt 5.9000 0.3125
vt 5.7500 0.3125
vt 5.7500 0.3050
vt -0.1000 0.3125
vt 1.1000 0.3125
vt 1.1000 0.3050
vt -0.1000 0.3050
vt -0.1000 0.3050
vt 1.1000 0.3050
vt 1.1000 0.3125
vt -0.1000 0.3125
vt 6.0500 1.1000
vt 6.0500 -0.1000
vt 5.9000 -0.1000
vt 5.9000 1.1000
vt 6.0500 0.3125
vt 6.0500 0.3050
vt 5.9000 0.3050
vt 5.9000 0.3125
vt 6.0500 -0.1000
vt 6.0500 1.1000
vt 5.9000 1.1000
vt 5.9000 -0.1000
vt 6.0500 0.3050
vt 6.0500 0.3125
vt 5.9000 0.3125
vt 5.9000 0.3050
vt -0.1000 0.3125
vt 1.1000 0.3125
vt 1.1000 0.3050
vt -0.1000 0.3050
vt -0.1000 0.3050
vt 1.1000 0.3050
vt 1.1000 0.3125
vt -0.1000 0.3125
vt 6.2000 1.1000
vt 6.2000 -0.1000
vt 6.0500 -0.1000
vt 6.0500 1.1000
vt 6.2000 0.3125
vt 6.2000 0.3050
vt 6.0500 0.3050
vt 6.0500 0.3125
vt 6.2000 -0.1000
vt 6.2000 1.1000
vt 6.0500 1.1000
vt 6.0500 -0.1000
vt 6.2000 0.3050
vt 6.2000 0.3125
vt 6.0500 0.3125
vt 6.0500 0.3050
vt -0.1000 0.3125
vt 1.1000 0.3125
vt 1.1000 0.3050
vt -0.1000 0.3050
vt -0.1000 0.3050
vt 1.1000 0.3050
vt 1.1000 0.3125
vt -0.1000 0.3125
vt 6.3500 1.1000
vt 6.3500 -0.1000
vt 6.2000 -0.1000
vt 6.2000 1.1000
vt 6.3500 0.3125
vt 6.3500 0.3050
vt 6.2000 0.3050
vt 6.2000 0.3125
vt 6.3500 -0.1000
vt 6.3500 1.1000
vt 6.2000 1.1000
vt 6.2000 -0.1000
vt 6.3500 0.3050
vt 6.3500 0.3125
vt 6.2000 0.3125
vt 6.2000 0.3050
vt -0.1000 0.3125
vt 1.1000 0.3125
vt 1.1000 0.3050
vt -0.1000 0.3050
vt -0.1000 0.3050
vt 1.1000 0.3050
vt 1.1000 0.3125
vt -0.1000 0.3125
vt 6.5000 1.1000
vt 6.5000 -0.1000
vt 6.3500 -0.1000
vt 6.3500 1.1000
vt 6.5000 0.3125
vt 6.5000 0.3050
vt 6.3500 0.3050
vt 6.3500 0.3125
vt 6.5000 -0.1000
vt 6.5000 1.1000
vt 6.3500 1.1000
vt 6.3500 -0.1000
vt 6.5000 0.3050
vt 6.5000 0.3125
vt 6.3500 0.3125
vt 6.3500 0.3050
vn -1.0000 0.0000 0.0000
vn 1.0000 0.0000 -0.0000
vn 0.0000 -1.0000 0.0000
vn 0.0000 -0.0000 1.0000
vn 0.0000 1.0000 0.0000
vn 0.0000 -0.0000 -1.0000
vn -1.0000 0.0000 0.0000
vn 1.0000 0.0000 -0.0000
vn 0.0000 -1.0000 0.0000
vn 0.0000 -0.0000 1.0000
vn 0.0000 1.0000 0.0000
vn 0.0000 -0.0000 -1.0000
vn -1.0000 0.0000 0.0000
vn 1.0000 0.0000 -0.0000
vn 0.0000 -1.0000 0.0000
vn 0.0000 -0.0000 1.0000
vn 0.0000 1.0000 0.0000
vn 0.0000 -0.0000 -1.0000
vn -1.0000 0.0000 0.0000
vn 1.0000 0.0000 -0.0000
vn 0.0000 -1.0000 0.0000
vn 0.0000 -0.0000 1.0000
vn 0.0000 1.0000 0.0000
vn 0.0000 -0.0000 -1.0000
vn -1.0000 0.0000 0.0000
vn 1.0000 0.0000 -0.0000
vn 0.0000 -1.0000 0.0000
vn 0.0000 -0.0000 1.0000
vn 0.0000 1.0000 0.0000
vn 0.0000 -0.0000 -1.0000
vn -1.0000 0.0000 0.0000
vn 1.0000 0.0000 -0.0000
vn 0.0000 -1.0000 0.0000
vn 0.0000 -0.0000 1.0000
vn 0.0000 1.0000 0.0000
vn 0.0000 -0.0000 -1.0000
vn -1.0000 0.0000 0.0000
vn 1.0000 0.0000 -0.0000
vn 0.0000 -1.0000 0.0000
vn 0.0000 -0.0000 1.0000
vn 0.0000 1.0000 0.0000
vn 0.0000 -0.0000 -1.0000
vn -1.0000 0.0000 0.0000
vn 1.0000 0.0000 -0.0000
vn 0.0000 -1.0000 0.0000
vn 0.0000 -0.0000 1.0000
vn 0.0000 1.0000 0.0000
vn 0.0000 -0.0000 -1.0000
vn -1.0000 0.0000 0.0000
vn 1.0000 0.0000 -0.0000
vn 0.0000 -1.0000 0.0000
vn 0.0000 -0.0000 1.0000
vn 0.0000 1.0000 0.0000
vn 0.0000 -0.0000 -1.0000
vn -1.0000 0.0000 0.0000
vn 1.0000 0.0000 -0.0000
vn 0.0000 -1.0000 0.0000
vn 0.0000 -0.0000 1.0000
vn 0.0000 1.0000 0.0000
vn 0.0000 -0.0000 -1.0000
vn -1.0000 0.0000 0.0000
vn 1.0000 0.0000 -0.0000
vn 0.0000 -1.0000 0.0000
vn 0.0000 -0.0000 1.0000
vn 0.0000 1.0000 0.0000
vn 0.0000 -0.0000 -1.0000
vn -1.0000 0.0000 0.0000
vn 1.0000 0.0000 -0.0000
vn 0.0000 -1.0000 0.0000
vn 0.0000 -0.0000 1.0000
vn 0.0000 1.0000 0.0000
vn 0.0000 -0.0000 -1.0000
vn -1.0000 0.0000 0.0000
vn 1.0000 0.0000 -0.0000
vn 0.0000 -1.0000 0.0000
vn 0.0000 -0.0000 1.0000
vn 0.0000 1.0000 0.0000
vn 0.0000 -0.0000 -1.0000
vn -1.0000 0.0000 0.0000
vn 1.0000 0.0000 -0.0000
vn 0.0000 -1.0000 0.0000
vn 0.0000 -0.0000 1.0000
vn 0.0000 1.0000 0.0000
vn 0.0000 -0.0000 -1.0000
vn -1.0000 0.0000 0.0000
vn 1.0000 0.0000 -0.0000
vn 0.0000 -1.0000 0.0000
vn 0.0000 -0.0000 1.0000
vn 0.0000 1.0000 0.0000
vn 0.0000 -0.0000 -1.0000
vn -1.0000 0.0000 0.0000
vn 1.0000 0.0000 -0.0000
vn 0.0000 -1.0000 0.0000
vn 0.0000 -0.0000 1.0000
vn 0.0000 1.0000 0.0000
vn 0.0000 -0.0000 -1.0000
vn -1.0000 0.0000 0.0000
vn 1.0000 0.0000 -0.0000
vn 0.0000 -1.0000 0.0000
vn 0.0000 -0.0000 1.0000
vn 0.0000 1.0000 0.0000
vn 0.0000 -0.0000 -1.0000
vn -1.0000 0.0000 0.0000
vn 1.0000 0.0000 -0.0000
vn 0.0000 -1.0000 0.0000
vn 0.0000 -0.0000 1.0000
vn 0.0000 1.0000 0.0000
vn 0.0000 -0.0000 -1.0000
vn -1.0000 0.0000 0.0000
vn 1.0000 0.0000 -0.0000
vn 0.0000 -1.0000 0.0000
vn 0.0000 -0.0000 1.0000
vn 0.0000 1.0000 0.0000
vn 0.0000 -0.0000 -1.0000
vn -1.0000 0.0000 0.0000
vn 1.0000 0.0000 -0.0000
vn 0.0000 -1.0000 0.0000
vn 0.0000 -0.0000 1.0000
vn 0.0000 1.0000 0.0000
vn 0.0000 -0.0000 -1.0000
vn -1.0000 0.0000 0.0000
vn 1.0000 0.0000 -0.0000
vn 0.0000 -1.0000 0.0000
vn 0.0000 -0.0000 1.0000
vn 0.0000 1.0000 0.0000
vn 0.0000 -0.0000 -1.0000
vn -1.0000 0.0000 0.0000
vn 1.0000 0.0000 -0.0000
vn 0.0000 -1.0000 0.0000
vn 0.0000 -0.0000 1.0000
vn 0.0000 1.0000 0.0000
vn 0.0000 -0.0000 -1.0000
vn -1.0000 0.0000 0.0000
vn 1.0000 0.0000 -0.0000
vn 0.0000 -1.0000 0.0000
vn 0.0000 -0.0000 1.0000
vn 0.0000 1.0000 0.0000
vn 0.0000 -0.0000 -1.0000
vn -1.0000 0.0000 0.0000
vn 1.0000 0.0000 -0.0000
vn 0.0000 -1.0000 0.0000
vn 0.0000 -0.0000 1.0000
vn 0.0000 1.0000 0.0000
vn 0.0000 -0.0000 -1.0000
vn -1.0000 0.0000 0.0000
vn 1.0000 0.0000 -0.0000
vn 0.0000 -1.0000 0.0000
vn 0.0000 -0.0000 1.0000
vn 0.0000 1.0000 0.0000
vn 0.0000 -0.0000 -1.0000
vn -1.0000 0.0000 0.0000
vn 1.0000 0.0000 -0.0000
vn 0.0000 -1.0000 0.0000
vn 0.0000 -0.0000 1.0000
vn 0.0000 1.0000 0.0000
vn 0.0000 -0.0000 -1.0000
vn -1.0000 0.0000 0.0000
vn 1.0000 0.0000 -0.0000
vn 0.0000 -1.0000 0.0000
vn 0.0000 -0.0000 1.0000
vn 0.0000 1.0000 0.0000
vn 0.0000 -0.0000 -1.0000
vn -1.0000 0.0000 0.0000
vn 1.0000 0.0000 -0.0000
vn 0.0000 -1.0000 0.0000
vn 0.0000 -0.0000 1.0000
vn 0.0000 1.0000 0.0000
vn 0.0000 -0.0000 -1.0000
vn -1.0000 0.0000 0.0000
vn 1.0000 0.0000 -0.0000
vn 0.0000 -1.0000 0.0000
vn 0.0000 -0.0000 1.0000
vn 0.0000 1.0000 0.0000
vn 0.0000 -0.0000 -1.0000
vn -1.0000 0.0000 0.0000
vn 1.0000 0.0000 -0.0000
vn 0.0000 -1.0000 0.0000
vn 0.0000 -0.0000 1.0000
vn 0.0000 1.0000 0.0000
vn 0.0000 -0.0000 -1.0000
vn -1.0000 0.0000 0.0000
vn 1.0000 0.0000 -0.0000
vn 0.0000 -1.0000 0.0000
vn 0.0000 -0.0000 1.0000
vn 0.0000 1.0000 0.0000
vn 0.0000 -0.0000 -1.0000
vn -1.0000 0.0000 0.0000
vn 1.0000 0.0000 -0.0000
vn 0.0000 -1.0000 0.0000
vn 0.0000 -0.0000 1.0000
vn 0.0000 1.0000 0.0000
vn 0.0000 -0.0000 -1.0000
vn -1.0000 0.0000 0.0000
vn 1.0000 0.0000 -0.0000
vn 0.0000 -1.0000 0.0000
vn 0.0000 -0.0000 1.0000
vn 0.0000 1.0000 0.0000
vn 0.0000 -0.0000 -1.0000
vn -1.0000 0.0000 0.0000
vn 1.0000 0.0000 -0.0000
vn 0.0000 -1.0000 0.0000
vn 0.0000 -0.0000 1.0000
vn 0.0000 1.0000 0.0000
vn 0.0000 -0.0000 -1.0000
vn -1.0000 0.0000 0.0000
vn 1.0000 0.0000 -0.0000
vn 0.0000 -1.0000 0.0000
vn 0.0000 -0.0000 1.0000
vn 0.0000 1.0000 0.0000
vn 0.0000 -0.0000 -1.0000
vn -1.0000 0.0000 0.0000
vn 1.0000 0.0000 -0.0000
vn 0.0000 -1.0000 0.0000
vn 0.0000 -0.0000 1.0000
vn 0.0000 1.0000 0.0000
vn 0.0000 -0.0000 -1.0000
vn -1.0000 0.0000 0.0000
vn 1.0000 0.0000 -0.0000
vn 0.0000 -1.0000 0.0000
vn 0.0000 -0.0000 1.0000
vn 0.0000 1.0000 0.0000
vn 0.0000 -0.0000 -1.0000
vn -1.0000 0.0000 0.0000
vn 1.0000 0.0000 -0.0000
vn 0.0000 -1.0000 0.0000
vn 0.0000 -0.0000 1.0000
vn 0.0000 1.0000 0.0000
vn 0.0000 -0.0000 -1.0000
vn -1.0000 0.0000 0.0000
vn 1.0000 0.0000 -0.0000
vn 0.0000 -1.0000 0.0000
vn 0.0000 -0.0000 1.0000
vn 0.0000 1.0000 0.0000
vn 0.0000 -0.0000 -1.0000
vn -1.0000 0.0000 0.0000
vn 1.0000 0.0000 -0.0000
vn 0.0000 -1.0000 0.0000
vn 0.0000 -0.0000 1.0000
vn 0.0000 1.0000 0.0000
vn 0.0000 -0.0000 -1.0000
vn -1.0000 0.0000 0.0000
vn 1.0000 0.0000 -0.0000
vn 0.0000 -1.0000 0.0000
vn 0.0000 -0.0000 1.0000
vn 0.0000 1.0000 0.0000
vn 0.0000 -0.0000 -1.0000
vn -1.0000 0.0000 0.0000
vn 1.0000 0.0000 -0.0000
vn 0.0000 -1.0000 0.0000
vn 0.0000 -0.0000 1.0000
vn 0.0000 1.0000 0.0000
vn 0.0000 -0.0000 -1.0000
vn -1.0000 0.0000 0.0000
vn 1.0000 0.0000 -0.0000
vn 0.0000 -1.0000 0.0000
vn 0.0000 -0.0000 1.0000
vn 0.0000 1.0000 0.0000
vn 0.0000 -0.0000 -1.0000
vn -1.0000 0.0000 0.0000
vn 1.0000 0.0000 -0.0000
vn 0.0000 -1.0000 0.0000
vn 0.0000 -0.0000 1.0000
vn 0.0000 1.0000 0.0000
vn 0.0000 -0.0000 -1.0000
vn -1.0000 0.0000 0.0000
vn 1.0000 0.0000 -0.0000
vn 0.0000 -1.0000 0.0000
vn 0.0000 -0.0000 1.0000
vn 0.0000 1.0000 0.0000
vn 0.0000 -0.0000 -1.0000
vn -1.0000 0.0000 0.0000
vn 1.0000 0.0000 -0.0000
vn 0.0000 -1.0000 0.0000
vn 0.0000 -0.0000 1.0000
vn 0.0000 1.0000 0.0000
vn 0.0000 -0.0000 -1.0000
vn -1.0000 0.0000 0.0000
vn 1.0000 0.0000 -0.0000
vn 0.0000 -1.0000 0.0000
vn 0.0000 -0.0000 1.0000
vn 0.0000 1.0000 0.0000
vn 0.0000 -0.0000 -1.0000
vn -1.0000 0.0000 0.0000
vn 1.0000 0.0000 -0.0000
vn 0.0000 -1.0000 0.0000
vn 0.0000 -0.0000 1.0000
vn 0.0000 1.0000 0.0000
vn 0.0000 -0.0000 -1.0000
vn -1.0000 0.0000 0.0000
vn 1.0000 0.0000 -0.0000
vn 0.0000 -1.0000 0.0000
vn 0.0000 -0.0000 1.0000
vn 0.0000 1.0000 0.0000
vn 0.0000 -0.0000 -1.0000
vn -1.0000 0.0000 0.0000
vn 1.0000 0.0000 -0.0000
vn 0.0000 -1.0000 0.0000
vn 0.0000 -0.0000 1.0000
vn 0.0000 1.0000 0.0000
vn 0.0000 -0.0000 -1.0000
vn -1.0000 0.0000 0.0000
vn 1.0000 0.0000 -0.0000
vn 0.0000 -1.0000 0.0000
vn 0.0000 -0.0000 1.0000
vn 0.0000 1.0000 0.0000
vn 0.0000 -0.0000 -1.0000
vn -1.0000 0.0000 0.0000
vn 1.0000 0.0000 -0.0000
vn 0.0000 -1.0000 0.0000
vn 0.0000 -0.0000 1.0000
vn 0.0000 1.0000 0.0000
vn 0.0000 -0.0000 -1.0000
vn -1.0000 0.0000 0.0000
vn 1.0000 0.0000 -0.0000
vn 0.0000 -1.0000 0.0000
vn 0.0000 -0.0000 1.0000
vn 0.0000 1.0000 0.0000
vn 0.0000 -0.0000 -1.0000
vn -1.0000 0.0000 0.0000
vn 1.0000 0.0000 -0.0000
vn 0.0000 -1.0000 0.0000
vn 0.0000 -0.0000 1.0000
vn 0.0000 1.0000 0.0000
vn 0.0000 -0.0000 -1.0000
vn -1.0000 0.0000 0.0000
vn 1.0000 0.0000 -0.0000
vn 0.0000 -1.0000 0.0000
vn 0.0000 -0.0000 1.0000
vn 0.0000 1.0000 0.0000
vn 0.0000 -0.0000 -1.0000
vn -1.0000 0.0000 0.0000
vn 1.0000 0.0000 -0.0000
vn 0.0000 -1.0000 0.0000
vn 0.0000 -0.0000 1.0000
vn 0.0000 1.0000 0.0000
vn 0.0000 -0.0000 -1.0000
vn -1.0000 0.0000 0.0000
vn 1.0000 0.0000 -0.0000
vn 0.0000 -1.0000 0.0000
vn 0.0000 -0.0000 1.0000
vn 0.0000 1.0000 0.0000
vn 0.0000 -0.0000 -1.0000
vn -1.0000 0.0000 0.0000
vn 1.0000 0.0000 -0.0000
vn 0.0000 -1.0000 0.0000
vn 0.0000 -0.0000 1.0000
vn 0.0000 1.0000 0.0000
vn 0.0000 -0.0000 -1.0000
vn -1.0000 0.0000 0.0000
vn 1.0000 0.0000 -0.0000
vn 0.0000 -1.0000 0.0000
vn 0.0000 -0.0000 1.0000
vn 0.0000 1.0000 0.0000
vn 0.0000 -0.0000 -1.0000
vn -1.0000 0.0000 0.0000
vn 1.0000 0.0000 -0.0000
vn 0.0000 -1.0000 0.0000
vn 0.0000 -0.0000 1.0000
vn 0.0000 1.0000 0.0000
vn 0.0000 -0.0000 -1.0000
vn -1.0000 0.0000 0.0000
vn 1.0000 0.0000 -0.0000
vn 0.0000 -1.0000 0.0000
vn 0.0000 -0.0000 1.0000
vn 0.0000 1.0000 0.0000
vn 0.0000 -0.0000 -1.0000
vn -1.0000 0.0000 0.0000
vn 1.0000 0.0000 -0.0000
vn 0.0000 -1.0000 0.0000
vn 0.0000 -0.0000 1.0000
vn 0.0000 1.0000 0.0000
vn 0.0000 -0.0000 -1.0000
vn -1.0000 0.0000 0.0000
vn 1.0000 0.0000 -0.0000
vn 0.0000 -1.0000 0.0000
vn 0.0000 -0.0000 1.0000
vn 0.0000 1.0000 0.0000
vn 0.0000 -0.0000 -1.0000
vn -1.0000 0.0000 0.0000
vn 1.0000 0.0000 -0.0000
vn 0.0000 -1.0000 0.0000
vn 0.0000 -0.0000 1.0000
vn 0.0000 1.0000 0.0000
vn 0.0000 -0.0000 -1.0000
vn -1.0000 0.0000 0.0000
vn 1.0000 0.0000 -0.0000
vn 0.0000 -1.0000 0.0000
vn 0.0000 -0.0000 1.0000
vn 0.0000 1.0000 0.0000
vn 0.0000 -0.0000 -1.0000
vn -1.0000 0.0000 0.0000
vn 1.0000 0.0000 -0.0000
vn 0.0000 -1.0000 0.0000
vn 0.0000 -0.0000 1.0000
vn 0.0000 1.0000 0.0000
vn 0.0000 -0.0000 -1.0000
vn -1.0000 0.0000 0.0000
vn 1.0000 0.0000 -0.0000
vn 0.0000 -1.0000 0.0000
vn 0.0000 -0.0000 1.0000
vn 0.0000 1.0000 0.0000
vn 0.0000 -0.0000 -1.0000
vn -1.0000 0.0000 0.0000
vn 1.0000 0.0000 -0.0000
vn 0.0000 -1.0000 0.0000
vn 0.0000 -0.0000 1.0000
vn 0.0000 1.0000 0.0000
vn 0.0000 -0.0000 -1.0000
vn -1.0000 0.0000 0.0000
vn 1.0000 0.0000 -0.0000
vn 0.0000 -1.0000 0.0000
vn 0.0000 -0.0000 1.0000
vn 0.0000 1.0000 0.0000
vn 0.0000 -0.0000 -1.0000
vn -1.0000 0.0000 0.0000
vn 1.0000 0.0000 -0.0000
vn 0.0000 -1.0000 0.0000
vn 0.0000 -0.0000 1.0000
vn 0.0000 1.0000 0.0000
vn 0.0000 -0.0000 -1.0000
vn -1.0000 0.0000 0.0000
vn 1.0000 0.0000 -0.0000
vn 0.0000 -1.0000 0.0000
vn 0.0000 -0.0000 1.0000
vn 0.0000 1.0000 0.0000
vn 0.0000 -0.0000 -1.0000
vn -1.0000 0.0000 0.0000
vn 1.0000 0.0000 -0.0000
vn 0.0000 -1.0000 0.0000
vn 0.0000 -0.0000 1.0000
vn 0.0000 1.0000 0.0000
vn 0.0000 -0.0000 -1.0000
vn -1.0000 0.0000 0.0000
vn 1.0000 0.0000 -0.0000
vn 0.0000 -1.0000 0.0000
vn 0.0000 -0.0000 1.0000
vn 0.0000 1.0000 0.0000
vn 0.0000 -0.0000 -1.0000
vn -1.0000 0.0000 0.0000
vn 1.0000 0.0000 -0.0000
vn 0.0000 -1.0000 0.0000
vn 0.0000 -0.0000 1.0000
vn 0.0000 1.0000 0.0000
vn 0.0000 -0.0000 -1.0000
vn -1.0000 0.0000 0.0000
vn 1.0000 0.0000 -0.0000
vn 0.0000 -1.0000 0.0000
vn 0.0000 -0.0000 1.0000
vn 0.0000 1.0000 0.0000
vn 0.0000 -0.0000 -1.0000
vn -1.0000 0.0000 0.0000
vn 1.0000 0.0000 -0.0000
vn 0.0000 -1.0000 0.0000
vn 0.0000 -0.0000 1.0000
vn 0.0000 1.0000 0.0000
vn 0.0000 -0.0000 -1.0000
vn -1.0000 0.0000 0.0000
vn 1.0000 0.0000 -0.0000
vn 0.0000 -1.0000 0.0000
vn 0.0000 -0.0000 1.0000
vn 0.0000 1.0000 0.0000
vn 0.0000 -0.0000 -1.0000
vn -1.0000 0.0000 0.0000
vn 1.0000 0.0000 -0.0000
vn 0.0000 -1.0000 0.0000
vn 0.0000 -0.0000 1.0000
vn 0.0000 1.0000 0.0000
vn 0.0000 -0.0000 -1.0000
vn -1.0000 0.0000 0.0000
vn 1.0000 0.0000 -0.0000
vn 0.0000 -1.0000 0.0000
vn 0.0000 -0.0000 1.0000
vn 0.0000 1.0000 0.0000
vn 0.0000 -0.0000 -1.0000
vn -1.0000 0.0000 0.0000
vn 1.0000 0.0000 -0.0000
vn 0.0000 -1.0000 0.0000
vn 0.0000 -0.0000 1.0000
vn 0.0000 1.0000 0.0000
vn 0.0000 -0.0000 -1.0000
vn -1.0000 0.0000 0.0000
vn 1.0000 0.0000 -0.0000
vn 0.0000 -1.0000 0.0000
vn 0.0000 -0.0000 1.0000
vn 0.0000 1.0000 0.0000
vn 0.0000 -0.0000 -1.0000
vn -1.0000 0.0000 0.0000
vn 1.0000 0.0000 -0.0000
vn 0.0000 -1.0000 0.0000
vn 0.0000 -0.0000 1.0000
vn 0.0000 1.0000 0.0000
vn 0.0000 -0.0000 -1.0000
vn -1.0000 0.0000 0.0000
vn 1.0000 0.0000 -0.0000
vn 0.0000 -1.0000 0.0000
vn 0.0000 -0.0000 1.0000
vn 0.0000 1.0000 0.0000
vn 0.0000 -0.0000 -1.0000
vn -1.0000 0.0000 0.0000
vn 1.0000 0.0000 -0.0000
vn 0.0000 -1.0000 0.0000
vn 0.0000 -0.0000 1.0000
vn 0.0000 1.0000 0.0000
vn 0.0000 -0.0000 -1.0000
vn -1.0000 0.0000 0.0000
vn 1.0000 0.0000 -0.0000
vn 0.0000 -1.0000 0.0000
vn 0.0000 -0.0000 1.0000
vn 0.0000 1.0000 0.0000
vn 0.0000 -0.0000 -1.0000
vn -1.0000 0.0000 0.0000
vn 1.0000 0.0000 -0.0000
vn 0.0000 -1.0000 0.0000
vn 0.0000 -0.0000 1.0000
vn 0.0000 1.0000 0.0000
vn 0.0000 -0.0000 -1.0000
vn -1.0000 0.0000 0.0000
vn 1.0000 0.0000 -0.0000
vn 0.0000 -1.0000 0.0000
vn 0.0000 -0.0000 1.0000
vn 0.0000 1.0000 0.0000
vn 0.0000 -0.0000 -1.0000
vn -1.0000 0.0000 0.0000
vn 1.0000 0.0000 -0.0000
vn 0.0000 -1.0000 0.0000
vn 0.0000 -0.0000 1.0000
vn 0.0000 1.0000 0.0000
vn 0.0000 -0.0000 -1.0000
vn -1.0000 0.0000 0.0000
vn 1.0000 0.0000 -0.0000
vn 0.0000 -1.0000 0.0000
vn 0.0000 -0.0000 1.0000
vn 0.0000 1.0000 0.0000
vn 0.0000 -0.0000 -1.0000
vn -1.0000 0.0000 0.0000
vn 1.0000 0.0000 -0.0000
vn 0.0000 -1.0000 0.0000
vn 0.0000 -0.0000 1.0000
vn 0.0000 1.0000 0.0000
vn 0.0000 -0.0000 -1.0000
vn -1.0000 0.0000 0.0000
vn 1.0000 0.0000 -0.0000
vn 0.0000 -1.0000 0.0000
vn 0.0000 -0.0000 1.0000
vn 0.0000 1.0000 0.0000
vn 0.0000 -0.0000 -1.0000
vn -1.0000 0.0000 0.0000
vn 1.0000 0.0000 -0.0000
vn 0.0000 -1.0000 0.0000
vn 0.0000 -0.0000 1.0000
vn 0.0000 1.0000 0.0000
vn 0.0000 -0.0000 -1.0000
vn -1.0000 0.0000 0.0000
vn 1.0000 0.0000 -0.0000
vn 0.0000 -1.0000 0.0000
vn 0.0000 -0.0000 1.0000
vn 0.0000 1.0000 0.0000
vn 0.0000 -0.0000 -1.0000
vn -1.0000 0.0000 0.0000
vn 1.0000 0.0000 -0.0000
vn 0.0000 -1.0000 0.0000
vn 0.0000 -0.0000 1.0000
vn 0.0000 1.0000 0.0000
vn 0.0000 -0.0000 -1.0000
vn -1.0000 0.0000 0.0000
vn 1.0000 0.0000 -0.0000
vn 0.0000 -1.0000 0.0000
vn 0.0000 -0.0000 1.0000
vn 0.0000 1.0000 0.0000
vn 0.0000 -0.0000 -1.0000
vn -1.0000 0.0000 0.0000
vn 1.0000 0.0000 -0.0000
vn 0.0000 -1.0000 0.0000
vn 0.0000 -0.0000 1.0000
vn 0.0000 1.0000 0.0000
vn 0.0000 -0.0000 -1.0000
vn -1.0000 0.0000 0.0000
vn 1.0000 0.0000 -0.0000
vn 0.0000 -1.0000 0.0000
vn 0.0000 -0.0000 1.0000
vn 0.0000 1.0000 0.0000
vn 0.0000 -0.0000 -1.0000
vn -1.0000 0.0000 0.0000
vn 1.0000 0.0000 -0.0000
vn 0.0000 -1.0000 0.0000
vn 0.0000 -0.0000 1.0000
vn 0.0000 1.0000 0.0000
vn 0.0000 -0.0000 -1.0000
vn -1.0000 0.0000 0.0000
vn 1.0000 0.0000 -0.0000
vn 0.0000 -1.0000 0.0000
vn 0.0000 -0.0000 1.0000
vn 0.0000 1.0000 0.0000
vn 0.0000 -0.0000 -1.0000
vn -1.0000 0.0000 0.0000
vn 1.0000 0.0000 -0.0000
vn 0.0000 -1.0000 0.0000
vn 0.0000 -0.0000 1.0000
vn 0.0000 1.0000 0.0000
vn 0.0000 -0.0000 -1.0000
vn -1.0000 0.0000 0.0000
vn 1.0000 0.0000 -0.0000
vn 0.0000 -1.0000 0.0000
vn 0.0000 -0.0000 1.0000
vn 0.0000 1.0000 0.0000
vn 0.0000 -0.0000 -1.0000
vn -1.0000 0.0000 0.0000
vn 1.0000 0.0000 -0.0000
vn 0.0000 -1.0000 0.0000
vn 0.0000 -0.0000 1.0000
vn 0.0000 1.0000 0.0000
vn 0.0000 -0.0000 -1.0000
vn -1.0000 0.0000 0.0000
vn 1.0000 0.0000 -0.0000
vn 0.0000 -1.0000 0.0000
vn 0.0000 -0.0000 1.0000
vn 0.0000 1.0000 0.0000
vn 0.0000 -0.0000 -1.0000
vn -1.0000 0.0000 0.0000
vn 1.0000 0.0000 -0.0000
vn 0.0000 -1.0000 0.0000
vn 0.0000 -0.0000 1.0000
vn 0.0000 1.0000 0.0000
vn 0.0000 -0.0000 -1.0000
vn -1.0000 0.0000 0.0000
vn 1.0000 0.0000 -0.0000
vn 0.0000 -1.0000 0.0000
vn 0.0000 -0.0000 1.0000
vn 0.0000 1.0000 0.0000
vn 0.0000 -0.0000 -1.0000
vn -1.0000 0.0000 0.0000
vn 1.0000 0.0000 -0.0000
vn 0.0000 -1.0000 0.0000
vn 0.0000 -0.0000 1.0000
vn 0.0000 1.0000 0.0000
vn 0.0000 -0.0000 -1.0000
vn -1.0000 0.0000 0.0000
vn 1.0000 0.0000 -0.0000
vn 0.0000 -1.0000 0.0000
vn 0.0000 -0.0000 1.0000
vn 0.0000 1.0000 0.0000
vn 0.0000 -0.0000 -1.0000
vn -1.0000 0.0000 0.0000
vn 1.0000 0.0000 -0.0000
vn 0.0000 -1.0000 0.0000
vn 0.0000 -0.0000 1.0000
vn 0.0000 1.0000 0.0000
vn 0.0000 -0.0000 -1.0000
vn -1.0000 0.0000 0.0000
vn 1.0000 0.0000 -0.0000
vn 0.0000 -1.0000 0.0000
vn 0.0000 -0.0000 1.0000
vn 0.0000 1.0000 0.0000
vn 0.0000 -0.0000 -1.0000
f 1/1/1 2/2/1 3/3/1 4/4/1
f 8/5/2 7/6/2 6/7/2 5/8/2
f 5/9/3 6/10/3 2/11/3 1/12/3
f 6/13/4 7/14/4 3/15/4 2/16/4
f 7/17/5 8/18/5 4/19/5 3/20/5
f 8/21/6 5/22/6 1/23/6 4/24/6
f 9/25/7 10/26/7 11/27/7 12/28/7
f 16/29/8 15/30/8 14/31/8 13/32/8
f 13/33/9 14/34/9 10/35/9 9/36/9
f 14/37/10 15/38/10 11/39/10 10/40/10
f 15/41/11 16/42/11 12/43/11 11/44/11
f 16/45/12 13/46/12 9/47/12 12/48/12
f 17/49/13 18/50/13 19/51/13 20/52/13
f 24/53/14 23/54/14 22/55/14 21/56/14
f 21/57/15 22/58/15 18/59/15 17/60/15
f 22/61/16 23/62/16 19/63/16 18/64/16
f 23/65/17 24/66/17 20/67/17 19/68/17
f 24/69/18 21/70/18 17/71/18 20/72/18
f 25/73/19 26/74/19 27/75/19 28/76/19
f 32/77/20 31/78/20 30/79/20 29/80/20
f 29/81/21 30/82/21 26/83/21 25/84/21
f 30/85/22 31/86/22 27/87/22 26/88/22
f 31/89/23 32/90/23 28/91/23 27/92/23
f 32/93/24 29/94/24 25/95/24 28/96/24
f 33/97/25 34/98/25 35/99/25 36/100/25
f 40/101/26 39/102/26 38/103/26 37/104/26
f 37/105/27 38/106/27 34/107/27 33/108/27
f 38/109/28 39/110/28 35/111/28 34/112/28
f 39/113/29 40/114/29 36/115/29 35/116/29
f 40/117/30 37/118/30 33/119/30 36/120/30
f 41/121/31 42/122/31 43/123/31 44/124/31
f 48/125/32 47/126/32 46/127/32 45/128/32
f 45/129/33 46/130/33 42/131/33 41/132/33
f 46/133/34 47/134/34 43/135/34 42/136/34
f 47/137/35 48/138/35 44/139/35 43/140/35
f 48/141/36 45/142/36 41/143/36 44/144/36
f 49/145/37 50/146/37 51/147/37 52/148/37
f 56/149/38 55/150/38 54/151/38 53/152/38
f 53/153/39 54/154/39 50/155/39 49/156/39
f 54/157/40 55/158/40 51/159/40 50/160/40
f 55/161/41 56/162/41 52/163/41 51/164/41
f 56/165/42 53/166/42 49/167/42 52/168/42
f 57/169/43 58/170/43 59/171/43 60/172/43
f 64/173/44 63/174/44 62/175/44 61/176/44
f 61/177/45 62/178/45 58/179/45 57/180/45
f 62/181/46 63/182/46 59/183/46 58/184/46
f 63/185/47 64/186/47 60/187/47 59/188/47
f 64/189/48 61/190/48 57/191/48 60/192/48
f 65/193/49 66/194/49 67/195/49 68/196/49
f 72/197/50 71/198/50 70/199/50 69/200/50
f 69/201/51 70/202/51 66/203/51 65/204/51
f 70/205/52 71/206/52 67/207/52 66/208/52
f 71/209/53 72/210/53 68/211/53 67/212/53
f 72/213/54 69/214/54 65/215/54 68/216/54
f 73/217/55 74/218/55 75/219/55 76/220/55
f 80/221/56 79/222/56 78/223/56 77/224/56
f 77/225/57 78/226/57 74/227/57 73/228/57
f 78/229/58 79/230/58 75/231/58 74/232/58
f 79/233/59 80/234/59 76/235/59 75/236/59
f 80/237/60 77/238/60 73/239/60 76/240/60
f 81/241/61 82/242/61 83/243/61 84/244/61
f 88/245/62 87/246/62 86/247/62 85/248/62
f 85/249/63 86/250/63 82/251/63 81/252/63
f 86/253/64 87/254/64 83/255/64 82/256/64
f 87/257/65 88/258/65 84/259/65 83/260/65
f 88/261/66 85/262/66 81/263/66 84/264/66
f 89/265/67 90/266/67 91/267/67 92/268/67
f 96/269/68 95/270/68 94/271/68 93/272/68
f 93/273/69 94/274/69 90/275/69 89/276/69
f 94/277/70 95/278/70 91/279/70 90/280/70
f 95/281/71 96/282/71 92/283/71 91/284/71
f 96/285/72 93/286/72 89/287/72 92/288/72
f 97/289/73 98/290/73 99/291/73 100/292/73
f 104/293/74 103/294/74 102/295/74 101/296/74
f 101/297/75 102/298/75 98/299/75 97/300/75
f 102/301/76 103/302/76 99/303/76 98/304/76
f 103/305/77 104/306/77 100/307/77 99/308/77
f 104/309/78 101/310/78 97/311/78 100/312/78
f 105/313/79 106/314/79 107/315/79 108/316/79
f 112/317/80 111/318/80 110/319/80 109/320/80
f 109/321/81 110/322/81 106/323/81 105/324/81
f 110/325/82 111/326/82 107/327/82 106/328/82
f 111/329/83 112/330/83 108/331/83 107/332/83
f 112/333/84 109/334/84 105/335/84 108/336/84
f 113/337/85 114/338/85 115/339/85 116/340/85
f 120/341/86 119/342/86 118/343/86 117/344/86
f 117/345/87 118/346/87 114/347/87 113/348/87
f 118/349/88 119/350/88 115/351/88 114/352/88
f 119/353/89 120/354/89 116/355/89 115/356/89
f 120/357/90 117/358/90 113/359/90 116/360/90
f 121/361/91 122/362/91 123/363/91 124/364/91
f 128/365/92 127/366/92 126/367/92 125/368/92
f 125/369/93 126/370/93 122/371/93 121/372/93
f 126/373/94 127/374/94 123/375/94 122/376/94
f 127/377/95 128/378/95 124/379/95 123/380/95
f 128/381/96 125/382/96 121/383/96 124/384/96
f 129/385/97 130/386/97 131/387/97 132/388/97
f 136/389/98 135/390/98 134/391/98 133/392/98
f 133/393/99 134/394/99 130/395/99 129/396/99
f 134/397/100 135/398/100 131/399/100 130/400/100
f 135/401/101 136/402/101 132/403/101 131/404/101
f 136/405/102 133/406/102 129/407/102 132/408/102
f 137/409/103 138/410/103 139/411/103 140/412/103
f 144/413/104 143/414/104 142/415/104 141/416/104
f 141/417/105 142/418/105 138/419/105 137/420/105
f 142/421/106 143/422/106 139/423/106 138/424/106
f 143/425/107 144/426/107 140/427/107 139/428/107
f 144/429/108 141/430/108 137/431/108 140/432/108
f 145/433/109 146/434/109 147/435/109 148/436/109
f 152/437/110 151/438/110 150/439/110 149/440/110
f 149/441/111 150/442/111 146/443/111 145/444/111
f 150/445/112 151/446/112 147/447/112 146/448/112
f 151/449/113 152/450/113 148/451/113 147/452/113
f 152/453/114 149/454/114 145/455/114 148/456/114
f 153/457/115 154/458/115 155/459/115 156/460/115
f 160/461/116 159/462/116 158/463/116 157/464/116
f 157/465/117 158/466/117 154/467/117 153/468/117
f 158/469/118 159/470/118 155/471/118 154/472/118
f 159/473/119 160/474/119 156/475/119 155/476/119
f 160/477/120 157/478/120 153/479/120 156/480/120
f 161/481/121 162/482/121 163/483/121 164/484/121
f 168/485/122 167/486/122 166/487/122 165/488/122
f 165/489/123 166/490/123 162/491/123 161/492/123
f 166/493/124 167/494/124 163/495/124 162/496/124
f 167/497/125 168/498/125 164/499/125 163/500/125
f 168/501/126 165/502/126 161/503/126 164/504/126
f 169/505/127 170/506/127 171/507/127 172/508/127
f 176/509/128 175/510/128 174/511/128 173/512/128
f 173/513/129 174/514/129 170/515/129 169/516/129
f 174/517/130 175/518/130 171/519/130 170/520/130
f 175/521/131 176/522/131 172/523/131 171/524/131
f 176/525/132 173/526/132 169/527/132 172/528/132
f 177/529/133 178/530/133 179/531/133 180/532/133
f 184/533/134 183/534/134 182/535/134 181/536/134
f 181/537/135 182/538/135 178/539/135 177/540/135
f 182/541/136 183/542/136 179/543/136 178/544/136
f 183/545/137 184/546/137 180/547/137 179/548/137
f 184/549/138 181/550/138 177/551/138 180/552/138
f 185/553/139 186/554/139 187/555/139 188/556/139
f 192/557/140 191/558/140 190/559/140 189/560/140
f 189/561/141 190/562/141 186/563/141 185/564/141
f 190/565/142 191/566/142 187/567/142 186/568/142
f 191/569/143 192/570/143 188/571/143 187/572/143
f 192/573/144 189/574/144 185/575/144 188/576/144
f 193/577/145 194/578/145 195/579/145 196/580/145
f 200/581/146 199/582/146 198/583/146 197/584/146
f 197/585/147 198/586/147 194/587/147 193/588/147
f 198/589/148 199/590/148 195/591/148 194/592/148
f 199/593/149 200/594/149 196/595/149 195/596/149
f 200/597/150 197/598/150 193/599/150 196/600/150
f 201/601/151 202/602/151 203/603/151 204/604/151
f 208/605/152 207/606/152 206/607/152 205/608/152
f 205/609/153 206/610/153 202/611/153 201/612/153
f 206/613/154 207/614/154 203/615/154 202/616/154
f 207/617/155 208/618/155 204/619/155 203/620/155
f 208/621/156 205/622/156 201/623/156 204/624/156
f 209/625/157 210/626/157 211/627/157 212/628/157
f 216/629/158 215/630/158 214/631/158 213/632/158
f 213/633/159 214/634/159 210/635/159 209/636/159
f 214/637/160 215/638/160 211/639/160 210/640/160
f 215/641/161 216/642/161 212/643/161 211/644/161
f 216/645/162 213/646/162 209/647/162 212/648/162
f 217/649/163 218/650/163 219/651/163 220/652/163
f 224/653/164 223/654/164 222/655/164 221/656/164
f 221/657/165 222/658/165 218/659/165 217/660/165
f 222/661/166 223/662/166 219/663/166 218/664/166
f 223/665/167 224/666/167 220/667/167 219/668/167
f 224/669/168 221/670/168 217/671/168 220/672/168
f 225/673/169 226/674/169 227/675/169 228/676/169
f 232/677/170 231/678/170 230/679/170 229/680/170
f 229/681/171 230/682/171 226/683/171 225/684/171
f 230/685/172 231/686/172 227/687/172 226/688/172
f 231/689/173 232/690/173 228/691/173 227/692/173
f 232/693/174 229/694/174 225/695/174 228/696/174
f 233/697/175 234/698/175 235/699/175 236/700/175
f 240/701/176 239/702/176 238/703/176 237/704/176
f 237/705/177 238/706/177 234/707/177 233/708/177
f 238/709/178 239/710/178 235/711/178 234/712/178
f 239/713/179 240/714/179 236/715/179 235/716/179
f 240/717/180 237/718/180 233/719/180 236/720/180
f 241/721/181 242/722/181 243/723/181 244/724/181
f 248/725/182 247/726/182 246/727/182 245/728/182
f 245/729/183 246/730/183 242/731/183 241/732/183
f 246/733/184 247/734/184 243/735/184 242/736/184
f 247/737/185 248/738/185 244/739/185 243/740/185
f 248/741/186 245/742/186 241/743/186 244/744/186
f 249/745/187 250/746/187 251/747/187 252/748/187
f 256/749/188 255/750/188 254/751/188 253/752/188
f 253/753/189 254/754/189 250/755/189 249/756/189
f 254/757/190 255/758/190 251/759/190 250/760/190
f 255/761/191 256/762/191 252/763/191 251/764/191
f 256/765/192 253/766/192 249/767/192 252/768/192
f 257/769/193 258/770/193 259/771/193 260/772/193
f 264/773/194 263/774/194 262/775/194 261/776/194
f 261/777/195 262/778/195 258/779/195 257/780/195
f 262/781/196 263/782/196 259/783/196 258/784/196
f 263/785/197 264/786/197 260/787/197 259/788/197
f 264/789/198 261/790/198 257/791/198 260/792/198
f 265/793/199 266/794/199 267/795/199 268/796/199
f 272/797/200 271/798/200 270/799/200 269/800/200
f 269/801/201 270/802/201 266/803/201 265/804/201
f 270/805/202 271/806/202 267/807/202 266/808/202
f 271/809/203 272/810/203 268/811/203 267/812/203
f 272/813/204 269/814/204 265/815/204 268/816/204
f 273/817/205 274/818/205 275/819/205 276/820/205
f 280/821/206 279/822/206 278/823/206 277/824/206
f 277/825/207 278/826/207 274/827/207 273/828/207
f 278/829/208 279/830/208 275/831/208 274/832/208
f 279/833/209 280/834/209 276/835/209 275/836/209
f 280/837/210 277/838/210 273/839/210 276/840/210
f 281/841/211 282/842/211 283/843/211 284/844/211
f 288/845/212 287/846/212 286/847/212 285/848/212
f 285/849/213 286/850/213 282/851/213 281/852/213
f 286/853/214 287/854/214 283/855/214 282/856/214
f 287/857/215 288/858/215 284/859/215 283/860/215
f 288/861/216 285/862/216 281/863/216 284/864/216
f 289/865/217 290/866/217 291/867/217 292/868/217
f 296/869/218 295/870/218 294/871/218 293/872/218
f 293/873/219 294/874/219 290/875/219 289/876/219
f 294/877/220 295/878/220 291/879/220 290/880/220
f 295/881/221 296/882/221 292/883/221 291/884/221
f 296/885/222 293/886/222 289/887/222 292/888/222
f 297/889/223 298/890/223 299/891/223 300/892/223
f 304/893/224 303/894/224 302/895/224 301/896/224
f 301/897/225 302/898/225 298/899/225 297/900/225
f 302/901/226 303/902/226 299/903/226 298/904/226
f 303/905/227 304/906/227 300/907/227 299/908/227
f 304/909/228 301/910/228 297/911/228 300/912/228
f 305/913/229 306/914/229 307/915/229 308/916/229
f 312/917/230 311/918/230 310/919/230 309/920/230
f 309/921/231 310/922/231 306/923/231 305/924/231
f 310/925/232 311/926/232 307/927/232 306/928/232
f 311/929/233 312/930/233 308/931/233 307/932/233
f 312/933/234 309/934/234 305/935/234 308/936/234
f 313/937/235 314/938/235 315/939/235 316/940/235
f 320/941/236 319/942/236 318/943/236 317/944/236
f 317/945/237 318/946/237 314/947/237 313/948/237
f 318/949/238 319/950/238 315/951/238 314/952/238
f 319/953/239 320/954/239 316/955/239 315/956/239
f 320/957/240 317/958/240 313/959/240 316/960/240
f 321/961/241 322/962/241 323/963/241 324/964/241
f 328/965/242 327/966/242 326/967/242 325/968/242
f 325/969/243 326/970/243 322/971/243 321/972/243
f 326/973/244 327/974/244 323/975/244 322/976/244
f 327/977/245 328/978/245 324/979/245 323/980/245
f 328/981/246 325/982/246 321/983/246 324/984/246
f 329/985/247 330/986/247 331/987/247 332/988/247
f 336/989/248 335/990/248 334/991/248 333/992/248
f 333/993/249 334/994/249 330/995/249 329/996/249
f 334/997/250 335/998/250 331/999/250 330/1000/250
f 335/1001/251 336/1002/251 332/1003/251 331/1004/251
f 336/1005/252 333/1006/252 329/1007/252 332/1008/252
f 337/1009/253 338/1010/253 339/1011/253 340/1012/253
f 344/1013/254 343/1014/254 342/1015/254 341/1016/254
f 341/1017/255 342/1018/255 338/1019/255 337/1020/255
f 342/1021/256 343/1022/256 339/1023/256 338/1024/256
f 343/1025/257 344/1026/257 340/1027/257 339/1028/257
f 344/1029/258 341/1030/258 337/1031/258 340/1032/258
f 345/1033/259 346/1034/259 347/1035/259 348/1036/259
f 352/1037/260 351/1038/260 350/1039/260 349/1040/260
f 349/1041/261 350/1042/261 346/1043/261 345/1044/261
f 350/1045/262 351/1046/262 347/1047/262 346/1048/262
f 351/1049/263 352/1050/263 348/1051/263 347/1052/263
f 352/1053/264 349/1054/264 345/1055/264 348/1056/264
f 353/1057/265 354/1058/265 355/1059/265 356/1060/265
f 360/1061/266 359/1062/266 358/1063/266 357/1064/266
f 357/1065/267 358/1066/267 354/1067/267 353/1068/267
f 358/1069/268 359/1070/268 355/1071/268 354/1072/268
f 359/1073/269 360/1074/269 356/1075/269 355/1076/269
f 360/1077/270 357/1078/270 353/1079/270 356/1080/270
f 361/1081/271 362/1082/271 363/1083/271 364/1084/271
f 368/1085/272 367/1086/272 366/1087/272 365/1088/272
f 365/1089/273 366/1090/273 362/1091/273 361/1092/273
f 366/1093/274 367/1094/274 363/1095/274 362/1096/274
f 367/1097/275 368/1098/275 364/1099/275 363/1100/275
f 368/1101/276 365/1102/276 361/1103/276 364/1104/276
f 369/1105/277 370/1106/277 371/1107/277 372/1108/277
f 376/1109/278 375/1110/278 374/1111/278 373/1112/278
f 373/1113/279 374/1114/279 370/1115/279 369/1116/279
f 374/1117/280 375/1118/280 371/1119/280 370/1120/280
f 375/1121/281 376/1122/281 372/1123/281 371/1124/281
f 376/1125/282 373/1126/282 369/1127/282 372/1128/282
f 377/1129/283 378/1130/283 379/1131/283 380/1132/283
f 384/1133/284 383/1134/284 382/1135/284 381/1136/284
f 381/1137/285 382/1138/285 378/1139/285 377/1140/285
f 382/1141/286 383/1142/286 379/1143/286 378/1144/286
f 383/1145/287 384/1146/287 380/1147/287 379/1148/287
f 384/1149/288 381/1150/288 377/1151/288 380/1152/288
f 385/1153/289 386/1154/289 387/1155/289 388/1156/289
f 392/1157/290 391/1158/290 390/1159/290 389/1160/290
f 389/1161/291 390/1162/291 386/1163/291 385/1164/291
f 390/1165/292 391/1166/292 387/1167/292 386/1168/292
f 391/1169/293 392/1170/293 388/1171/293 387/1172/293
f 392/1173/294 389/1174/294 385/1175/294 388/1176/294
f 393/1177/295 394/1178/295 395/1179/295 396/1180/295
f 400/1181/296 399/1182/296 398/1183/296 397/1184/296
f 397/1185/297 398/1186/297 394/1187/297 393/1188/297
f 398/1189/298 399/1190/298 395/1191/298 394/1192/298
f 399/1193/299 400/1194/299 396/1195/299 395/1196/299
f 400/1197/300 397/1198/300 393/1199/300 396/1200/300
f 401/1201/301 402/1202/301 403/1203/301 404/1204/301
f 408/1205/302 407/1206/302 406/1207/302 405/1208/302
f 405/1209/303 406/1210/303 402/1211/303 401/1212/303
f 406/1213/304 407/1214/304 403/1215/304 402/1216/304
f 407/1217/305 408/1218/305 404/1219/305 403/1220/305
f 408/1221/306 405/1222/306 401/1223/306 404/1224/306
f 409/1225/307 410/1226/307 411/1227/307 412/1228/307
f 416/1229/308 415/1230/308 414/1231/308 413/1232/308
f 413/1233/309 414/1234/309 410/1235/309 409/1236/309
f 414/1237/310 415/1238/310 411/1239/310 410/1240/310
f 415/1241/311 416/1242/311 412/1243/311 411/1244/311
f 416/1245/312 413/1246/312 409/1247/312 412/1248/312
f 417/1249/313 418/1250/313 419/1251/313 420/1252/313
f 424/1253/314 423/1254/314 422/1255/314 421/1256/314
f 421/1257/315 422/1258/315 418/1259/315 417/1260/315
f 422/1261/316 423/1262/316 419/1263/316 418/1264/316
f 423/1265/317 424/1266/317 420/1267/317 419/1268/317
f 424/1269/318 421/1270/318 417/1271/318 420/1272/318
f 425/1273/319 426/1274/319 427/1275/319 428/1276/319
f 432/1277/320 431/1278/320 430/1279/320 429/1280/320
f 429/1281/321 430/1282/321 426/1283/321 425/1284/321
f 430/1285/322 431/1286/322 427/1287/322 426/1288/322
f 431/1289/323 432/1290/323 428/1291/323 427/1292/323
f 432/1293/324 429/1294/324 425/1295/324 428/1296/324
f 433/1297/325 434/1298/325 435/1299/325 436/1300/325
f 440/1301/326 439/1302/326 438/1303/326 437/1304/326
f 437/1305/327 438/1306/327 434/1307/327 433/1308/327
f 438/1309/328 439/1310/328 435/1311/328 434/1312/328
f 439/1313/329 440/1314/329 436/1315/329 435/1316/329
f 440/1317/330 437/1318/330 433/1319/330 436/1320/330
f 441/1321/331 442/1322/331 443/1323/331 444/1324/331
f 448/1325/332 447/1326/332 446/1327/332 445/1328/332
f 445/1329/333 446/1330/333 442/1331/333 441/1332/333
f 446/1333/334 447/1334/334 443/1335/334 442/1336/334
f 447/1337/335 448/1338/335 444/1339/335 443/1340/335
f 448/1341/336 445/1342/336 441/1343/336 444/1344/336
f 449/1345/337 450/1346/337 451/1347/337 452/1348/337
f 456/1349/338 455/1350/338 454/1351/338 453/1352/338
f 453/1353/339 454/1354/339 450/1355/339 449/1356/339
f 454/1357/340 455/1358/340 451/1359/340 450/1360/340
f 455/1361/341 456/1362/341 452/1363/341 451/1364/341
f 456/1365/342 453/1366/342 449/1367/342 452/1368/342
f 457/1369/343 458/1370/343 459/1371/343 460/1372/343
f 464/1373/344 463/1374/344 462/1375/344 461/1376/344
f 461/1377/345 462/1378/345 458/1379/345 457/1380/345
f 462/1381/346 463/1382/346 459/1383/346 458/1384/346
f 463/1385/347 464/1386/347 460/1387/347 459/1388/347
f 464/1389/348 461/1390/348 457/1391/348 460/1392/348
f 465/1393/349 466/1394/349 467/1395/349 468/1396/349
f 472/1397/350 471/1398/350 470/1399/350 469/1400/350
f 469/1401/351 470/1402/351 466/1403/351 465/1404/351
f 470/1405/352 471/1406/352 467/1407/352 466/1408/352
f 471/1409/353 472/1410/353 468/1411/353 467/1412/353
f 472/1413/354 469/1414/354 465/1415/354 468/1416/354
f 473/1417/355 474/1418/355 475/1419/355 476/1420/355
f 480/1421/356 479/1422/356 478/1423/356 477/1424/356
f 477/1425/357 478/1426/357 474/1427/357 473/1428/357
f 478/1429/358 479/1430/358 475/1431/358 474/1432/358
f 479/1433/359 480/1434/359 476/1435/359 475/1436/359
f 480/1437/360 477/1438/360 473/1439/360 476/1440/360
f 481/1441/361 482/1442/361 483/1443/361 484/1444/361
f 488/1445/362 487/1446/362 486/1447/362 485/1448/362
f 485/1449/363 486/1450/363 482/1451/363 481/1452/363
f 486/1453/364 487/1454/364 483/1455/364 482/1456/364
f 487/1457/365 488/1458/365 484/1459/365 483/1460/365
f 488/1461/366 485/1462/366 481/1463/366 484/1464/366
f 489/1465/367 490/1466/367 491/1467/367 492/1468/367
f 496/1469/368 495/1470/368 494/1471/368 493/1472/368
f 493/1473/369 494/1474/369 490/1475/369 489/1476/369
f 494/1477/370 495/1478/370 491/1479/370 490/1480/370
f 495/1481/371 496/1482/371 492/1483/371 491/1484/371
f 496/1485/372 493/1486/372 489/1487/372 492/1488/372
f 497/1489/373 498/1490/373 499/1491/373 500/1492/373
f 504/1493/374 503/1494/374 502/1495/374 501/1496/374
f 501/1497/375 502/1498/375 498/1499/375 497/1500/375
f 502/1501/376 503/1502/376 499/1503/376 498/1504/376
f 503/1505/377 504/1506/377 500/1507/377 499/1508/377
f 504/1509/378 501/1510/378 497/1511/378 500/1512/378
f 505/1513/379 506/1514/379 507/1515/379 508/1516/379
f 512/1517/380 511/1518/380 510/1519/380 509/1520/380
f 509/1521/381 510/1522/381 506/1523/381 505/1524/381
f 510/1525/382 511/1526/382 507/1527/382 506/1528/382
f 511/1529/383 512/1530/383 508/1531/383 507/1532/383
f 512/1533/384 509/1534/384 505/1535/384 508/1536/384
f 513/1537/385 514/1538/385 515/1539/385 516/1540/385
f 520/1541/386 519/1542/386 518/1543/386 517/1544/386
f 517/1545/387 518/1546/387 514/1547/387 513/1548/387
f 518/1549/388 519/1550/388 515/1551/388 514/1552/388
f 519/1553/389 520/1554/389 516/1555/389 515/1556/389
f 520/1557/390 517/1558/390 513/1559/390 516/1560/390
f 521/1561/391 522/1562/391 523/1563/391 524/1564/391
f 528/1565/392 527/1566/392 526/1567/392 525/1568/392
f 525/1569/393 526/1570/393 522/1571/393 521/1572/393
f 526/1573/394 527/1574/394 523/1575/394 522/1576/394
f 527/1577/395 528/1578/395 524/1579/395 523/1580/395
f 528/1581/396 525/1582/396 521/1583/396 524/1584/396
f 529/1585/397 530/1586/397 531/1587/397 532/1588/397
f 536/1589/398 535/1590/398 534/1591/398 533/1592/398
f 533/1593/399 534/1594/399 530/1595/399 529/1596/399
f 534/1597/400 535/1598/400 531/1599/400 530/1600/400
f 535/1601/401 536/1602/401 532/1603/401 531/1604/401
f 536/1605/402 533/1606/402 529/1607/402 532/1608/402
f 537/1609/403 538/1610/403 539/1611/403 540/1612/403
f 544/1613/404 543/1614/404 542/1615/404 541/1616/404
f 541/1617/405 542/1618/405 538/1619/405 537/1620/405
f 542/1621/406 543/1622/406 539/1623/406 538/1624/406
f 543/1625/407 544/1626/407 540/1627/407 539/1628/407
f 544/1629/408 541/1630/408 537/1631/408 540/1632/408
f 545/1633/409 546/1634/409 547/1635/409 548/1636/409
f 552/1637/410 551/1638/410 550/1639/410 549/1640/410
f 549/1641/411 550/1642/411 546/1643/411 545/1644/411
f 550/1645/412 551/1646/412 547/1647/412 546/1648/412
f 551/1649/413 552/1650/413 548/1651/413 547/1652/413
f 552/1653/414 549/1654/414 545/1655/414 548/1656/414
f 553/1657/415 554/1658/415 555/1659/415 556/1660/415
f 560/1661/416 559/1662/416 558/1663/416 557/1664/416
f 557/1665/417 558/1666/417 554/1667/417 553/1668/417
f 558/1669/418 559/1670/418 555/1671/418 554/1672/418
f 559/1673/419 560/1674/419 556/1675/419 555/1676/419
f 560/1677/420 557/1678/420 553/1679/420 556/1680/420
f 561/1681/421 562/1682/421 563/1683/421 564/1684/421
f 568/1685/422 567/1686/422 566/1687/422 565/1688/422
f 565/1689/423 566/1690/423 562/1691/423 561/1692/423
f 566/1693/424 567/1694/424 563/1695/424 562/1696/424
f 567/1697/425 568/1698/425 564/1699/425 563/1700/425
f 568/1701/426 565/1702/426 561/1703/426 564/1704/426
f 569/1705/427 570/1706/427 571/1707/427 572/1708/427
f 576/1709/428 575/1710/428 574/1711/428 573/1712/428
f 573/1713/429 574/1714/429 570/1715/429 569/1716/429
f 574/1717/430 575/1718/430 571/1719/430 570/1720/430
f 575/1721/431 576/1722/431 572/1723/431 571/1724/431
f 576/1725/432 573/1726/432 569/1727/432 572/1728/432
f 577/1729/433 578/1730/433 579/1731/433 580/1732/433
f 584/1733/434 583/1734/434 582/1735/434 581/1736/434
f 581/1737/435 582/1738/435 578/1739/435 577/1740/435
f 582/1741/436 583/1742/436 579/1743/436 578/1744/436
f 583/1745/437 584/1746/437 580/1747/437 579/1748/437
f 584/1749/438 581/1750/438 577/1751/438 580/1752/438
f 585/1753/439 586/1754/439 587/1755/439 588/1756/439
f 592/1757/440 591/1758/440 590/1759/440 589/1760/440
f 589/1761/441 590/1762/441 586/1763/441 585/1764/441
f 590/1765/442 591/1766/442 587/1767/442 586/1768/442
f 591/1769/443 592/1770/443 588/1771/443 587/1772/443
f 592/1773/444 589/1774/444 585/1775/444 588/1776/444
f 593/1777/445 594/1778/445 595/1779/445 596/1780/445
f 600/1781/446 599/1782/446 598/1783/446 597/1784/446
f 597/1785/447 598/1786/447 594/1787/447 593/1788/447
f 598/1789/448 599/1790/448 595/1791/448 594/1792/448
f 599/1793/449 600/1794/449 596/1795/449 595/1796/449
f 600/1797/450 597/1798/450 593/1799/450 596/1800/450
f 601/1801/451 602/1802/451 603/1803/451 604/1804/451
f 608/1805/452 607/1806/452 606/1807/452 605/1808/452
f 605/1809/453 606/1810/453 602/1811/453 601/1812/453
f 606/1813/454 607/1814/454 603/1815/454 602/1816/454
f 607/1817/455 608/1818/455 604/1819/455 603/1820/455
f 608/1821/456 605/1822/456 601/1823/456 604/1824/456
f 609/1825/457 610/1826/457 611/1827/457 612/1828/457
f 616/1829/458 615/1830/458 614/1831/458 613/1832/458
f 613/1833/459 614/1834/459 610/1835/459 609/1836/459
f 614/1837/460 615/1838/460 611/1839/460 610/1840/460
f 615/1841/461 616/1842/461 612/1843/461 611/1844/461
f 616/1845/462 613/1846/462 609/1847/462 612/1848/462
f 617/1849/463 618/1850/463 619/1851/463 620/1852/463
f 624/1853/464 623/1854/464 622/1855/464 621/1856/464
f 621/1857/465 622/1858/465 618/1859/465 617/1860/465
f 622/1861/466 623/1862/466 619/1863/466 618/1864/466
f 623/1865/467 624/1866/467 620/1867/467 619/1868/467
f 624/1869/468 621/1870/468 617/1871/468 620/1872/468
f 625/1873/469 626/1874/469 627/1875/469 628/1876/469
f 632/1877/470 631/1878/470 630/1879/470 629/1880/470
f 629/1881/471 630/1882/471 626/1883/471 625/1884/471
f 630/1885/472 631/1886/472 627/1887/472 626/1888/472
f 631/1889/473 632/1890/473 628/1891/473 627/1892/473
f 632/1893/474 629/1894/474 625/1895/474 628/1896/474
f 633/1897/475 634/1898/475 635/1899/475 636/1900/475
f 640/1901/476 639/1902/476 638/1903/476 637/1904/476
f 637/1905/477 638/1906/477 634/1907/477 633/1908/477
f 638/1909/478 639/1910/478 635/1911/478 634/1912/478
f 639/1913/479 640/1914/479 636/1915/479 635/1916/479
f 640/1917/480 637/1918/480 633/1919/480 636/1920/480
f 641/1921/481 642/1922/481 643/1923/481 644/1924/481
f 648/1925/482 647/1926/482 646/1927/482 645/1928/482
f 645/1929/483 646/1930/483 642/1931/483 641/1932/483
f 646/1933/484 647/1934/484 643/1935/484 642/1936/484
f 647/1937/485 648/1938/485 644/1939/485 643/1940/485
f 648/1941/486 645/1942/486 641/1943/486 644/1944/486
f 649/1945/487 650/1946/487 651/1947/487 652/1948/487
f 656/1949/488 655/1950/488 654/1951/488 653/1952/488
f 653/1953/489 654/1954/489 650/1955/489 649/1956/489
f 654/1957/490 655/1958/490 651/1959/490 650/1960/490
f 655/1961/491 656/1962/491 652/1963/491 651/1964/491
f 656/1965/492 653/1966/492 649/1967/492 652/1968/492
f 657/1969/493 658/1970/493 659/1971/493 660/1972/493
f 664/1973/494 663/1974/494 662/1975/494 661/1976/494
f 661/1977/495 662/1978/495 658/1979/495 657/1980/495
f 662/1981/496 663/1982/496 659/1983/496 658/1984/496
f 663/1985/497 664/1986/497 660/1987/497 659/1988/497
f 664/1989/498 661/1990/498 657/1991/498 660/1992/498
f 665/1993/499 666/1994/499 667/1995/499 668/1996/499
f 672/1997/500 671/1998/500 670/1999/500 669/2000/500
f 669/2001/501 670/2002/501 666/2003/501 665/2004/501
f 670/2005/502 671/2006/502 667/2007/502 666/2008/502
f 671/2009/503 672/2010/503 668/2011/503 667/2012/503
f 672/2013/504 669/2014/504 665/2015/504 668/2016/504
f 673/2017/505 674/2018/505 675/2019/505 676/2020/505
f 680/2021/506 679/2022/506 678/2023/506 677/2024/506
f 677/2025/507 678/2026/507 674/2027/507 673/2028/507
f 678/2029/508 679/2030/508 675/2031/508 674/2032/508
f 679/2033/509 680/2034/509 676/2035/509 675/2036/509
f 680/2037/510 677/2038/510 673/2039/510 676/2040/510
f 681/2041/511 682/2042/511 683/2043/511 684/2044/511
f 688/2045/512 687/2046/512 686/2047/512 685/2048/512
f 685/2049/513 686/2050/513 682/2051/513 681/2052/513
f 686/2053/514 687/2054/514 683/2055/514 682/2056/514
f 687/2057/515 688/2058/515 684/2059/515 683/2060/515
f 688/2061/516 685/2062/516 681/2063/516 684/2064/516
f 689/2065/517 690/2066/517 691/2067/517 692/2068/517
f 696/2069/518 695/2070/518 694/2071/518 693/2072/518
f 693/2073/519 694/2074/519 690/2075/519 689/2076/519
f 694/2077/520 695/2078/520 691/2079/520 690/2080/520
f 695/2081/521 696/2082/521 692/2083/521 691/2084/521
f 696/2085/522 693/2086/522 689/2087/522 692/2088/522
f 697/2089/523 698/2090/523 699/2091/523 700/2092/523
f 704/2093/524 703/2094/524 702/2095/524 701/2096/524
f 701/2097/525 702/2098/525 698/2099/525 697/2100/525
f 702/2101/526 703/2102/526 699/2103/526 698/2104/526
f 703/2105/527 704/2106/527 700/2107/527 699/2108/527
f 704/2109/528 701/2110/528 697/2111/528 700/2112/528
f 705/2113/529 706/2114/529 707/2115/529 708/2116/529
f 712/2117/530 711/2118/530 710/2119/530 709/2120/530
f 709/2121/531 710/2122/531 706/2123/531 705/2124/531
f 710/2125/532 711/2126/532 707/2127/532 706/2128/532
f 711/2129/533 712/2130/533 708/2131/533 707/2132/533
f 712/2133/534 709/2134/534 705/2135/534 708/2136/534
f 713/2137/535 714/2138/535 715/2139/535 716/2140/535
f 720/2141/536 719/2142/536 718/2143/536 717/2144/536
f 717/2145/537 718/2146/537 714/2147/537 713/2148/537
f 718/2149/538 719/2150/538 715/2151/538 714/2152/538
f 719/2153/539 720/2154/539 716/2155/539 715/2156/539
f 720/2157/540 717/2158/540 713/2159/540 716/2160/540
f 721/2161/541 722/2162/541 723/2163/541 724/2164/541
f 728/2165/542 727/2166/542 726/2167/542 725/2168/542
f 725/2169/543 726/2170/543 722/2171/543 721/2172/543
f 726/2173/544 727/2174/544 723/2175/544 722/2176/544
f 727/2177/545 728/2178/545 724/2179/545 723/2180/545
f 728/2181/546 725/2182/546 721/2183/546 724/2184/546
f 729/2185/547 730/2186/547 731/2187/547 732/2188/547
f 736/2189/548 735/2190/548 734/2191/548 733/2192/548
f 733/2193/549 734/2194/549 730/2195/549 729/2196/549
f 734/2197/550 735/2198/550 731/2199/550 730/2200/550
f 735/2201/551 736/2202/551 732/2203/551 731/2204/551
f 736/2205/552 733/2206/552 729/2207/552 732/2208/552
f 737/2209/553 738/2210/553 739/2211/553 740/2212/553
f 744/2213/554 743/2214/554 742/2215/554 741/2216/554
f 741/2217/555 742/2218/555 738/2219/555 737/2220/555
f 742/2221/556 743/2222/556 739/2223/556 738/2224/556
f 743/2225/557 744/2226/557 740/2227/557 739/2228/557
f 744/2229/558 741/2230/558 737/2231/558 740/2232/558
f 745/2233/559 746/2234/559 747/2235/559 748/2236/559
f 752/2237/560 751/2238/560 750/2239/560 749/2240/560
f 749/2241/561 750/2242/561 746/2243/561 745/2244/561
f 750/2245/562 751/2246/562 747/2247/562 746/2248/562
f 751/2249/563 752/2250/563 748/2251/563 747/2252/563
f 752/2253/564 749/2254/564 745/2255/564 748/2256/564
f 753/2257/565 754/2258/565 755/2259/565 756/2260/565
f 760/2261/566 759/2262/566 758/2263/566 757/2264/566
f 757/2265/567 758/2266/567 754/2267/567 753/2268/567
f 758/2269/568 759/2270/568 755/2271/568 754/2272/568
f 759/2273/569 760/2274/569 756/2275/569 755/2276/569
f 760/2277/570 757/2278/570 753/2279/570 756/2280/570
f 761/2281/571 762/2282/571 763/2283/571 764/2284/571
f 768/2285/572 767/2286/572 766/2287/572 765/2288/572
f 765/2289/573 766/2290/573 762/2291/573 761/2292/573
f 766/2293/574 767/2294/574 763/2295/574 762/2296/574
f 767/2297/575 768/2298/575 764/2299/575 763/2300/575
f 768/2301/576 765/2302/576 761/2303/576 764/2304/576
f 769/2305/577 770/2306/577 771/2307/577 772/2308/577
f 776/2309/578 775/2310/578 774/2311/578 773/2312/578
f 773/2313/579 774/2314/579 770/2315/579 769/2316/579
f 774/2317/580 775/2318/580 771/2319/580 770/2320/580
f 775/2321/581 776/2322/581 772/2323/581 771/2324/581
f 776/2325/582 773/2326/582 769/2327/582 772/2328/582
f 777/2329/583 778/2330/583 779/2331/583 780/2332/583
f 784/2333/584 783/2334/584 782/2335/584 781/2336/584
f 781/2337/585 782/2338/585 778/2339/585 777/2340/585
f 782/2341/586 783/2342/586 779/2343/586 778/2344/586
f 783/2345/587 784/2346/587 780/2347/587 779/2348/587
f 784/2349/588 781/2350/588 777/2351/588 780/2352/588
f 785/2353/589 786/2354/589 787/2355/589 788/2356/589
f 792/2357/590 791/2358/590 790/2359/590 789/2360/590
f 789/2361/591 790/2362/591 786/2363/591 785/2364/591
f 790/2365/592 791/2366/592 787/2367/592 786/2368/592
f 791/2369/593 792/2370/593 788/2371/593 787/2372/593
f 792/2373/594 789/2374/594 785/2375/594 788/2376/594
f 793/2377/595 794/2378/595 795/2379/595 796/2380/595
f 800/2381/596 799/2382/596 798/2383/596 797/2384/596
f 797/2385/597 798/2386/597 794/2387/597 793/2388/597
f 798/2389/598 799/2390/598 795/2391/598 794/2392/598
f 799/2393/599 800/2394/599 796/2395/599 795/2396/599
f 800/2397/600 797/2398/600 793/2399/600 796/2400/600
f 801/2401/601 802/2402/601 803/2403/601 804/2404/601
f 808/2405/602 807/2406/602 806/2407/602 805/2408/602
f 805/2409/603 806/2410/603 802/2411/603 801/2412/603
f 806/2413/604 807/2414/604 803/2415/604 802/2416/604
f 807/2417/605 808/2418/605 804/2419/605 803/2420/605
f 808/2421/606 805/2422/606 801/2423/606 804/2424/606
f 809/2425/607 810/2426/607 811/2427/607 812/2428/607
f 816/2429/608 815/2430/608 814/2431/608 813/2432/608
f 813/2433/609 814/2434/609 810/2435/609 809/2436/609
f 814/2437/610 815/2438/610 811/2439/610 810/2440/610
f 815/2441/611 816/2442/611 812/2443/611 811/2444/611
f 816/2445/612 813/2446/612 809/2447/612 812/2448/612
f 817/2449/613 818/2450/613 819/2451/613 820/2452/613
f 824/2453/614 823/2454/614 822/2455/614 821/2456/614
f 821/2457/615 822/2458/615 818/2459/615 817/2460/615
f 822/2461/616 823/2462/616 819/2463/616 818/2464/616
f 823/2465/617 824/2466/617 820/2467/617 819/2468/617
f 824/2469/618 821/2470/618 817/2471/618 820/2472/618
f 825/2473/619 826/2474/619 827/2475/619 828/2476/619
f 832/2477/620 831/2478/620 830/2479/620 829/2480/620
f 829/2481/621 830/2482/621 826/2483/621 825/2484/621
f 830/2485/622 831/2486/622 827/2487/622 826/2488/622
f 831/2489/623 832/2490/623 828/2491/623 827/2492/623
f 832/2493/624 829/2494/624 825/2495/624 828/2496/624
f 833/2497/625 834/2498/625 835/2499/625 836/2500/625
f 840/2501/626 839/2502/626 838/2503/626 837/2504/626
f 837/2505/627 838/2506/627 834/2507/627 833/2508/627
f 838/2509/628 839/2510/628 835/2511/628 834/2512/628
f 839/2513/629 840/2514/629 836/2515/629 835/2516/629
f 840/2517/630 837/2518/630 833/2519/630 836/2520/630
f 841/2521/631 842/2522/631 843/2523/631 844/2524/631
f 848/2525/632 847/2526/632 846/2527/632 845/2528/632
f 845/2529/633 846/2530/633 842/2531/633 841/2532/633
f 846/2533/634 847/2534/634 843/2535/634 842/2536/634
f 847/2537/635 848/2538/635 844/2539/635 843/2540/635
f 848/2541/636 845/2542/636 841/2543/636 844/2544/636
f 849/2545/637 850/2546/637 851/2547/637 852/2548/637
f 856/2549/638 855/2550/638 854/2551/638 853/2552/638
f 853/2553/639 854/2554/639 850/2555/639 849/2556/639
f 854/2557/640 855/2558/640 851/2559/640 850/2560/640
f 855/2561/641 856/2562/641 852/2563/641 851/2564/641
f 856/2565/642 853/2566/642 849/2567/642 852/2568/642
f 857/2569/643 858/2570/643 859/2571/643 860/2572/643
f 864/2573/644 863/2574/644 862/2575/644 861/2576/644
f 861/2577/645 862/2578/645 858/2579/645 857/2580/645
f 862/2581/646 863/2582/646 859/2583/646 858/2584/646
f 863/2585/647 864/2586/647 860/2587/647 859/2588/647
f 864/2589/648 861/2590/648 857/2591/648 860/2592/648
f 865/2593/649 866/2594/649 867/2595/649 868/2596/649
f 872/2597/650 871/2598/650 870/2599/650 869/2600/650
f 869/2601/651 870/2602/651 866/2603/651 865/2604/651
f 870/2605/652 871/2606/652 867/2607/652 866/2608/652
f 871/2609/653 872/2610/653 868/2611/653 867/2612/653
f 872/2613/654 869/2614/654 865/2615/654 868/2616/654
