# road_junction_merge_below_ramp_glass.obj — gray-box hull for Missile Rider.
# GENERATED by tools/gen_road_junctions.py. Do not hand-edit; edit the generator.
o road_junction_merge_below_ramp_glass
v 300.0000 -315.0000 639.6152
v 300.0000 -315.0000 642.6152
v 300.0000 -165.0000 642.6152
v 300.0000 -165.0000 639.6152
v 355.5556 -315.0000 639.6152
v 355.5556 -315.0000 642.6152
v 355.5556 -165.0000 642.6152
v 355.5556 -165.0000 639.6152
v 355.5556 -315.0000 639.6152
v 355.5556 -315.0000 642.6152
v 355.5556 -165.0000 642.6152
v 355.5556 -165.0000 639.6152
v 411.1111 -315.0000 639.6152
v 411.1111 -315.0000 642.6152
v 411.1111 -165.0000 642.6152
v 411.1111 -165.0000 639.6152
v 411.1111 -315.0000 639.6152
v 411.1111 -315.0000 642.6152
v 411.1111 -165.0000 642.6152
v 411.1111 -165.0000 639.6152
v 466.6667 -315.0000 639.6152
v 466.6667 -315.0000 642.6152
v 466.6667 -165.0000 642.6152
v 466.6667 -165.0000 639.6152
v 466.6667 -315.0000 639.6152
v 466.6667 -315.0000 642.6152
v 466.6667 -165.0000 642.6152
v 466.6667 -165.0000 639.6152
v 522.2222 -315.0000 639.6152
v 522.2222 -315.0000 642.6152
v 522.2222 -165.0000 642.6152
v 522.2222 -165.0000 639.6152
v 522.2222 -315.0000 639.6152
v 522.2222 -315.0000 642.6152
v 522.2222 -165.0000 642.6152
v 522.2222 -165.0000 639.6152
v 577.7778 -315.0000 639.6152
v 577.7778 -315.0000 642.6152
v 577.7778 -165.0000 642.6152
v 577.7778 -165.0000 639.6152
v 577.7778 -315.0000 639.6152
v 577.7778 -315.0000 642.6152
v 577.7778 -165.0000 642.6152
v 577.7778 -165.0000 639.6152
v 633.3333 -315.0000 639.6152
v 633.3333 -315.0000 642.6152
v 633.3333 -165.0000 642.6152
v 633.3333 -165.0000 639.6152
v 633.3333 -315.0000 639.6152
v 633.3333 -315.0000 642.6152
v 633.3333 -165.0000 642.6152
v 633.3333 -165.0000 639.6152
v 688.8889 -315.0000 639.6152
v 688.8889 -315.0000 642.6152
v 688.8889 -165.0000 642.6152
v 688.8889 -165.0000 639.6152
v 688.8889 -315.0000 639.6152
v 688.8889 -315.0000 642.6152
v 688.8889 -165.0000 642.6152
v 688.8889 -165.0000 639.6152
v 744.4444 -315.0000 639.6152
v 744.4444 -315.0000 642.6152
v 744.4444 -165.0000 642.6152
v 744.4444 -165.0000 639.6152
v 744.4444 -315.0000 639.6152
v 744.4444 -315.0000 642.6152
v 744.4444 -165.0000 642.6152
v 744.4444 -165.0000 639.6152
v 800.5962 -314.9994 639.6141
v 800.6035 -314.9994 642.6141
v 799.9948 -165.0006 642.6156
v 799.9875 -165.0006 639.6156
v 800.5962 -314.9994 639.6141
v 800.6035 -314.9994 642.6141
v 799.9948 -165.0006 642.6156
v 799.9875 -165.0006 639.6156
v 853.4026 -314.5572 639.3371
v 853.4331 -314.5572 642.3370
v 850.8876 -164.5788 642.3629
v 850.8571 -164.5788 639.3630
v 853.4026 -314.5572 639.3371
v 853.4331 -314.5572 642.3370
v 850.8876 -164.5788 642.3629
v 850.8571 -164.5788 639.3630
v 906.8045 -313.2285 638.5028
v 906.8655 -313.2285 641.5022
v 901.7760 -163.3149 641.6057
v 901.7149 -163.3149 638.6063
v 906.8045 -313.2285 638.5028
v 906.8655 -313.2285 641.5022
v 901.7760 -163.3149 641.6057
v 901.7149 -163.3149 638.6063
v 960.2047 -311.0127 637.1119
v 960.2963 -311.0127 640.1105
v 952.6659 -161.2071 640.3435
v 952.5744 -161.2071 637.3449
v 960.2047 -311.0127 637.1119
v 960.2963 -311.0127 640.1105
v 952.6659 -161.2071 640.3435
v 952.5744 -161.2071 637.3449
v 1013.6026 -307.9080 635.1642
v 1013.7247 -307.9080 638.1617
v 1003.5582 -158.2535 638.5757
v 1003.4361 -158.2535 635.5782
v 1013.6026 -307.9080 635.1642
v 1013.7247 -307.9080 638.1617
v 1003.5582 -158.2535 638.5757
v 1003.4361 -158.2535 635.5782
v 1066.9463 -303.9161 632.6616
v 1067.0989 -303.9161 635.6578
v 1054.5047 -154.4471 636.2992
v 1054.3521 -154.4471 633.3031
v 1066.9463 -303.9161 632.6616
v 1067.0989 -303.9161 635.6578
v 1054.5047 -154.4471 636.2992
v 1054.3521 -154.4471 633.3031
v 1119.7655 -299.1520 629.6339
v 1119.9486 -299.1520 632.6283
v 1105.9758 -149.8067 633.4828
v 1105.7927 -149.8067 630.4884
v 1119.7655 -299.1520 629.6339
v 1119.9486 -299.1520 632.6283
v 1105.9758 -149.8067 633.4828
v 1105.7927 -149.8067 630.4884
v 1171.9996 -294.2822 626.1005
v 1172.2133 -294.2822 629.0929
v 1158.0318 -144.9575 630.1053
v 1157.8182 -144.9575 627.1129
v 1171.9996 -294.2822 626.1005
v 1172.2133 -294.2822 629.0929
v 1158.0318 -144.9575 630.1053
v 1157.8182 -144.9575 627.1129
v 1224.1185 -289.4232 622.0398
v 1224.3626 -289.4232 625.0298
v 1210.2032 -140.0975 626.1860
v 1209.9590 -140.0975 623.1960
v 1224.1185 -289.4232 622.0398
v 1224.3626 -289.4232 625.0298
v 1210.2032 -140.0975 626.1860
v 1209.9590 -140.0975 623.1960
v 1276.2358 -284.5643 617.4436
v 1276.5105 -284.5643 620.4310
v 1262.3760 -135.2374 621.7306
v 1262.1014 -135.2374 618.7432
v 1276.2358 -284.5643 617.4436
v 1276.5105 -284.5643 620.4310
v 1262.3760 -135.2374 621.7306
v 1262.1014 -135.2374 618.7432
v 1328.3517 -279.7054 612.3107
v 1328.6569 -279.7054 615.2951
v 1314.5504 -130.3772 616.7376
v 1314.2452 -130.3772 613.7532
v 1328.3517 -279.7054 612.3107
v 1328.6569 -279.7054 615.2951
v 1314.5504 -130.3772 616.7376
v 1314.2452 -130.3772 613.7532
v 1380.4661 -274.8467 606.6393
v 1380.8019 -274.8467 609.6204
v 1366.7261 -125.5170 611.2055
v 1366.3904 -125.5170 608.2243
v 1380.4661 -274.8467 606.6393
v 1380.8019 -274.8467 609.6204
v 1366.7261 -125.5170 611.2055
v 1366.3904 -125.5170 608.2243
v 1432.5791 -269.9880 600.4277
v 1432.9453 -269.9880 603.4053
v 1418.9034 -120.6567 605.1324
v 1418.5372 -120.6567 602.1548
v 1432.5791 -269.9880 600.4277
v 1432.9453 -269.9880 603.4053
v 1418.9034 -120.6567 605.1324
v 1418.5372 -120.6567 602.1548
v 1484.6906 -265.1293 593.6741
v 1485.0873 -265.1293 596.6477
v 1471.0821 -115.7963 598.5163
v 1470.6854 -115.7963 595.5426
v 1484.6906 -265.1293 593.6741
v 1485.0873 -265.1293 596.6477
v 1471.0821 -115.7963 598.5163
v 1470.6854 -115.7963 595.5426
v 1536.8006 -260.2708 586.3762
v 1537.2279 -260.2708 589.3456
v 1523.2623 -110.9358 591.3551
v 1522.8351 -110.9358 588.3856
v 1536.8006 -260.2708 586.3762
v 1537.2279 -260.2708 589.3456
v 1523.2623 -110.9358 591.3551
v 1522.8351 -110.9358 588.3856
v 1588.9092 -255.4123 578.5317
v 1589.3669 -255.4123 581.4966
v 1575.4440 -106.0753 583.6463
v 1574.9862 -106.0753 580.6815
v 1588.9092 -255.4123 578.5317
v 1589.3669 -255.4123 581.4966
v 1575.4440 -106.0753 583.6463
v 1574.9862 -106.0753 580.6815
v 1641.0162 -250.5539 570.1383
v 1641.5046 -250.5539 573.0982
v 1627.6271 -101.2147 575.3876
v 1627.1388 -101.2147 572.4276
v 1641.0162 -250.5539 570.1383
v 1641.5046 -250.5539 573.0982
v 1627.6271 -101.2147 575.3876
v 1627.1388 -101.2147 572.4276
v 1693.1219 -245.6955 561.1931
v 1693.6407 -245.6955 564.1479
v 1679.8117 -96.3541 566.5760
v 1679.2929 -96.3541 563.6212
v 1693.1219 -245.6955 561.1931
v 1693.6407 -245.6955 564.1479
v 1679.8117 -96.3541 566.5760
v 1679.2929 -96.3541 563.6212
v 1745.2260 -240.8372 551.6932
v 1745.7753 -240.8372 554.6425
v 1731.9978 -91.4934 557.2088
v 1731.4485 -91.4934 554.2595
v 1745.2260 -240.8372 551.6932
v 1745.7753 -240.8372 554.6425
v 1731.9978 -91.4934 557.2088
v 1731.4485 -91.4934 554.2595
v 1797.3287 -235.9790 541.6357
v 1797.9085 -235.9790 544.5791
v 1784.1853 -86.6326 547.2826
v 1783.6055 -86.6326 544.3392
v 1797.3287 -235.9790 541.6357
v 1797.9085 -235.9790 544.5791
v 1784.1853 -86.6326 547.2826
v 1783.6055 -86.6326 544.3392
v 1849.4299 -231.1209 531.0171
v 1850.0403 -231.1209 533.9544
v 1836.3744 -81.7717 536.7942
v 1835.7640 -81.7717 533.8570
v 1849.4299 -231.1209 531.0171
v 1850.0403 -231.1209 533.9544
v 1836.3744 -81.7717 536.7942
v 1835.7640 -81.7717 533.8570
v 1901.5296 -226.2628 519.8340
v 1902.1705 -226.2628 522.7647
v 1888.5648 -76.9108 525.7400
v 1887.9239 -76.9108 522.8093
v 1901.5296 -226.2628 519.8340
v 1902.1705 -226.2628 522.7647
v 1888.5648 -76.9108 525.7400
v 1887.9239 -76.9108 522.8093
v 1953.6279 -221.4048 508.0825
v 1954.2993 -221.4048 511.0064
v 1940.7568 -72.0498 514.1162
v 1940.0854 -72.0498 511.1923
v 1953.6279 -221.4048 508.0825
v 1954.2993 -221.4048 511.0064
v 1940.7568 -72.0498 514.1162
v 1940.0854 -72.0498 511.1923
v 2005.7247 -216.5469 495.7588
v 2006.4266 -216.5469 498.6755
v 1992.9502 -67.1887 501.9187
v 1992.2483 -67.1887 499.0020
v 2005.7247 -216.5469 495.7588
v 2006.4266 -216.5469 498.6755
v 1992.9502 -67.1887 501.9187
v 1992.2483 -67.1887 499.0020
v 2057.8200 -211.6890 482.8586
v 2058.5525 -211.6890 485.7678
v 2045.1451 -62.3275 489.1434
v 2044.4127 -62.3275 486.2342
v 2057.8200 -211.6890 482.8586
v 2058.5525 -211.6890 485.7678
v 2045.1451 -62.3275 489.1434
v 2044.4127 -62.3275 486.2342
v 2109.9139 -206.8312 469.3774
v 2110.6769 -206.8312 472.2788
v 2097.3415 -57.4663 475.7856
v 2096.5785 -57.4663 472.8842
v 2109.9139 -206.8312 469.3774
v 2110.6769 -206.8312 472.2788
v 2097.3415 -57.4663 475.7856
v 2096.5785 -57.4663 472.8842
v 2162.0063 -201.9735 455.3106
v 2162.7998 -201.9735 458.2038
v 2149.5393 -52.6050 461.8406
v 2148.7459 -52.6050 458.9475
v 2162.0063 -201.9735 455.3106
v 2162.7998 -201.9735 458.2038
v 2149.5393 -52.6050 461.8406
v 2148.7459 -52.6050 458.9475
v 2213.9488 -197.1156 440.7049
v 2214.7690 -197.1156 443.5906
v 2201.5765 -47.7439 447.3402
v 2200.7563 -47.7439 444.4545
v 2213.9488 -197.1156 440.7049
v 2214.7690 -197.1156 443.5906
v 2201.5765 -47.7439 447.3402
v 2200.7563 -47.7439 444.4545
v 2264.8579 -192.2561 426.0174
v 2265.6781 -192.2561 428.9031
v 2252.4856 -42.8844 432.6527
v 2251.6654 -42.8844 429.7670
v 2264.8579 -192.2561 426.0174
v 2265.6781 -192.2561 428.9031
v 2252.4856 -42.8844 432.6527
v 2251.6654 -42.8844 429.7670
v 2314.7336 -187.3950 412.1205
v 2315.5270 -187.3950 415.0137
v 2302.2666 -38.0265 418.6505
v 2301.4731 -38.0265 415.7574
v 2314.7336 -187.3950 412.1205
v 2315.5270 -187.3950 415.0137
v 2302.2666 -38.0265 418.6505
v 2301.4731 -38.0265 415.7574
v 2364.4593 -182.5337 398.8395
v 2365.2223 -182.5337 401.7409
v 2351.8870 -33.1688 405.2477
v 2351.1240 -33.1688 402.3464
v 2364.4593 -182.5337 398.8395
v 2365.2223 -182.5337 401.7409
v 2351.8870 -33.1688 405.2477
v 2351.1240 -33.1688 402.3464
v 2414.1837 -177.6725 386.1180
v 2414.9161 -177.6725 389.0272
v 2401.5088 -28.3110 392.4028
v 2400.7763 -28.3110 389.4936
v 2414.1837 -177.6725 386.1180
v 2414.9161 -177.6725 389.0272
v 2401.5088 -28.3110 392.4028
v 2400.7763 -28.3110 389.4936
v 2463.9065 -172.8113 373.9513
v 2464.6085 -172.8113 376.8680
v 2451.1320 -23.4531 380.1112
v 2450.4301 -23.4531 377.1945
v 2463.9065 -172.8113 373.9513
v 2464.6085 -172.8113 376.8680
v 2451.1320 -23.4531 380.1112
v 2450.4301 -23.4531 377.1945
v 2513.6279 -167.9502 362.3351
v 2514.2993 -167.9502 365.2590
v 2500.7568 -18.5952 368.3687
v 2500.0854 -18.5952 365.4448
v 2513.6279 -167.9502 362.3351
v 2514.2993 -167.9502 365.2590
v 2500.7568 -18.5952 368.3687
v 2500.0854 -18.5952 365.4448
v 2563.3478 -163.0892 351.2654
v 2563.9887 -163.0892 354.1961
v 2550.3830 -13.7372 357.1714
v 2549.7421 -13.7372 354.2407
v 2563.3478 -163.0892 351.2654
v 2563.9887 -163.0892 354.1961
v 2550.3830 -13.7372 357.1714
v 2549.7421 -13.7372 354.2407
v 2613.0663 -158.2283 340.7383
v 2613.6766 -158.2283 343.6755
v 2600.0107 -8.8791 346.5154
v 2599.4003 -8.8791 343.5782
v 2613.0663 -158.2283 340.7383
v 2613.6766 -158.2283 343.6755
v 2600.0107 -8.8791 346.5154
v 2599.4003 -8.8791 343.5782
v 2662.7832 -153.3674 330.7502
v 2663.3631 -153.3674 333.6937
v 2649.6399 -4.0210 336.3972
v 2649.0600 -4.0210 333.4537
v 2662.7832 -153.3674 330.7502
v 2663.3631 -153.3674 333.6937
v 2649.6399 -4.0210 336.3972
v 2649.0600 -4.0210 333.4537
v 2712.4987 -148.5066 321.2978
v 2713.0481 -148.5066 324.2471
v 2699.2705 0.8372 326.8133
v 2698.7212 0.8372 323.8640
v 2712.4987 -148.5066 321.2978
v 2713.0481 -148.5066 324.2471
v 2699.2705 0.8372 326.8133
v 2698.7212 0.8372 323.8640
v 2762.2128 -143.6459 312.3778
v 2762.7316 -143.6459 315.3326
v 2748.9026 5.6955 317.7607
v 2748.3838 5.6955 314.8059
v 2762.2128 -143.6459 312.3778
v 2762.7316 -143.6459 315.3326
v 2748.9026 5.6955 317.7607
v 2748.3838 5.6955 314.8059
v 2811.9253 -138.7853 303.9871
v 2812.4136 -138.7853 306.9471
v 2798.5362 10.5539 309.2365
v 2798.0479 10.5539 306.2765
v 2811.9253 -138.7853 303.9871
v 2812.4136 -138.7853 306.9471
v 2798.5362 10.5539 309.2365
v 2798.0479 10.5539 306.2765
v 2861.6364 -133.9247 296.1231
v 2862.0942 -133.9247 299.0880
v 2848.1713 15.4123 301.2377
v 2847.7135 15.4123 298.2729
v 2861.6364 -133.9247 296.1231
v 2862.0942 -133.9247 299.0880
v 2848.1713 15.4123 301.2377
v 2847.7135 15.4123 298.2729
v 2911.3461 -129.0642 288.7831
v 2911.7733 -129.0642 291.7525
v 2897.8078 20.2708 293.7620
v 2897.3805 20.2708 290.7926
v 2911.3461 -129.0642 288.7831
v 2911.7733 -129.0642 291.7525
v 2897.8078 20.2708 293.7620
v 2897.3805 20.2708 290.7926
v 2961.0542 -124.2037 281.9646
v 2961.4510 -124.2037 284.9382
v 2947.4458 25.1293 286.8068
v 2947.0490 25.1293 283.8332
v 2961.0542 -124.2037 281.9646
v 2961.4510 -124.2037 284.9382
v 2947.4458 25.1293 286.8068
v 2947.0490 25.1293 283.8332
v 3010.7609 -119.3433 275.6654
v 3011.1271 -119.3433 278.6430
v 2997.0852 29.9880 280.3701
v 2996.7190 29.9880 277.3925
v 3010.7609 -119.3433 275.6654
v 3011.1271 -119.3433 278.6430
v 2997.0852 29.9880 280.3701
v 2996.7190 29.9880 277.3925
v 3060.4661 -114.4830 269.8835
v 3060.8019 -114.4830 272.8647
v 3046.7261 34.8467 274.4497
v 3046.3904 34.8467 271.4686
v 3060.4661 -114.4830 269.8835
v 3060.8019 -114.4830 272.8647
v 3046.7261 34.8467 274.4497
v 3046.3904 34.8467 271.4686
v 3110.1699 -109.6228 264.6169
v 3110.4751 -109.6228 267.6014
v 3096.3685 39.7054 269.0439
v 3096.0634 39.7054 266.0595
v 3110.1699 -109.6228 264.6169
v 3110.4751 -109.6228 267.6014
v 3096.3685 39.7054 269.0439
v 3096.0634 39.7054 266.0595
v 3159.8722 -104.7626 259.8640
v 3160.1469 -104.7626 262.8514
v 3146.0124 44.5643 264.1510
v 3145.7377 44.5643 261.1636
v 3159.8722 -104.7626 259.8640
v 3160.1469 -104.7626 262.8514
v 3146.0124 44.5643 264.1510
v 3145.7377 44.5643 261.1636
v 3209.5730 -99.9025 255.6232
v 3209.8172 -99.9025 258.6132
v 3195.6577 49.4232 259.7694
v 3195.4136 49.4232 256.7794
v 3209.5730 -99.9025 255.6232
v 3209.8172 -99.9025 258.6132
v 3195.6577 49.4232 259.7694
v 3195.4136 49.4232 256.7794
v 3259.2724 -95.0425 251.8930
v 3259.4860 -95.0425 254.8854
v 3245.3045 54.2822 255.8979
v 3245.0909 54.2822 252.9055
v 3259.2724 -95.0425 251.8930
v 3259.4860 -95.0425 254.8854
v 3245.3045 54.2822 255.8979
v 3245.0909 54.2822 252.9055
v 3308.8564 -90.1933 248.6794
v 3309.0395 -90.1933 251.6738
v 3295.0667 59.1520 252.5282
v 3294.8836 59.1520 249.5338
v 3308.8564 -90.1933 248.6794
v 3309.0395 -90.1933 251.6738
v 3295.0667 59.1520 252.5282
v 3294.8836 59.1520 249.5338
v 3357.8554 -85.5529 246.0015
v 3358.0080 -85.5529 248.9976
v 3345.4138 63.9161 249.6390
v 3345.2612 63.9161 246.6429
v 3357.8554 -85.5529 246.0015
v 3358.0080 -85.5529 248.9976
v 3345.4138 63.9161 249.6390
v 3345.2612 63.9161 246.6429
v 3406.3299 -81.7465 243.8383
v 3406.4520 -81.7465 246.8358
v 3396.2855 67.9080 247.2498
v 3396.1634 67.9080 244.2523
v 3406.3299 -81.7465 243.8383
v 3406.4520 -81.7465 246.8358
v 3396.2855 67.9080 247.2498
v 3396.1634 67.9080 244.2523
v 3454.7502 -78.7929 242.1586
v 3454.8417 -78.7929 245.1572
v 3447.2114 71.0127 245.3901
v 3447.1198 71.0127 242.3915
v 3454.7502 -78.7929 242.1586
v 3454.8417 -78.7929 245.1572
v 3447.2114 71.0127 245.3901
v 3447.1198 71.0127 242.3915
v 3503.1681 -76.6851 240.9592
v 3503.2291 -76.6851 243.9586
v 3498.1396 73.2285 244.0622
v 3498.0786 73.2285 241.0628
v 3503.1681 -76.6851 240.9592
v 3503.2291 -76.6851 243.9586
v 3498.1396 73.2285 244.0622
v 3498.0786 73.2285 241.0628
v 3551.5844 -75.4212 240.2398
v 3551.6150 -75.4212 243.2396
v 3549.0694 74.5572 243.2655
v 3549.0389 74.5572 240.2657
v 3551.5844 -75.4212 240.2398
v 3551.6150 -75.4212 243.2396
v 3549.0694 74.5572 243.2655
v 3549.0389 74.5572 240.2657
v 3601.2467 -74.9973 239.9952
v 3601.2620 -74.9973 242.9952
v 3599.9892 74.9973 243.0016
v 3599.9740 74.9973 240.0017
v 300.0000 -315.0000 396.6152
v 300.0000 -315.0000 399.6152
v 300.0000 -165.0000 399.6152
v 300.0000 -165.0000 396.6152
v 355.5556 -315.0000 396.6152
v 355.5556 -315.0000 399.6152
v 355.5556 -165.0000 399.6152
v 355.5556 -165.0000 396.6152
v 355.5556 -315.0000 396.6152
v 355.5556 -315.0000 399.6152
v 355.5556 -165.0000 399.6152
v 355.5556 -165.0000 396.6152
v 411.1111 -315.0000 396.6152
v 411.1111 -315.0000 399.6152
v 411.1111 -165.0000 399.6152
v 411.1111 -165.0000 396.6152
v 411.1111 -315.0000 396.6152
v 411.1111 -315.0000 399.6152
v 411.1111 -165.0000 399.6152
v 411.1111 -165.0000 396.6152
v 466.6667 -315.0000 396.6152
v 466.6667 -315.0000 399.6152
v 466.6667 -165.0000 399.6152
v 466.6667 -165.0000 396.6152
v 466.6667 -315.0000 396.6152
v 466.6667 -315.0000 399.6152
v 466.6667 -165.0000 399.6152
v 466.6667 -165.0000 396.6152
v 522.2222 -315.0000 396.6152
v 522.2222 -315.0000 399.6152
v 522.2222 -165.0000 399.6152
v 522.2222 -165.0000 396.6152
v 522.2222 -315.0000 396.6152
v 522.2222 -315.0000 399.6152
v 522.2222 -165.0000 399.6152
v 522.2222 -165.0000 396.6152
v 577.7778 -315.0000 396.6152
v 577.7778 -315.0000 399.6152
v 577.7778 -165.0000 399.6152
v 577.7778 -165.0000 396.6152
v 577.7778 -315.0000 396.6152
v 577.7778 -315.0000 399.6152
v 577.7778 -165.0000 399.6152
v 577.7778 -165.0000 396.6152
v 633.3333 -315.0000 396.6152
v 633.3333 -315.0000 399.6152
v 633.3333 -165.0000 399.6152
v 633.3333 -165.0000 396.6152
v 633.3333 -315.0000 396.6152
v 633.3333 -315.0000 399.6152
v 633.3333 -165.0000 399.6152
v 633.3333 -165.0000 396.6152
v 688.8889 -315.0000 396.6152
v 688.8889 -315.0000 399.6152
v 688.8889 -165.0000 399.6152
v 688.8889 -165.0000 396.6152
v 688.8889 -315.0000 396.6152
v 688.8889 -315.0000 399.6152
v 688.8889 -165.0000 399.6152
v 688.8889 -165.0000 396.6152
v 744.4444 -315.0000 396.6152
v 744.4444 -315.0000 399.6152
v 744.4444 -165.0000 399.6152
v 744.4444 -165.0000 396.6152
v 744.4444 -315.0000 396.6152
v 744.4444 -315.0000 399.6152
v 744.4444 -165.0000 399.6152
v 744.4444 -165.0000 396.6152
v 800.0052 -314.9994 396.6149
v 800.0125 -314.9994 399.6149
v 799.4038 -165.0006 399.6163
v 799.3965 -165.0006 396.6163
v 800.0052 -314.9994 396.6149
v 800.0125 -314.9994 399.6149
v 799.4038 -165.0006 399.6163
v 799.3965 -165.0006 396.6163
v 850.9306 -314.5572 396.3497
v 850.9611 -314.5572 399.3496
v 848.4156 -164.5788 399.3755
v 848.3850 -164.5788 396.3756
v 850.9306 -314.5572 396.3497
v 850.9611 -314.5572 399.3496
v 848.4156 -164.5788 399.3755
v 848.3850 -164.5788 396.3756
v 901.8604 -313.2285 395.5531
v 901.9214 -313.2285 398.5525
v 896.8319 -163.3149 398.6560
v 896.7709 -163.3149 395.6566
v 901.8604 -313.2285 395.5531
v 901.9214 -313.2285 398.5525
v 896.8319 -163.3149 398.6560
v 896.7709 -163.3149 395.6566
v 952.7886 -311.0127 394.2251
v 952.8802 -311.0127 397.2237
v 945.2498 -161.2071 397.4567
v 945.1583 -161.2071 394.4581
v 952.7886 -311.0127 394.2251
v 952.8802 -311.0127 397.2237
v 945.2498 -161.2071 397.4567
v 945.1583 -161.2071 394.4581
v 1003.7145 -307.9080 392.3654
v 1003.8366 -307.9080 395.3630
v 993.6701 -158.2535 395.7770
v 993.5480 -158.2535 392.7795
v 1003.7145 -307.9080 392.3654
v 1003.8366 -307.9080 395.3630
v 993.6701 -158.2535 395.7770
v 993.5480 -158.2535 392.7795
v 1054.5862 -303.9161 389.9762
v 1054.7388 -303.9161 392.9723
v 1042.1446 -154.4471 393.6137
v 1041.9920 -154.4471 390.6176
v 1054.5862 -303.9161 389.9762
v 1054.7388 -303.9161 392.9723
v 1042.1446 -154.4471 393.6137
v 1041.9920 -154.4471 390.6176
v 1104.9333 -299.1520 387.0870
v 1105.1164 -299.1520 390.0814
v 1091.1436 -149.8067 390.9359
v 1090.9605 -149.8067 387.9415
v 1104.9333 -299.1520 387.0870
v 1105.1164 -299.1520 390.0814
v 1091.1436 -149.8067 390.9359
v 1090.9605 -149.8067 387.9415
v 1154.6955 -294.2822 383.7174
v 1154.9091 -294.2822 386.7098
v 1140.7276 -144.9575 387.7222
v 1140.5140 -144.9575 384.7298
v 1154.6955 -294.2822 383.7174
v 1154.9091 -294.2822 386.7098
v 1140.7276 -144.9575 387.7222
v 1140.5140 -144.9575 384.7298
v 1204.3423 -289.4232 379.8458
v 1204.5864 -289.4232 382.8359
v 1190.4270 -140.0975 383.9921
v 1190.1828 -140.0975 381.0020
v 1204.3423 -289.4232 379.8458
v 1204.5864 -289.4232 382.8359
v 1190.4270 -140.0975 383.9921
v 1190.1828 -140.0975 381.0020
v 1253.9876 -284.5643 375.4643
v 1254.2623 -284.5643 378.4517
v 1240.1278 -135.2374 379.7512
v 1239.8531 -135.2374 376.7638
v 1253.9876 -284.5643 375.4643
v 1254.2623 -284.5643 378.4517
v 1240.1278 -135.2374 379.7512
v 1239.8531 -135.2374 376.7638
v 1303.6315 -279.7054 370.5713
v 1303.9366 -279.7054 373.5558
v 1289.8301 -130.3772 374.9983
v 1289.5249 -130.3772 372.0139
v 1303.6315 -279.7054 370.5713
v 1303.9366 -279.7054 373.5558
v 1289.8301 -130.3772 374.9983
v 1289.5249 -130.3772 372.0139
v 1353.2739 -274.8467 365.1655
v 1353.6096 -274.8467 368.1467
v 1339.5339 -125.5170 369.7317
v 1339.1981 -125.5170 366.7506
v 1353.2739 -274.8467 365.1655
v 1353.6096 -274.8467 368.1467
v 1339.5339 -125.5170 369.7317
v 1339.1981 -125.5170 366.7506
v 1402.9148 -269.9880 359.2452
v 1403.2810 -269.9880 362.2227
v 1389.2391 -120.6567 363.9498
v 1388.8729 -120.6567 360.9723
v 1402.9148 -269.9880 359.2452
v 1403.2810 -269.9880 362.2227
v 1389.2391 -120.6567 363.9498
v 1388.8729 -120.6567 360.9723
v 1452.5542 -265.1293 352.8084
v 1452.9510 -265.1293 355.7821
v 1438.9458 -115.7963 357.6506
v 1438.5490 -115.7963 354.6770
v 1452.5542 -265.1293 352.8084
v 1452.9510 -265.1293 355.7821
v 1438.9458 -115.7963 357.6506
v 1438.5490 -115.7963 354.6770
v 1502.1922 -260.2708 345.8533
v 1502.6195 -260.2708 348.8227
v 1488.6539 -110.9358 350.8322
v 1488.2267 -110.9358 347.8627
v 1502.1922 -260.2708 345.8533
v 1502.6195 -260.2708 348.8227
v 1488.6539 -110.9358 350.8322
v 1488.2267 -110.9358 347.8627
v 1551.8287 -255.4123 338.3775
v 1552.2865 -255.4123 341.3424
v 1538.3636 -106.0753 343.4921
v 1537.9058 -106.0753 340.5273
v 1551.8287 -255.4123 338.3775
v 1552.2865 -255.4123 341.3424
v 1538.3636 -106.0753 343.4921
v 1537.9058 -106.0753 340.5273
v 1601.4638 -250.5539 330.3788
v 1601.9521 -250.5539 333.3388
v 1588.0747 -101.2147 335.6281
v 1587.5864 -101.2147 332.6681
v 1601.4638 -250.5539 330.3788
v 1601.9521 -250.5539 333.3388
v 1588.0747 -101.2147 335.6281
v 1587.5864 -101.2147 332.6681
v 1651.0974 -245.6955 321.8545
v 1651.6162 -245.6955 324.8093
v 1637.7872 -96.3541 327.2375
v 1637.2684 -96.3541 324.2827
v 1651.0974 -245.6955 321.8545
v 1651.6162 -245.6955 324.8093
v 1637.7872 -96.3541 327.2375
v 1637.2684 -96.3541 324.2827
v 1700.7295 -240.8372 312.8019
v 1701.2788 -240.8372 315.7512
v 1687.5013 -91.4934 318.3174
v 1686.9519 -91.4934 315.3682
v 1700.7295 -240.8372 312.8019
v 1701.2788 -240.8372 315.7512
v 1687.5013 -91.4934 318.3174
v 1686.9519 -91.4934 315.3682
v 1750.3601 -235.9790 303.2181
v 1750.9400 -235.9790 306.1615
v 1737.2168 -86.6326 308.8650
v 1736.6369 -86.6326 305.9216
v 1750.3601 -235.9790 303.2181
v 1750.9400 -235.9790 306.1615
v 1737.2168 -86.6326 308.8650
v 1736.6369 -86.6326 305.9216
v 1799.9893 -231.1209 293.0998
v 1800.5997 -231.1209 296.0371
v 1786.9337 -81.7717 298.8769
v 1786.3234 -81.7717 295.9397
v 1799.9893 -231.1209 293.0998
v 1800.5997 -231.1209 296.0371
v 1786.9337 -81.7717 298.8769
v 1786.3234 -81.7717 295.9397
v 1849.6170 -226.2628 282.4438
v 1850.2579 -226.2628 285.3746
v 1836.6522 -76.9108 288.3499
v 1836.0113 -76.9108 285.4191
v 1849.6170 -226.2628 282.4438
v 1850.2579 -226.2628 285.3746
v 1836.6522 -76.9108 288.3499
v 1836.0113 -76.9108 285.4191
v 1899.2432 -221.4048 271.2465
v 1899.9146 -221.4048 274.1704
v 1886.3721 -72.0498 277.2802
v 1885.7007 -72.0498 274.3563
v 1899.2432 -221.4048 271.2465
v 1899.9146 -221.4048 274.1704
v 1886.3721 -72.0498 277.2802
v 1885.7007 -72.0498 274.3563
v 1948.8680 -216.5469 259.5040
v 1949.5699 -216.5469 262.4208
v 1936.0935 -67.1887 265.6640
v 1935.3915 -67.1887 262.7473
v 1948.8680 -216.5469 259.5040
v 1949.5699 -216.5469 262.4208
v 1936.0935 -67.1887 265.6640
v 1935.3915 -67.1887 262.7473
v 1998.4912 -211.6890 247.2125
v 1999.2237 -211.6890 250.1217
v 1985.8163 -62.3275 253.4973
v 1985.0839 -62.3275 250.5881
v 1998.4912 -211.6890 247.2125
v 1999.2237 -211.6890 250.1217
v 1985.8163 -62.3275 253.4973
v 1985.0839 -62.3275 250.5881
v 2048.1130 -206.8312 234.3675
v 2048.8760 -206.8312 237.2689
v 2035.5407 -57.4663 240.7757
v 2034.7777 -57.4663 237.8743
v 2048.1130 -206.8312 234.3675
v 2048.8760 -206.8312 237.2689
v 2035.5407 -57.4663 240.7757
v 2034.7777 -57.4663 237.8743
v 2097.7334 -201.9735 220.9647
v 2098.5269 -201.9735 223.8579
v 2085.2664 -52.6050 227.4947
v 2084.4730 -52.6050 224.6016
v 2097.7334 -201.9735 220.9647
v 2098.5269 -201.9735 223.8579
v 2085.2664 -52.6050 227.4947
v 2084.4730 -52.6050 224.6016
v 2147.5144 -197.1156 206.9626
v 2148.3346 -197.1156 209.8483
v 2135.1421 -47.7439 213.5979
v 2134.3219 -47.7439 210.7122
v 2147.5144 -197.1156 206.9626
v 2148.3346 -197.1156 209.8483
v 2135.1421 -47.7439 213.5979
v 2134.3219 -47.7439 210.7122
v 2198.4235 -192.2561 192.2750
v 2199.2437 -192.2561 195.1608
v 2186.0512 -42.8844 198.9103
v 2185.2310 -42.8844 196.0246
v 2198.4235 -192.2561 192.2750
v 2199.2437 -192.2561 195.1608
v 2186.0512 -42.8844 198.9103
v 2185.2310 -42.8844 196.0246
v 2250.4607 -187.3950 177.7746
v 2251.2541 -187.3950 180.6678
v 2237.9937 -38.0265 184.3046
v 2237.2002 -38.0265 181.4115
v 2250.4607 -187.3950 177.7746
v 2251.2541 -187.3950 180.6678
v 2237.9937 -38.0265 184.3046
v 2237.2002 -38.0265 181.4115
v 2302.6585 -182.5337 163.8296
v 2303.4215 -182.5337 166.7310
v 2290.0861 -33.1688 170.2378
v 2289.3231 -33.1688 167.3365
v 2302.6585 -182.5337 163.8296
v 2303.4215 -182.5337 166.7310
v 2290.0861 -33.1688 170.2378
v 2289.3231 -33.1688 167.3365
v 2354.8549 -177.6725 150.4719
v 2355.5873 -177.6725 153.3811
v 2342.1800 -28.3110 156.7567
v 2341.4475 -28.3110 153.8474
v 2354.8549 -177.6725 150.4719
v 2355.5873 -177.6725 153.3811
v 2342.1800 -28.3110 156.7567
v 2341.4475 -28.3110 153.8474
v 2407.0498 -172.8113 137.6965
v 2407.7517 -172.8113 140.6132
v 2394.2753 -23.4531 143.8564
v 2393.5734 -23.4531 140.9397
v 2407.0498 -172.8113 137.6965
v 2407.7517 -172.8113 140.6132
v 2394.2753 -23.4531 143.8564
v 2393.5734 -23.4531 140.9397
v 2459.2432 -167.9502 125.4990
v 2459.9146 -167.9502 128.4229
v 2446.3721 -18.5952 131.5327
v 2445.7007 -18.5952 128.6088
v 2459.2432 -167.9502 125.4990
v 2459.9146 -167.9502 128.4229
v 2446.3721 -18.5952 131.5327
v 2445.7007 -18.5952 128.6088
v 2511.4352 -163.0892 113.8752
v 2512.0761 -163.0892 116.8060
v 2498.4704 -13.7372 119.7813
v 2497.8295 -13.7372 116.8505
v 2511.4352 -163.0892 113.8752
v 2512.0761 -163.0892 116.8060
v 2498.4704 -13.7372 119.7813
v 2497.8295 -13.7372 116.8505
v 2563.6256 -158.2283 102.8210
v 2564.2360 -158.2283 105.7583
v 2550.5701 -8.8791 108.5981
v 2549.9597 -8.8791 105.6609
v 2563.6256 -158.2283 102.8210
v 2564.2360 -158.2283 105.7583
v 2550.5701 -8.8791 108.5981
v 2549.9597 -8.8791 105.6609
v 2615.8147 -153.3674 92.3326
v 2616.3945 -153.3674 95.2761
v 2602.6713 -4.0210 97.9796
v 2602.0915 -4.0210 95.0361
v 2615.8147 -153.3674 92.3326
v 2616.3945 -153.3674 95.2761
v 2602.6713 -4.0210 97.9796
v 2602.0915 -4.0210 95.0361
v 2668.0022 -148.5066 82.4065
v 2668.5515 -148.5066 85.3558
v 2654.7740 0.8372 87.9220
v 2654.2247 0.8372 84.9727
v 2668.0022 -148.5066 82.4065
v 2668.5515 -148.5066 85.3558
v 2654.7740 0.8372 87.9220
v 2654.2247 0.8372 84.9727
v 2720.1883 -143.6459 73.0392
v 2720.7071 -143.6459 75.9940
v 2706.8781 5.6955 78.4222
v 2706.3593 5.6955 75.4674
v 2720.1883 -143.6459 73.0392
v 2720.7071 -143.6459 75.9940
v 2706.8781 5.6955 78.4222
v 2706.3593 5.6955 75.4674
v 2772.3729 -138.7853 64.2277
v 2772.8612 -138.7853 67.1877
v 2758.9838 10.5539 69.4770
v 2758.4954 10.5539 66.5170
v 2772.3729 -138.7853 64.2277
v 2772.8612 -138.7853 67.1877
v 2758.9838 10.5539 69.4770
v 2758.4954 10.5539 66.5170
v 2824.5560 -133.9247 55.9689
v 2825.0138 -133.9247 58.9338
v 2811.0908 15.4123 61.0835
v 2810.6331 15.4123 58.1187
v 2824.5560 -133.9247 55.9689
v 2825.0138 -133.9247 58.9338
v 2811.0908 15.4123 61.0835
v 2810.6331 15.4123 58.1187
v 2876.7377 -129.0642 48.2602
v 2877.1649 -129.0642 51.2296
v 2863.1994 20.2708 53.2391
v 2862.7721 20.2708 50.2697
v 2876.7377 -129.0642 48.2602
v 2877.1649 -129.0642 51.2296
v 2863.1994 20.2708 53.2391
v 2862.7721 20.2708 50.2697
v 2928.9179 -124.2037 41.0990
v 2929.3146 -124.2037 44.0726
v 2915.3094 25.1293 45.9412
v 2914.9127 25.1293 42.9675
v 2928.9179 -124.2037 41.0990
v 2929.3146 -124.2037 44.0726
v 2915.3094 25.1293 45.9412
v 2914.9127 25.1293 42.9675
v 2981.0966 -119.3433 34.4829
v 2981.4628 -119.3433 37.4604
v 2967.4209 29.9880 39.1875
v 2967.0547 29.9880 36.2100
v 2981.0966 -119.3433 34.4829
v 2981.4628 -119.3433 37.4604
v 2967.4209 29.9880 39.1875
v 2967.0547 29.9880 36.2100
v 3033.2739 -114.4830 28.4097
v 3033.6096 -114.4830 31.3909
v 3019.5339 34.8467 32.9760
v 3019.1981 34.8467 29.9948
v 3033.2739 -114.4830 28.4097
v 3033.6096 -114.4830 31.3909
v 3019.5339 34.8467 32.9760
v 3019.1981 34.8467 29.9948
v 3085.4496 -109.6228 22.8776
v 3085.7548 -109.6228 25.8620
v 3071.6483 39.7054 27.3046
v 3071.3431 39.7054 24.3201
v 3085.4496 -109.6228 22.8776
v 3085.7548 -109.6228 25.8620
v 3071.6483 39.7054 27.3046
v 3071.3431 39.7054 24.3201
v 3137.6240 -104.7626 17.8846
v 3137.8986 -104.7626 20.8720
v 3123.7642 44.5643 22.1716
v 3123.4895 44.5643 19.1842
v 3137.6240 -104.7626 17.8846
v 3137.8986 -104.7626 20.8720
v 3123.7642 44.5643 22.1716
v 3123.4895 44.5643 19.1842
v 3189.7968 -99.9025 13.4292
v 3190.0410 -99.9025 16.4193
v 3175.8815 49.4232 17.5755
v 3175.6374 49.4232 14.5854
v 3189.7968 -99.9025 13.4292
v 3190.0410 -99.9025 16.4193
v 3175.8815 49.4232 17.5755
v 3175.6374 49.4232 14.5854
v 3241.9682 -95.0425 9.5099
v 3242.1818 -95.0425 12.5023
v 3228.0004 54.2822 13.5148
v 3227.7867 54.2822 10.5224
v 3241.9682 -95.0425 9.5099
v 3242.1818 -95.0425 12.5023
v 3228.0004 54.2822 13.5148
v 3227.7867 54.2822 10.5224
v 3294.0242 -90.1933 6.1324
v 3294.2073 -90.1933 9.1268
v 3280.2345 59.1520 9.9813
v 3280.0514 59.1520 6.9869
v 3294.0242 -90.1933 6.1324
v 3294.2073 -90.1933 9.1268
v 3280.2345 59.1520 9.9813
v 3280.0514 59.1520 6.9869
v 3345.4953 -85.5529 3.3161
v 3345.6479 -85.5529 6.3122
v 3333.0537 63.9161 6.9536
v 3332.9011 63.9161 3.9575
v 3345.4953 -85.5529 3.3161
v 3345.6479 -85.5529 6.3122
v 3333.0537 63.9161 6.9536
v 3332.9011 63.9161 3.9575
v 3396.4418 -81.7465 1.0395
v 3396.5639 -81.7465 4.0370
v 3386.3974 67.9080 4.4511
v 3386.2753 67.9080 1.4536
v 3396.4418 -81.7465 1.0395
v 3396.5639 -81.7465 4.0370
v 3386.3974 67.9080 4.4511
v 3386.2753 67.9080 1.4536
v 3447.3341 -78.7929 -0.7282
v 3447.4256 -78.7929 2.2704
v 3439.7953 71.0127 2.5033
v 3439.7037 71.0127 -0.4953
v 3447.3341 -78.7929 -0.7282
v 3447.4256 -78.7929 2.2704
v 3439.7953 71.0127 2.5033
v 3439.7037 71.0127 -0.4953
v 3498.2240 -76.6851 -1.9905
v 3498.2851 -76.6851 1.0089
v 3493.1955 73.2285 1.1125
v 3493.1345 73.2285 -1.8869
v 3498.2240 -76.6851 -1.9905
v 3498.2851 -76.6851 1.0089
v 3493.1955 73.2285 1.1125
v 3493.1345 73.2285 -1.8869
v 3549.1124 -75.4212 -2.7476
v 3549.1429 -75.4212 0.2522
v 3546.5974 74.5572 0.2781
v 3546.5669 74.5572 -2.7217
v 3549.1124 -75.4212 -2.7476
v 3549.1429 -75.4212 0.2522
v 3546.5974 74.5572 0.2781
v 3546.5669 74.5572 -2.7217
v 3600.0108 -74.9973 -3.0016
v 3600.0260 -74.9973 -0.0017
v 3598.7533 74.9973 0.0048
v 3598.7380 74.9973 -2.9952
v 300.0000 -165.0000 399.6152
v 300.0000 -165.0000 639.6152
v 300.0000 -162.0000 639.6152
v 300.0000 -162.0000 399.6152
v 355.5556 -165.0000 399.6152
v 355.5556 -165.0000 639.6152
v 355.5556 -162.0000 639.6152
v 355.5556 -162.0000 399.6152
v 355.5556 -165.0000 399.6152
v 355.5556 -165.0000 639.6152
v 355.5556 -162.0000 639.6152
v 355.5556 -162.0000 399.6152
v 411.1111 -165.0000 399.6152
v 411.1111 -165.0000 639.6152
v 411.1111 -162.0000 639.6152
v 411.1111 -162.0000 399.6152
v 411.1111 -165.0000 399.6152
v 411.1111 -165.0000 639.6152
v 411.1111 -162.0000 639.6152
v 411.1111 -162.0000 399.6152
v 466.6667 -165.0000 399.6152
v 466.6667 -165.0000 639.6152
v 466.6667 -162.0000 639.6152
v 466.6667 -162.0000 399.6152
v 466.6667 -165.0000 399.6152
v 466.6667 -165.0000 639.6152
v 466.6667 -162.0000 639.6152
v 466.6667 -162.0000 399.6152
v 522.2222 -165.0000 399.6152
v 522.2222 -165.0000 639.6152
v 522.2222 -162.0000 639.6152
v 522.2222 -162.0000 399.6152
v 522.2222 -165.0000 399.6152
v 522.2222 -165.0000 639.6152
v 522.2222 -162.0000 639.6152
v 522.2222 -162.0000 399.6152
v 577.7778 -165.0000 399.6152
v 577.7778 -165.0000 639.6152
v 577.7778 -162.0000 639.6152
v 577.7778 -162.0000 399.6152
v 577.7778 -165.0000 399.6152
v 577.7778 -165.0000 639.6152
v 577.7778 -162.0000 639.6152
v 577.7778 -162.0000 399.6152
v 633.3333 -165.0000 399.6152
v 633.3333 -165.0000 639.6152
v 633.3333 -162.0000 639.6152
v 633.3333 -162.0000 399.6152
v 633.3333 -165.0000 399.6152
v 633.3333 -165.0000 639.6152
v 633.3333 -162.0000 639.6152
v 633.3333 -162.0000 399.6152
v 688.8889 -165.0000 399.6152
v 688.8889 -165.0000 639.6152
v 688.8889 -162.0000 639.6152
v 688.8889 -162.0000 399.6152
v 688.8889 -165.0000 399.6152
v 688.8889 -165.0000 639.6152
v 688.8889 -162.0000 639.6152
v 688.8889 -162.0000 399.6152
v 744.4444 -165.0000 399.6152
v 744.4444 -165.0000 639.6152
v 744.4444 -162.0000 639.6152
v 744.4444 -162.0000 399.6152
v 744.4444 -165.0000 399.6152
v 744.4444 -165.0000 639.6152
v 744.4444 -162.0000 639.6152
v 744.4444 -162.0000 399.6152
v 799.4038 -165.0006 399.6163
v 799.9875 -165.0006 639.6156
v 799.9754 -162.0006 639.6157
v 799.3917 -162.0006 399.6164
v 799.4038 -165.0006 399.6163
v 799.9875 -165.0006 639.6156
v 799.9754 -162.0006 639.6157
v 799.3917 -162.0006 399.6164
v 848.4156 -164.5788 399.3755
v 850.8571 -164.5788 639.3630
v 850.8062 -161.5792 639.3636
v 848.3646 -161.5792 399.3760
v 848.4156 -164.5788 399.3755
v 850.8571 -164.5788 639.3630
v 850.8062 -161.5792 639.3636
v 848.3646 -161.5792 399.3760
v 896.8319 -163.3149 398.6560
v 901.7149 -163.3149 638.6063
v 901.6131 -160.3166 638.6084
v 896.7301 -160.3166 398.6581
v 896.8319 -163.3149 398.6560
v 901.7149 -163.3149 638.6063
v 901.6131 -160.3166 638.6084
v 896.7301 -160.3166 398.6581
v 945.2498 -161.2071 397.4567
v 952.5744 -161.2071 637.3449
v 952.4217 -158.2110 637.3495
v 945.0972 -158.2110 397.4613
v 945.2498 -161.2071 397.4567
v 952.5744 -161.2071 637.3449
v 952.4217 -158.2110 637.3495
v 945.0972 -158.2110 397.4613
v 993.6701 -158.2535 395.7770
v 1003.4361 -158.2535 635.5782
v 1003.2328 -155.2604 635.5865
v 993.4668 -155.2604 395.7853
v 993.6701 -158.2535 395.7770
v 1003.4361 -158.2535 635.5782
v 1003.2328 -155.2604 635.5865
v 993.4668 -155.2604 395.7853
v 1042.1446 -154.4471 393.6137
v 1054.3521 -154.4471 633.3031
v 1054.1003 -151.4577 633.3159
v 1041.8927 -151.4577 393.6266
v 1042.1446 -154.4471 393.6137
v 1054.3521 -154.4471 633.3031
v 1054.1003 -151.4577 633.3159
v 1041.8927 -151.4577 393.6266
v 1091.1436 -149.8067 390.9359
v 1105.7927 -149.8067 630.4884
v 1105.5132 -146.8198 630.5055
v 1090.8642 -146.8198 390.9530
v 1091.1436 -149.8067 390.9359
v 1105.7927 -149.8067 630.4884
v 1105.5132 -146.8198 630.5055
v 1090.8642 -146.8198 390.9530
v 1140.7276 -144.9575 387.7222
v 1157.8182 -144.9575 627.1129
v 1157.5346 -141.9710 627.1332
v 1140.4440 -141.9710 387.7425
v 1140.7276 -144.9575 387.7222
v 1157.8182 -144.9575 627.1129
v 1157.5346 -141.9710 627.1332
v 1140.4440 -141.9710 387.7425
v 1190.4270 -140.0975 383.9921
v 1209.9590 -140.0975 623.1960
v 1209.6759 -137.1109 623.2191
v 1190.1438 -137.1109 384.0152
v 1190.4270 -140.0975 383.9921
v 1209.9590 -140.0975 623.1960
v 1209.6759 -137.1109 623.2191
v 1190.1438 -137.1109 384.0152
v 1240.1278 -135.2374 379.7512
v 1262.1014 -135.2374 618.7432
v 1261.8187 -132.2508 618.7692
v 1239.8451 -132.2508 379.7772
v 1240.1278 -135.2374 379.7512
v 1262.1014 -135.2374 618.7432
v 1261.8187 -132.2508 618.7692
v 1239.8451 -132.2508 379.7772
v 1289.8301 -130.3772 374.9983
v 1314.2452 -130.3772 613.7532
v 1313.9630 -127.3906 613.7821
v 1289.5480 -127.3906 375.0272
v 1289.8301 -130.3772 374.9983
v 1314.2452 -130.3772 613.7532
v 1313.9630 -127.3906 613.7821
v 1289.5480 -127.3906 375.0272
v 1339.5339 -125.5170 369.7317
v 1366.3904 -125.5170 608.2243
v 1366.1089 -122.5304 608.2560
v 1339.2523 -122.5304 369.7634
v 1339.5339 -125.5170 369.7317
v 1366.3904 -125.5170 608.2243
v 1366.1089 -122.5304 608.2560
v 1339.2523 -122.5304 369.7634
v 1389.2391 -120.6567 363.9498
v 1418.5372 -120.6567 602.1548
v 1418.2563 -117.6700 602.1894
v 1388.9582 -117.6700 363.9844
v 1389.2391 -120.6567 363.9498
v 1418.5372 -120.6567 602.1548
v 1418.2563 -117.6700 602.1894
v 1388.9582 -117.6700 363.9844
v 1438.9458 -115.7963 357.6506
v 1470.6854 -115.7963 595.5426
v 1470.4053 -112.8096 595.5800
v 1438.6657 -112.8096 357.6880
v 1438.9458 -115.7963 357.6506
v 1470.6854 -115.7963 595.5426
v 1470.4053 -112.8096 595.5800
v 1438.6657 -112.8096 357.6880
v 1488.6539 -110.9358 350.8322
v 1522.8351 -110.9358 588.3856
v 1522.5557 -107.9491 588.4258
v 1488.3746 -107.9491 350.8724
v 1488.6539 -110.9358 350.8322
v 1522.8351 -110.9358 588.3856
v 1522.5557 -107.9491 588.4258
v 1488.3746 -107.9491 350.8724
v 1538.3636 -106.0753 343.4921
v 1574.9862 -106.0753 580.6815
v 1574.7077 -103.0886 580.7245
v 1538.0851 -103.0886 343.5351
v 1538.3636 -106.0753 343.4921
v 1574.9862 -106.0753 580.6815
v 1574.7077 -103.0886 580.7245
v 1538.0851 -103.0886 343.5351
v 1588.0747 -101.2147 335.6281
v 1627.1388 -101.2147 572.4276
v 1626.8613 -98.2279 572.4734
v 1587.7971 -98.2279 335.6739
v 1588.0747 -101.2147 335.6281
v 1627.1388 -101.2147 572.4276
v 1626.8613 -98.2279 572.4734
v 1587.7971 -98.2279 335.6739
v 1637.7872 -96.3541 327.2375
v 1679.2929 -96.3541 563.6212
v 1679.0163 -93.3672 563.6698
v 1637.5106 -93.3672 327.2860
v 1637.7872 -96.3541 327.2375
v 1679.2929 -96.3541 563.6212
v 1679.0163 -93.3672 563.6698
v 1637.5106 -93.3672 327.2860
v 1687.5013 -91.4934 318.3174
v 1731.4485 -91.4934 554.2595
v 1731.1729 -88.5065 554.3108
v 1687.2257 -88.5065 318.3688
v 1687.5013 -91.4934 318.3174
v 1731.4485 -91.4934 554.2595
v 1731.1729 -88.5065 554.3108
v 1687.2257 -88.5065 318.3688
v 1737.2168 -86.6326 308.8650
v 1783.6055 -86.6326 544.3392
v 1783.3310 -83.6456 544.3932
v 1736.9423 -83.6456 308.9191
v 1737.2168 -86.6326 308.8650
v 1783.6055 -86.6326 544.3392
v 1783.3310 -83.6456 544.3932
v 1736.9423 -83.6456 308.9191
v 1786.9337 -81.7717 298.8769
v 1835.7640 -81.7717 533.8570
v 1835.4907 -78.7847 533.9138
v 1786.6604 -78.7847 298.9337
v 1786.9337 -81.7717 298.8769
v 1835.7640 -81.7717 533.8570
v 1835.4907 -78.7847 533.9138
v 1786.6604 -78.7847 298.9337
v 1836.6522 -76.9108 288.3499
v 1887.9239 -76.9108 522.8093
v 1887.6518 -73.9237 522.8688
v 1836.3801 -73.9237 288.4094
v 1836.6522 -76.9108 288.3499
v 1887.9239 -76.9108 522.8093
v 1887.6518 -73.9237 522.8688
v 1836.3801 -73.9237 288.4094
v 1886.3721 -72.0498 277.2802
v 1940.0854 -72.0498 511.1923
v 1939.8145 -69.0626 511.2545
v 1886.1012 -69.0626 277.3424
v 1886.3721 -72.0498 277.2802
v 1940.0854 -72.0498 511.1923
v 1939.8145 -69.0626 511.2545
v 1886.1012 -69.0626 277.3424
v 1936.0935 -67.1887 265.6640
v 1992.2483 -67.1887 499.0020
v 1991.9788 -64.2015 499.0669
v 1935.8240 -64.2015 265.7289
v 1936.0935 -67.1887 265.6640
v 1992.2483 -67.1887 499.0020
v 1991.9788 -64.2015 499.0669
v 1935.8240 -64.2015 265.7289
v 1985.8163 -62.3275 253.4973
v 2044.4127 -62.3275 486.2342
v 2044.1445 -59.3403 486.3017
v 1985.5482 -59.3403 253.5648
v 1985.8163 -62.3275 253.4973
v 2044.4127 -62.3275 486.2342
v 2044.1445 -59.3403 486.3017
v 1985.5482 -59.3403 253.5648
v 2035.5407 -57.4663 240.7757
v 2096.5785 -57.4663 472.8842
v 2096.3118 -54.4790 472.9544
v 2035.2739 -54.4790 240.8458
vt 2.0990 1.2875
vt 2.1065 1.2875
vt 2.1065 0.9125
vt 2.0990 0.9125
vt 2.0990 0.9125
vt 2.1065 0.9125
vt 2.1065 1.2875
vt 2.0990 1.2875
vt 1.3889 -1.0990
vt 1.3889 -1.1065
vt 1.2500 -1.1065
vt 1.2500 -1.0990
vt 1.3889 1.2875
vt 1.3889 0.9125
vt 1.2500 0.9125
vt 1.2500 1.2875
vt 1.3889 -1.1065
vt 1.3889 -1.0990
vt 1.2500 -1.0990
vt 1.2500 -1.1065
vt 1.3889 0.9125
vt 1.3889 1.2875
vt 1.2500 1.2875
vt 1.2500 0.9125
vt 2.0990 1.2875
vt 2.1065 1.2875
vt 2.1065 0.9125
vt 2.0990 0.9125
vt 2.0990 0.9125
vt 2.1065 0.9125
vt 2.1065 1.2875
vt 2.0990 1.2875
vt 1.5278 -1.0990
vt 1.5278 -1.1065
vt 1.3889 -1.1065
vt 1.3889 -1.0990
vt 1.5278 1.2875
vt 1.5278 0.9125
vt 1.3889 0.9125
vt 1.3889 1.2875
vt 1.5278 -1.1065
vt 1.5278 -1.0990
vt 1.3889 -1.0990
vt 1.3889 -1.1065
vt 1.5278 0.9125
vt 1.5278 1.2875
vt 1.3889 1.2875
vt 1.3889 0.9125
vt 2.0990 1.2875
vt 2.1065 1.2875
vt 2.1065 0.9125
vt 2.0990 0.9125
vt 2.0990 0.9125
vt 2.1065 0.9125
vt 2.1065 1.2875
vt 2.0990 1.2875
vt 1.6667 -1.0990
vt 1.6667 -1.1065
vt 1.5278 -1.1065
vt 1.5278 -1.0990
vt 1.6667 1.2875
vt 1.6667 0.9125
vt 1.5278 0.9125
vt 1.5278 1.2875
vt 1.6667 -1.1065
vt 1.6667 -1.0990
vt 1.5278 -1.0990
vt 1.5278 -1.1065
vt 1.6667 0.9125
vt 1.6667 1.2875
vt 1.5278 1.2875
vt 1.5278 0.9125
vt 2.0990 1.2875
vt 2.1065 1.2875
vt 2.1065 0.9125
vt 2.0990 0.9125
vt 2.0990 0.9125
vt 2.1065 0.9125
vt 2.1065 1.2875
vt 2.0990 1.2875
vt 1.8056 -1.0990
vt 1.8056 -1.1065
vt 1.6667 -1.1065
vt 1.6667 -1.0990
vt 1.8056 1.2875
vt 1.8056 0.9125
vt 1.6667 0.9125
vt 1.6667 1.2875
vt 1.8056 -1.1065
vt 1.8056 -1.0990
vt 1.6667 -1.0990
vt 1.6667 -1.1065
vt 1.8056 0.9125
vt 1.8056 1.2875
vt 1.6667 1.2875
vt 1.6667 0.9125
vt 2.0990 1.2875
vt 2.1065 1.2875
vt 2.1065 0.9125
vt 2.0990 0.9125
vt 2.0990 0.9125
vt 2.1065 0.9125
vt 2.1065 1.2875
vt 2.0990 1.2875
vt 1.9444 -1.0990
vt 1.9444 -1.1065
vt 1.8056 -1.1065
vt 1.8056 -1.0990
vt 1.9444 1.2875
vt 1.9444 0.9125
vt 1.8056 0.9125
vt 1.8056 1.2875
vt 1.9444 -1.1065
vt 1.9444 -1.0990
vt 1.8056 -1.0990
vt 1.8056 -1.1065
vt 1.9444 0.9125
vt 1.9444 1.2875
vt 1.8056 1.2875
vt 1.8056 0.9125
vt 2.0990 1.2875
vt 2.1065 1.2875
vt 2.1065 0.9125
vt 2.0990 0.9125
vt 2.0990 0.9125
vt 2.1065 0.9125
vt 2.1065 1.2875
vt 2.0990 1.2875
vt 2.0833 -1.0990
vt 2.0833 -1.1065
vt 1.9444 -1.1065
vt 1.9444 -1.0990
vt 2.0833 1.2875
vt 2.0833 0.9125
vt 1.9444 0.9125
vt 1.9444 1.2875
vt 2.0833 -1.1065
vt 2.0833 -1.0990
vt 1.9444 -1.0990
vt 1.9444 -1.1065
vt 2.0833 0.9125
vt 2.0833 1.2875
vt 1.9444 1.2875
vt 1.9444 0.9125
vt 2.0990 1.2875
vt 2.1065 1.2875
vt 2.1065 0.9125
vt 2.0990 0.9125
vt 2.0990 0.9125
vt 2.1065 0.9125
vt 2.1065 1.2875
vt 2.0990 1.2875
vt 2.2222 -1.0990
vt 2.2222 -1.1065
vt 2.0833 -1.1065
vt 2.0833 -1.0990
vt 2.2222 1.2875
vt 2.2222 0.9125
vt 2.0833 0.9125
vt 2.0833 1.2875
vt 2.2222 -1.1065
vt 2.2222 -1.0990
vt 2.0833 -1.0990
vt 2.0833 -1.1065
vt 2.2222 0.9125
vt 2.2222 1.2875
vt 2.0833 1.2875
vt 2.0833 0.9125
vt 2.0990 1.2875
vt 2.1065 1.2875
vt 2.1065 0.9125
vt 2.0990 0.9125
vt 2.0990 0.9125
vt 2.1065 0.9125
vt 2.1065 1.2875
vt 2.0990 1.2875
vt 2.3611 -1.0990
vt 2.3611 -1.1065
vt 2.2222 -1.1065
vt 2.2222 -1.0990
vt 2.3611 1.2875
vt 2.3611 0.9125
vt 2.2222 0.9125
vt 2.2222 1.2875
vt 2.3611 -1.1065
vt 2.3611 -1.0990
vt 2.2222 -1.0990
vt 2.2222 -1.1065
vt 2.3611 0.9125
vt 2.3611 1.2875
vt 2.2222 1.2875
vt 2.2222 0.9125
vt 2.0990 1.2875
vt 2.1065 1.2875
vt 2.1065 0.9125
vt 2.0990 0.9125
vt 2.0990 0.9125
vt 2.1065 0.9125
vt 2.1065 1.2875
vt 2.0990 1.2875
vt 2.5015 -1.0990
vt 2.5015 -1.1065
vt 2.3611 -1.1065
vt 2.3611 -1.0990
vt 2.5015 1.2875
vt 2.5000 0.9125
vt 2.3611 0.9125
vt 2.3611 1.2875
vt 2.5000 -1.1065
vt 2.5000 -1.0990
vt 2.3611 -1.0990
vt 2.3611 -1.1065
vt 2.5000 0.9125
vt 2.5015 1.2875
vt 2.3611 1.2875
vt 2.3611 0.9125
vt 2.0990 1.2875
vt 2.1065 1.2875
vt 2.1065 0.9125
vt 2.0990 0.9125
vt 2.0984 0.9114
vt 2.1059 0.9114
vt 2.1058 1.2864
vt 2.0983 1.2864
vt 2.6335 -1.0983
vt 2.6336 -1.1058
vt 2.5015 -1.1065
vt 2.5015 -1.0990
vt 2.6336 1.2864
vt 2.6272 0.9114
vt 2.5000 0.9125
vt 2.5015 1.2875
vt 2.6272 -1.1059
vt 2.6271 -1.0984
vt 2.5000 -1.0990
vt 2.5000 -1.1065
vt 2.6271 0.9114
vt 2.6335 1.2864
vt 2.5015 1.2875
vt 2.5000 0.9125
vt 2.0983 1.2864
vt 2.1058 1.2864
vt 2.1059 0.9114
vt 2.0984 0.9114
vt 2.0965 0.9083
vt 2.1040 0.9083
vt 2.1038 1.2831
vt 2.0963 1.2831
vt 2.7670 -1.0963
vt 2.7672 -1.1038
vt 2.6336 -1.1058
vt 2.6335 -1.0983
vt 2.7672 1.2831
vt 2.7544 0.9083
vt 2.6272 0.9114
vt 2.6336 1.2864
vt 2.7544 -1.1040
vt 2.7543 -1.0965
vt 2.6271 -1.0984
vt 2.6272 -1.1059
vt 2.7543 0.9083
vt 2.7670 1.2831
vt 2.6335 1.2864
vt 2.6271 0.9114
vt 2.0963 1.2831
vt 2.1038 1.2831
vt 2.1040 0.9083
vt 2.0965 0.9083
vt 2.0934 0.9030
vt 2.1009 0.9030
vt 2.1003 1.2775
vt 2.0928 1.2775
vt 2.9005 -1.0928
vt 2.9007 -1.1003
vt 2.7672 -1.1038
vt 2.7670 -1.0963
vt 2.9007 1.2775
vt 2.8817 0.9030
vt 2.7544 0.9083
vt 2.7672 1.2831
vt 2.8817 -1.1009
vt 2.8814 -1.0934
vt 2.7543 -1.0965
vt 2.7544 -1.1040
vt 2.8814 0.9030
vt 2.9005 1.2775
vt 2.7670 1.2831
vt 2.7543 0.9083
vt 2.0928 1.2775
vt 2.1003 1.2775
vt 2.1009 0.9030
vt 2.0934 0.9030
vt 2.0889 0.8956
vt 2.0964 0.8956
vt 2.0954 1.2698
vt 2.0879 1.2698
vt 3.0340 -1.0879
vt 3.0343 -1.0954
vt 2.9007 -1.1003
vt 2.9005 -1.0928
vt 3.0343 1.2698
vt 3.0089 0.8956
vt 2.8817 0.9030
vt 2.9007 1.2775
vt 3.0089 -1.0964
vt 3.0086 -1.0889
vt 2.8814 -1.0934
vt 2.8817 -1.1009
vt 3.0086 0.8956
vt 3.0340 1.2698
vt 2.9005 1.2775
vt 2.8814 0.9030
vt 2.0879 1.2698
vt 2.0954 1.2698
vt 2.0964 0.8956
vt 2.0889 0.8956
vt 2.0833 0.8861
vt 2.0907 0.8861
vt 2.0891 1.2598
vt 2.0817 1.2598
vt 3.1674 -1.0817
vt 3.1677 -1.0891
vt 3.0343 -1.0954
vt 3.0340 -1.0879
vt 3.1677 1.2598
vt 3.1363 0.8861
vt 3.0089 0.8956
vt 3.0343 1.2698
vt 3.1363 -1.0907
vt 3.1359 -1.0833
vt 3.0086 -1.0889
vt 3.0089 -1.0964
vt 3.1359 0.8861
vt 3.1674 1.2598
vt 3.0340 1.2698
vt 3.0086 0.8956
vt 2.0817 1.2598
vt 2.0891 1.2598
vt 2.0907 0.8861
vt 2.0833 0.8861
vt 2.0762 0.8745
vt 2.0837 0.8745
vt 2.0816 1.2479
vt 2.0741 1.2479
vt 3.2994 -1.0741
vt 3.2999 -1.0816
vt 3.1677 -1.0891
vt 3.1674 -1.0817
vt 3.2999 1.2479
vt 3.2649 0.8745
vt 3.1363 0.8861
vt 3.1677 1.2598
vt 3.2649 -1.0837
vt 3.2645 -1.0762
vt 3.1359 -1.0833
vt 3.1363 -1.0907
vt 3.2645 0.8745
vt 3.2994 1.2479
vt 3.1674 1.2598
vt 3.1359 0.8861
vt 2.0741 1.2479
vt 2.0816 1.2479
vt 2.0837 0.8745
vt 2.0762 0.8745
vt 2.0678 0.8624
vt 2.0753 0.8624
vt 2.0727 1.2357
vt 2.0653 1.2357
vt 3.4300 -1.0653
vt 3.4305 -1.0727
vt 3.2999 -1.0816
vt 3.2994 -1.0741
vt 3.4305 1.2357
vt 3.3951 0.8624
vt 3.2649 0.8745
vt 3.2999 1.2479
vt 3.3951 -1.0753
vt 3.3945 -1.0678
vt 3.2645 -1.0762
vt 3.2649 -1.0837
vt 3.3945 0.8624
vt 3.4300 1.2357
vt 3.2994 1.2479
vt 3.2645 0.8745
vt 2.0653 1.2357
vt 2.0727 1.2357
vt 2.0753 0.8624
vt 2.0678 0.8624
vt 2.0580 0.8502
vt 2.0655 0.8502
vt 2.0626 1.2236
vt 2.0551 1.2236
vt 3.5603 -1.0551
vt 3.5609 -1.0626
vt 3.4305 -1.0727
vt 3.4300 -1.0653
vt 3.5609 1.2236
vt 3.5255 0.8502
vt 3.3951 0.8624
vt 3.4305 1.2357
vt 3.5255 -1.0655
vt 3.5249 -1.0580
vt 3.3945 -1.0678
vt 3.3951 -1.0753
vt 3.5249 0.8502
vt 3.5603 1.2236
vt 3.4300 1.2357
vt 3.3945 0.8624
vt 2.0551 1.2236
vt 2.0626 1.2236
vt 2.0655 0.8502
vt 2.0580 0.8502
vt 2.0469 0.8381
vt 2.0543 0.8381
vt 2.0511 1.2114
vt 2.0436 1.2114
vt 3.6906 -1.0436
vt 3.6913 -1.0511
vt 3.5609 -1.0626
vt 3.5603 -1.0551
vt 3.6913 1.2114
vt 3.6559 0.8381
vt 3.5255 0.8502
vt 3.5609 1.2236
vt 3.6559 -1.0543
vt 3.6553 -1.0469
vt 3.5249 -1.0580
vt 3.5255 -1.0655
vt 3.6553 0.8381
vt 3.6906 1.2114
vt 3.5603 1.2236
vt 3.5249 0.8502
vt 2.0436 1.2114
vt 2.0511 1.2114
vt 2.0543 0.8381
vt 2.0469 0.8381
vt 2.0344 0.8259
vt 2.0418 0.8259
vt 2.0382 1.1993
vt 2.0308 1.1993
vt 3.8209 -1.0308
vt 3.8216 -1.0382
vt 3.6913 -1.0511
vt 3.6906 -1.0436
vt 3.8216 1.1993
vt 3.7864 0.8259
vt 3.6559 0.8381
vt 3.6913 1.2114
vt 3.7864 -1.0418
vt 3.7856 -1.0344
vt 3.6553 -1.0469
vt 3.6559 -1.0543
vt 3.7856 0.8259
vt 3.8209 1.1993
vt 3.6906 1.2114
vt 3.6553 0.8381
vt 2.0308 1.1993
vt 2.0382 1.1993
vt 2.0418 0.8259
vt 2.0344 0.8259
vt 2.0206 0.8138
vt 2.0280 0.8138
vt 2.0241 1.1871
vt 2.0166 1.1871
vt 3.9512 -1.0166
vt 3.9520 -1.0241
vt 3.8216 -1.0382
vt 3.8209 -1.0308
vt 3.9520 1.1871
vt 3.9168 0.8138
vt 3.7864 0.8259
vt 3.8216 1.1993
vt 3.9168 -1.0280
vt 3.9160 -1.0206
vt 3.7856 -1.0344
vt 3.7864 -1.0418
vt 3.9160 0.8138
vt 3.9512 1.1871
vt 3.8209 1.1993
vt 3.7856 0.8259
vt 2.0166 1.1871
vt 2.0241 1.1871
vt 2.0280 0.8138
vt 2.0206 0.8138
vt 2.0054 0.8016
vt 2.0128 0.8016
vt 2.0085 1.1750
vt 2.0011 1.1750
vt 4.0814 -1.0011
vt 4.0824 -1.0085
vt 3.9520 -1.0241
vt 3.9512 -1.0166
vt 4.0824 1.1750
vt 4.0473 0.8016
vt 3.9168 0.8138
vt 3.9520 1.1871
vt 4.0473 -1.0128
vt 4.0463 -1.0054
vt 3.9160 -1.0206
vt 3.9168 -1.0280
vt 4.0463 0.8016
vt 4.0814 1.1750
vt 3.9512 1.1871
vt 3.9160 0.8138
vt 2.0011 1.1750
vt 2.0085 1.1750
vt 2.0128 0.8016
vt 2.0054 0.8016
vt 1.9889 0.7895
vt 1.9963 0.7895
vt 1.9916 1.1628
vt 1.9842 1.1628
vt 4.2117 -0.9842
vt 4.2127 -0.9916
vt 4.0824 -1.0085
vt 4.0814 -1.0011
vt 4.2127 1.1628
vt 4.1777 0.7895
vt 4.0473 0.8016
vt 4.0824 1.1750
vt 4.1777 -0.9963
vt 4.1767 -0.9889
vt 4.0463 -1.0054
vt 4.0473 -1.0128
vt 4.1767 0.7895
vt 4.2117 1.1628
vt 4.0814 1.1750
vt 4.0463 0.8016
vt 1.9842 1.1628
vt 1.9916 1.1628
vt 1.9963 0.7895
vt 1.9889 0.7895
vt 1.9710 0.7773
vt 1.9784 0.7773
vt 1.9734 1.1507
vt 1.9659 1.1507
vt 4.3420 -0.9659
vt 4.3431 -0.9734
vt 4.2127 -0.9916
vt 4.2117 -0.9842
vt 4.3431 1.1507
vt 4.3082 0.7773
vt 4.1777 0.7895
vt 4.2127 1.1628
vt 4.3082 -0.9784
vt 4.3071 -0.9710
vt 4.1767 -0.9889
vt 4.1777 -0.9963
vt 4.3071 0.7773
vt 4.3420 1.1507
vt 4.2117 1.1628
vt 4.1767 0.7895
vt 1.9659 1.1507
vt 1.9734 1.1507
vt 1.9784 0.7773
vt 1.9710 0.7773
vt 1.9517 0.7652
vt 1.9591 0.7652
vt 1.9537 1.1385
vt 1.9463 1.1385
vt 4.4723 -0.9463
vt 4.4734 -0.9537
vt 4.3431 -0.9734
vt 4.3420 -0.9659
vt 4.4734 1.1385
vt 4.4386 0.7652
vt 4.3082 0.7773
vt 4.3431 1.1507
vt 4.4386 -0.9591
vt 4.4375 -0.9517
vt 4.3071 -0.9710
vt 4.3082 -0.9784
vt 4.4375 0.7652
vt 4.4723 1.1385
vt 4.3420 1.1507
vt 4.3071 0.7773
vt 1.9463 1.1385
vt 1.9537 1.1385
vt 1.9591 0.7652
vt 1.9517 0.7652
vt 1.9311 0.7530
vt 1.9385 0.7530
vt 1.9327 1.1264
vt 1.9253 1.1264
vt 4.6025 -0.9253
vt 4.6038 -0.9327
vt 4.4734 -0.9537
vt 4.4723 -0.9463
vt 4.6038 1.1264
vt 4.5691 0.7530
vt 4.4386 0.7652
vt 4.4734 1.1385
vt 4.5691 -0.9385
vt 4.5678 -0.9311
vt 4.4375 -0.9517
vt 4.4386 -0.9591
vt 4.5678 0.7530
vt 4.6025 1.1264
vt 4.4723 1.1385
vt 4.4375 0.7652
vt 1.9253 1.1264
vt 1.9327 1.1264
vt 1.9385 0.7530
vt 1.9311 0.7530
vt 1.9091 0.7409
vt 1.9164 0.7409
vt 1.9104 1.1142
vt 1.9030 1.1142
vt 4.7328 -0.9030
vt 4.7341 -0.9104
vt 4.6038 -0.9327
vt 4.6025 -0.9253
vt 4.7341 1.1142
vt 4.6995 0.7409
vt 4.5691 0.7530
vt 4.6038 1.1264
vt 4.6995 -0.9164
vt 4.6982 -0.9091
vt 4.5678 -0.9311
vt 4.5691 -0.9385
vt 4.6982 0.7409
vt 4.7328 1.1142
vt 4.6025 1.1264
vt 4.5678 0.7530
vt 1.9030 1.1142
vt 1.9104 1.1142
vt 1.9164 0.7409
vt 1.9091 0.7409
vt 1.8856 0.7287
vt 1.8930 0.7287
vt 1.8866 1.1021
vt 1.8792 1.1021
vt 4.8631 -0.8792
vt 4.8644 -0.8866
vt 4.7341 -0.9104
vt 4.7328 -0.9030
vt 4.8644 1.1021
vt 4.8300 0.7287
vt 4.6995 0.7409
vt 4.7341 1.1142
vt 4.8300 -0.8930
vt 4.8286 -0.8856
vt 4.6982 -0.9091
vt 4.6995 -0.9164
vt 4.8286 0.7287
vt 4.8631 1.1021
vt 4.7328 1.1142
vt 4.6982 0.7409
vt 1.8792 1.1021
vt 1.8866 1.1021
vt 1.8930 0.7287
vt 1.8856 0.7287
vt 1.8608 0.7166
vt 1.8682 0.7166
vt 1.8614 1.0899
vt 1.8541 1.0899
vt 4.9933 -0.8541
vt 4.9948 -0.8614
vt 4.8644 -0.8866
vt 4.8631 -0.8792
vt 4.9948 1.0899
vt 4.9605 0.7166
vt 4.8300 0.7287
vt 4.8644 1.1021
vt 4.9605 -0.8682
vt 4.9590 -0.8608
vt 4.8286 -0.8856
vt 4.8300 -0.8930
vt 4.9590 0.7166
vt 4.9933 1.0899
vt 4.8631 1.1021
vt 4.8286 0.7287
vt 1.8541 1.0899
vt 1.8614 1.0899
vt 1.8682 0.7166
vt 1.8608 0.7166
vt 1.8346 0.7044
vt 1.8420 0.7044
vt 1.8349 1.0778
vt 1.8275 1.0778
vt 5.1236 -0.8275
vt 5.1251 -0.8349
vt 4.9948 -0.8614
vt 4.9933 -0.8541
vt 5.1251 1.0778
vt 5.0909 0.7044
vt 4.9605 0.7166
vt 4.9948 1.0899
vt 5.0909 -0.8420
vt 5.0894 -0.8346
vt 4.9590 -0.8608
vt 4.9605 -0.8682
vt 5.0894 0.7044
vt 5.1236 1.0778
vt 4.9933 1.0899
vt 4.9590 0.7166
vt 1.8275 1.0778
vt 1.8349 1.0778
vt 1.8420 0.7044
vt 1.8346 0.7044
vt 1.8070 0.6923
vt 1.8144 0.6923
vt 1.8069 1.0657
vt 1.7996 1.0657
vt 5.2538 -0.7996
vt 5.2554 -0.8069
vt 5.1251 -0.8349
vt 5.1236 -0.8275
vt 5.2554 1.0657
vt 5.2214 0.6923
vt 5.0909 0.7044
vt 5.1251 1.0778
vt 5.2214 -0.8144
vt 5.2198 -0.8070
vt 5.0894 -0.8346
vt 5.0909 -0.8420
vt 5.2198 0.6923
vt 5.2538 1.0657
vt 5.1236 1.0778
vt 5.0894 0.7044
vt 1.7996 1.0657
vt 1.8069 1.0657
vt 1.8144 0.6923
vt 1.8070 0.6923
vt 1.7780 0.6801
vt 1.7853 0.6801
vt 1.7775 1.0535
vt 1.7702 1.0535
vt 5.3841 -0.7702
vt 5.3857 -0.7775
vt 5.2554 -0.8069
vt 5.2538 -0.7996
vt 5.3857 1.0535
vt 5.3519 0.6801
vt 5.2214 0.6923
vt 5.2554 1.0657
vt 5.3519 -0.7853
vt 5.3502 -0.7780
vt 5.2198 -0.8070
vt 5.2214 -0.8144
vt 5.3502 0.6801
vt 5.3841 1.0535
vt 5.2538 1.0657
vt 5.2198 0.6923
vt 1.7702 1.0535
vt 1.7775 1.0535
vt 1.7853 0.6801
vt 1.7780 0.6801
vt 1.7475 0.6680
vt 1.7548 0.6680
vt 1.7467 1.0414
vt 1.7394 1.0414
vt 5.5143 -0.7394
vt 5.5161 -0.7467
vt 5.3857 -0.7775
vt 5.3841 -0.7702
vt 5.5161 1.0414
vt 5.4824 0.6680
vt 5.3519 0.6801
vt 5.3857 1.0535
vt 5.4824 -0.7548
vt 5.4806 -0.7475
vt 5.3502 -0.7780
vt 5.3519 -0.7853
vt 5.4806 0.6680
vt 5.5143 1.0414
vt 5.3841 1.0535
vt 5.3502 0.6801
vt 1.7394 1.0414
vt 1.7467 1.0414
vt 1.7548 0.6680
vt 1.7475 0.6680
vt 1.7156 0.6558
vt 1.7229 0.6558
vt 1.7144 1.0292
vt 1.7071 1.0292
vt 5.6446 -0.7071
vt 5.6464 -0.7144
vt 5.5161 -0.7467
vt 5.5143 -0.7394
vt 5.6464 1.0292
vt 5.6129 0.6558
vt 5.4824 0.6680
vt 5.5161 1.0414
vt 5.6129 -0.7229
vt 5.6110 -0.7156
vt 5.4806 -0.7475
vt 5.4824 -0.7548
vt 5.6110 0.6558
vt 5.6446 1.0292
vt 5.5143 1.0414
vt 5.4806 0.6680
vt 1.7071 1.0292
vt 1.7144 1.0292
vt 1.7229 0.6558
vt 1.7156 0.6558
vt 1.6822 0.6437
vt 1.6895 0.6437
vt 1.6807 1.0171
vt 1.6734 1.0171
vt 5.7748 -0.6734
vt 5.7767 -0.6807
vt 5.6464 -0.7144
vt 5.6446 -0.7071
vt 5.7767 1.0171
vt 5.7434 0.6437
vt 5.6129 0.6558
vt 5.6464 1.0292
vt 5.7434 -0.6895
vt 5.7414 -0.6822
vt 5.6110 -0.7156
vt 5.6129 -0.7229
vt 5.7414 0.6437
vt 5.7748 1.0171
vt 5.6446 1.0292
vt 5.6110 0.6558
vt 1.6734 1.0171
vt 1.6807 1.0171
vt 1.6895 0.6437
vt 1.6822 0.6437
vt 1.6474 0.6315
vt 1.6546 0.6315
vt 1.6455 1.0049
vt 1.6383 1.0049
vt 5.9050 -0.6383
vt 5.9070 -0.6455
vt 5.7767 -0.6807
vt 5.7748 -0.6734
vt 5.9070 1.0049
vt 5.8738 0.6315
vt 5.7434 0.6437
vt 5.7767 1.0171
vt 5.8738 -0.6546
vt 5.8719 -0.6474
vt 5.7414 -0.6822
vt 5.7434 -0.6895
vt 5.8719 0.6315
vt 5.9050 1.0049
vt 5.7748 1.0171
vt 5.7414 0.6437
vt 1.6383 1.0049
vt 1.6455 1.0049
vt 1.6546 0.6315
vt 1.6474 0.6315
vt 1.6111 0.6194
vt 1.6184 0.6194
vt 1.6090 0.9928
vt 1.6018 0.9928
vt 6.0349 -0.6018
vt 6.0369 -0.6090
vt 5.9070 -0.6455
vt 5.9050 -0.6383
vt 6.0369 0.9928
vt 6.0039 0.6194
vt 5.8738 0.6315
vt 5.9070 1.0049
vt 6.0039 -0.6184
vt 6.0019 -0.6111
vt 5.8719 -0.6474
vt 5.8738 -0.6546
vt 6.0019 0.6194
vt 6.0349 0.9928
vt 5.9050 1.0049
vt 5.8719 0.6315
vt 1.6018 0.9928
vt 1.6090 0.9928
vt 1.6184 0.6194
vt 1.6111 0.6194
vt 1.5744 0.6072
vt 1.5816 0.6072
vt 1.5723 0.9806
vt 1.5650 0.9806
vt 6.1621 -0.5650
vt 6.1642 -0.5723
vt 6.0369 -0.6090
vt 6.0349 -0.6018
vt 6.1642 0.9806
vt 6.1312 0.6072
vt 6.0039 0.6194
vt 6.0369 0.9928
vt 6.1312 -0.5816
vt 6.1292 -0.5744
vt 6.0019 -0.6111
vt 6.0039 -0.6184
vt 6.1292 0.6072
vt 6.1621 0.9806
vt 6.0349 0.9928
vt 6.0019 0.6194
vt 1.5650 0.9806
vt 1.5723 0.9806
vt 1.5816 0.6072
vt 1.5744 0.6072
vt 1.5394 0.5951
vt 1.5466 0.5951
vt 1.5375 0.9685
vt 1.5303 0.9685
vt 6.2868 -0.5303
vt 6.2888 -0.5375
vt 6.1642 -0.5723
vt 6.1621 -0.5650
vt 6.2888 0.9685
vt 6.2557 0.5951
vt 6.1312 0.6072
vt 6.1642 0.9806
vt 6.2557 -0.5466
vt 6.2537 -0.5394
vt 6.1292 -0.5744
vt 6.1312 -0.5816
vt 6.2537 0.5951
vt 6.2868 0.9685
vt 6.1621 0.9806
vt 6.1292 0.6072
vt 1.5303 0.9685
vt 1.5375 0.9685
vt 1.5466 0.5951
vt 1.5394 0.5951
vt 1.5059 0.5829
vt 1.5131 0.5829
vt 1.5044 0.9563
vt 1.4971 0.9563
vt 6.4111 -0.4971
vt 6.4131 -0.5044
vt 6.2888 -0.5375
vt 6.2868 -0.5303
vt 6.4131 0.9563
vt 6.3797 0.5829
vt 6.2557 0.5951
vt 6.2888 0.9685
vt 6.3797 -0.5131
vt 6.3778 -0.5059
vt 6.2537 -0.5394
vt 6.2557 -0.5466
vt 6.3778 0.5829
vt 6.4111 0.9563
vt 6.2868 0.9685
vt 6.2537 0.5951
vt 1.4971 0.9563
vt 1.5044 0.9563
vt 1.5131 0.5829
vt 1.5059 0.5829
vt 1.4737 0.5708
vt 1.4810 0.5708
vt 1.4726 0.9442
vt 1.4653 0.9442
vt 6.5355 -0.4653
vt 6.5373 -0.4726
vt 6.4131 -0.5044
vt 6.4111 -0.4971
vt 6.5373 0.9442
vt 6.5038 0.5708
vt 6.3797 0.5829
vt 6.4131 0.9563
vt 6.5038 -0.4810
vt 6.5019 -0.4737
vt 6.3778 -0.5059
vt 6.3797 -0.5131
vt 6.5019 0.5708
vt 6.5355 0.9442
vt 6.4111 0.9563
vt 6.3778 0.5829
vt 1.4653 0.9442
vt 1.4726 0.9442
vt 1.4810 0.5708
vt 1.4737 0.5708
vt 1.4430 0.5586
vt 1.4503 0.5586
vt 1.4422 0.9320
vt 1.4349 0.9320
vt 6.6598 -0.4349
vt 6.6615 -0.4422
vt 6.5373 -0.4726
vt 6.5355 -0.4653
vt 6.6615 0.9320
vt 6.6278 0.5586
vt 6.5038 0.5708
vt 6.5373 0.9442
vt 6.6278 -0.4503
vt 6.6261 -0.4430
vt 6.5019 -0.4737
vt 6.5038 -0.4810
vt 6.6261 0.5586
vt 6.6598 0.9320
vt 6.5355 0.9442
vt 6.5019 0.5708
vt 1.4349 0.9320
vt 1.4422 0.9320
vt 1.4503 0.5586
vt 1.4430 0.5586
vt 1.4136 0.5465
vt 1.4209 0.5465
vt 1.4131 0.9199
vt 1.4058 0.9199
vt 6.7841 -0.4058
vt 6.7857 -0.4131
vt 6.6615 -0.4422
vt 6.6598 -0.4349
vt 6.7857 0.9199
vt 6.7519 0.5465
vt 6.6278 0.5586
vt 6.6615 0.9320
vt 6.7519 -0.4209
vt 6.7502 -0.4136
vt 6.6261 -0.4430
vt 6.6278 -0.4503
vt 6.7502 0.5465
vt 6.7841 0.9199
vt 6.6598 0.9320
vt 6.6261 0.5586
vt 1.4058 0.9199
vt 1.4131 0.9199
vt 1.4209 0.5465
vt 1.4136 0.5465
vt 1.3856 0.5343
vt 1.3929 0.5343
vt 1.3855 0.9077
vt 1.3782 0.9077
vt 6.9084 -0.3782
vt 6.9100 -0.3855
vt 6.7857 -0.4131
vt 6.7841 -0.4058
vt 6.9100 0.9077
vt 6.8760 0.5343
vt 6.7519 0.5465
vt 6.7857 0.9199
vt 6.8760 -0.3929
vt 6.8744 -0.3856
vt 6.7502 -0.4136
vt 6.7519 -0.4209
vt 6.8744 0.5343
vt 6.9084 0.9077
vt 6.7841 0.9199
vt 6.7502 0.5465
vt 1.3782 0.9077
vt 1.3855 0.9077
vt 1.3929 0.5343
vt 1.3856 0.5343
vt 1.3589 0.5222
vt 1.3663 0.5222
vt 1.3592 0.8956
vt 1.3518 0.8956
vt 7.0327 -0.3518
vt 7.0342 -0.3592
vt 6.9100 -0.3855
vt 6.9084 -0.3782
vt 7.0342 0.8956
vt 7.0000 0.5222
vt 6.8760 0.5343
vt 6.9100 0.9077
vt 7.0000 -0.3663
vt 6.9985 -0.3589
vt 6.8744 -0.3856
vt 6.8760 -0.3929
vt 6.9985 0.5222
vt 7.0327 0.8956
vt 6.9084 0.9077
vt 6.8744 0.5343
vt 1.3518 0.8956
vt 1.3592 0.8956
vt 1.3663 0.5222
vt 1.3589 0.5222
vt 1.3336 0.5101
vt 1.3410 0.5101
vt 1.3342 0.8834
vt 1.3269 0.8834
vt 7.1570 -0.3269
vt 7.1584 -0.3342
vt 7.0342 -0.3592
vt 7.0327 -0.3518
vt 7.1584 0.8834
vt 7.1241 0.5101
vt 7.0000 0.5222
vt 7.0342 0.8956
vt 7.1241 -0.3410
vt 7.1227 -0.3336
vt 6.9985 -0.3589
vt 7.0000 -0.3663
vt 7.1227 0.5101
vt 7.1570 0.8834
vt 7.0327 0.8956
vt 6.9985 0.5222
vt 1.3269 0.8834
vt 1.3342 0.8834
vt 1.3410 0.5101
vt 1.3336 0.5101
vt 1.3097 0.4979
vt 1.3170 0.4979
vt 1.3106 0.8713
vt 1.3032 0.8713
vt 7.2812 -0.3032
vt 7.2826 -0.3106
vt 7.1584 -0.3342
vt 7.1570 -0.3269
vt 7.2826 0.8713
vt 7.2482 0.4979
vt 7.1241 0.5101
vt 7.1584 0.8834
vt 7.2482 -0.3170
vt 7.2468 -0.3097
vt 7.1227 -0.3336
vt 7.1241 -0.3410
vt 7.2468 0.4979
vt 7.2812 0.8713
vt 7.1570 0.8834
vt 7.1227 0.5101
vt 1.3032 0.8713
vt 1.3106 0.8713
vt 1.3170 0.4979
vt 1.3097 0.4979
vt 1.2870 0.4858
vt 1.2944 0.4858
vt 1.2883 0.8591
vt 1.2809 0.8591
vt 7.4055 -0.2809
vt 7.4068 -0.2883
vt 7.2826 -0.3106
vt 7.2812 -0.3032
vt 7.4068 0.8591
vt 7.3723 0.4858
vt 7.2482 0.4979
vt 7.2826 0.8713
vt 7.3723 -0.2944
vt 7.3710 -0.2870
vt 7.2468 -0.3097
vt 7.2482 -0.3170
vt 7.3710 0.4858
vt 7.4055 0.8591
vt 7.2812 0.8713
vt 7.2468 0.4979
vt 1.2809 0.8591
vt 1.2883 0.8591
vt 1.2944 0.4858
vt 1.2870 0.4858
vt 1.2657 0.4736
vt 1.2731 0.4736
vt 1.2674 0.8470
vt 1.2600 0.8470
vt 7.5298 -0.2600
vt 7.5310 -0.2674
vt 7.4068 -0.2883
vt 7.4055 -0.2809
vt 7.5310 0.8470
vt 7.4963 0.4736
vt 7.3723 0.4858
vt 7.4068 0.8591
vt 7.4963 -0.2731
vt 7.4951 -0.2657
vt 7.3710 -0.2870
vt 7.3723 -0.2944
vt 7.4951 0.4736
vt 7.5298 0.8470
vt 7.4055 0.8591
vt 7.3710 0.4858
vt 1.2600 0.8470
vt 1.2674 0.8470
vt 1.2731 0.4736
vt 1.2657 0.4736
vt 1.2457 0.4615
vt 1.2531 0.4615
vt 1.2477 0.8348
vt 1.2403 0.8348
vt 7.6541 -0.2403
vt 7.6552 -0.2477
vt 7.5310 -0.2674
vt 7.5298 -0.2600
vt 7.6552 0.8348
vt 7.6204 0.4615
vt 7.4963 0.4736
vt 7.5310 0.8470
vt 7.6204 -0.2531
vt 7.6193 -0.2457
vt 7.4951 -0.2657
vt 7.4963 -0.2731
vt 7.6193 0.4615
vt 7.6541 0.8348
vt 7.5298 0.8470
vt 7.4951 0.4736
vt 1.2403 0.8348
vt 1.2477 0.8348
vt 1.2531 0.4615
vt 1.2457 0.4615
vt 1.2270 0.4493
vt 1.2344 0.4493
vt 1.2294 0.8227
vt 1.2220 0.8227
vt 7.7784 -0.2220
vt 7.7794 -0.2294
vt 7.6552 -0.2477
vt 7.6541 -0.2403
vt 7.7794 0.8227
vt 7.7445 0.4493
vt 7.6204 0.4615
vt 7.6552 0.8348
vt 7.7445 -0.2344
vt 7.7435 -0.2270
vt 7.6193 -0.2457
vt 7.6204 -0.2531
vt 7.7435 0.4493
vt 7.7784 0.8227
vt 7.6541 0.8348
vt 7.6193 0.4615
vt 1.2220 0.8227
vt 1.2294 0.8227
vt 1.2344 0.4493
vt 1.2270 0.4493
vt 1.2096 0.4372
vt 1.2170 0.4372
vt 1.2123 0.8105
vt 1.2049 0.8105
vt 7.9026 -0.2049
vt 7.9036 -0.2123
vt 7.7794 -0.2294
vt 7.7784 -0.2220
vt 7.9036 0.8105
vt 7.8686 0.4372
vt 7.7445 0.4493
vt 7.7794 0.8227
vt 7.8686 -0.2170
vt 7.8676 -0.2096
vt 7.7435 -0.2270
vt 7.7445 -0.2344
vt 7.8676 0.4372
vt 7.9026 0.8105
vt 7.7784 0.8227
vt 7.7435 0.4493
vt 1.2049 0.8105
vt 1.2123 0.8105
vt 1.2170 0.4372
vt 1.2096 0.4372
vt 1.1935 0.4250
vt 1.2009 0.4250
vt 1.1966 0.7984
vt 1.1892 0.7984
vt 8.0269 -0.1892
vt 8.0278 -0.1966
vt 7.9036 -0.2123
vt 7.9026 -0.2049
vt 8.0278 0.7984
vt 7.9927 0.4250
vt 7.8686 0.4372
vt 7.9036 0.8105
vt 7.9927 -0.2009
vt 7.9918 -0.1935
vt 7.8676 -0.2096
vt 7.8686 -0.2170
vt 7.9918 0.4250
vt 8.0269 0.7984
vt 7.9026 0.8105
vt 7.8676 0.4372
vt 1.1892 0.7984
vt 1.1966 0.7984
vt 1.2009 0.4250
vt 1.1935 0.4250
vt 1.1787 0.4129
vt 1.1861 0.4129
vt 1.1822 0.7862
vt 1.1747 0.7862
vt 8.1512 -0.1747
vt 8.1520 -0.1822
vt 8.0278 -0.1966
vt 8.0269 -0.1892
vt 8.1520 0.7862
vt 8.1168 0.4129
vt 7.9927 0.4250
vt 8.0278 0.7984
vt 8.1168 -0.1861
vt 8.1160 -0.1787
vt 7.9918 -0.1935
vt 7.9927 -0.2009
vt 8.1160 0.4129
vt 8.1512 0.7862
vt 8.0269 0.7984
vt 7.9918 0.4250
vt 1.1747 0.7862
vt 1.1822 0.7862
vt 1.1861 0.4129
vt 1.1787 0.4129
vt 1.1651 0.4007
vt 1.1726 0.4007
vt 1.1690 0.7741
vt 1.1615 0.7741
vt 8.2754 -0.1615
vt 8.2762 -0.1690
vt 8.1520 -0.1822
vt 8.1512 -0.1747
vt 8.2762 0.7741
vt 8.2409 0.4007
vt 8.1168 0.4129
vt 8.1520 0.7862
vt 8.2409 -0.1726
vt 8.2402 -0.1651
vt 8.1160 -0.1787
vt 8.1168 -0.1861
vt 8.2402 0.4007
vt 8.2754 0.7741
vt 8.1512 0.7862
vt 8.1160 0.4129
vt 1.1615 0.7741
vt 1.1690 0.7741
vt 1.1726 0.4007
vt 1.1651 0.4007
vt 1.1529 0.3886
vt 1.1604 0.3886
vt 1.1571 0.7619
vt 1.1497 0.7619
vt 8.3997 -0.1497
vt 8.4004 -0.1571
vt 8.2762 -0.1690
vt 8.2754 -0.1615
vt 8.4004 0.7619
vt 8.3650 0.3886
vt 8.2409 0.4007
vt 8.2762 0.7741
vt 8.3650 -0.1604
vt 8.3643 -0.1529
vt 8.2402 -0.1651
vt 8.2409 -0.1726
vt 8.3643 0.3886
vt 8.3997 0.7619
vt 8.2754 0.7741
vt 8.2402 0.4007
vt 1.1497 0.7619
vt 1.1571 0.7619
vt 1.1604 0.3886
vt 1.1529 0.3886
vt 1.1419 0.3764
vt 1.1494 0.3764
vt 1.1465 0.7498
vt 1.1391 0.7498
vt 8.5239 -0.1391
vt 8.5245 -0.1465
vt 8.4004 -0.1571
vt 8.3997 -0.1497
vt 8.5245 0.7498
vt 8.4891 0.3764
vt 8.3650 0.3886
vt 8.4004 0.7619
vt 8.4891 -0.1494
vt 8.4885 -0.1419
vt 8.3643 -0.1529
vt 8.3650 -0.1604
vt 8.4885 0.3764
vt 8.5239 0.7498
vt 8.3997 0.7619
vt 8.3643 0.3886
vt 1.1391 0.7498
vt 1.1465 0.7498
vt 1.1494 0.3764
vt 1.1419 0.3764
vt 1.1323 0.3643
vt 1.1397 0.3643
vt 1.1372 0.7376
vt 1.1297 0.7376
vt 8.6482 -0.1297
vt 8.6487 -0.1372
vt 8.5245 -0.1465
vt 8.5239 -0.1391
vt 8.6487 0.7376
vt 8.6133 0.3643
vt 8.4891 0.3764
vt 8.5245 0.7498
vt 8.6133 -0.1397
vt 8.6127 -0.1323
vt 8.4885 -0.1419
vt 8.4891 -0.1494
vt 8.6127 0.3643
vt 8.6482 0.7376
vt 8.5239 0.7498
vt 8.4885 0.3764
vt 1.1297 0.7376
vt 1.1372 0.7376
vt 1.1397 0.3643
vt 1.1323 0.3643
vt 1.1238 0.3521
vt 1.1313 0.3521
vt 1.1292 0.7255
vt 1.1217 0.7255
vt 8.7721 -0.1217
vt 8.7726 -0.1292
vt 8.6487 -0.1372
vt 8.6482 -0.1297
vt 8.7726 0.7255
vt 8.7377 0.3521
vt 8.6133 0.3643
vt 8.6487 0.7376
vt 8.7377 -0.1313
vt 8.7372 -0.1238
vt 8.6127 -0.1323
vt 8.6133 -0.1397
vt 8.7372 0.3521
vt 8.7721 0.7255
vt 8.6482 0.7376
vt 8.6127 0.3643
vt 1.1217 0.7255
vt 1.1292 0.7255
vt 1.1313 0.3521
vt 1.1238 0.3521
vt 1.1166 0.3402
vt 1.1241 0.3402
vt 1.1225 0.7139
vt 1.1150 0.7139
vt 8.8946 -0.1150
vt 8.8950 -0.1225
vt 8.7726 -0.1292
vt 8.7721 -0.1217
vt 8.8950 0.7139
vt 8.8635 0.3402
vt 8.7377 0.3521
vt 8.7726 0.7255
vt 8.8635 -0.1241
vt 8.8632 -0.1166
vt 8.7372 -0.1238
vt 8.7377 -0.1313
vt 8.8632 0.3402
vt 8.8946 0.7139
vt 8.7721 0.7255
vt 8.7372 0.3521
vt 1.1150 0.7139
vt 1.1225 0.7139
vt 1.1241 0.3402
vt 1.1166 0.3402
vt 1.1106 0.3302
vt 1.1181 0.3302
vt 1.1171 0.7044
vt 1.1096 0.7044
vt 9.0158 -0.1096
vt 9.0161 -0.1171
vt 8.8950 -0.1225
vt 8.8946 -0.1150
vt 9.0161 0.7044
vt 8.9907 0.3302
vt 8.8635 0.3402
vt 8.8950 0.7139
vt 8.9907 -0.1181
vt 8.9904 -0.1106
vt 8.8632 -0.1166
vt 8.8635 -0.1241
vt 8.9904 0.3302
vt 9.0158 0.7044
vt 8.8946 0.7139
vt 8.8632 0.3402
vt 1.1096 0.7044
vt 1.1171 0.7044
vt 1.1181 0.3302
vt 1.1106 0.3302
vt 1.1060 0.3225
vt 1.1135 0.3225
vt 1.1129 0.6970
vt 1.1054 0.6970
vt 9.1369 -0.1054
vt 9.1371 -0.1129
vt 9.0161 -0.1171
vt 9.0158 -0.1096
vt 9.1371 0.6970
vt 9.1180 0.3225
vt 8.9907 0.3302
vt 9.0161 0.7044
vt 9.1180 -0.1135
vt 9.1178 -0.1060
vt 8.9904 -0.1106
vt 8.9907 -0.1181
vt 9.1178 0.3225
vt 9.1369 0.6970
vt 9.0158 0.7044
vt 8.9904 0.3302
vt 1.1054 0.6970
vt 1.1129 0.6970
vt 1.1135 0.3225
vt 1.1060 0.3225
vt 1.1027 0.3169
vt 1.1102 0.3169
vt 1.1099 0.6917
vt 1.1024 0.6917
vt 9.2579 -0.1024
vt 9.2581 -0.1099
vt 9.1371 -0.1129
vt 9.1369 -0.1054
vt 9.2581 0.6917
vt 9.2453 0.3169
vt 9.1180 0.3225
vt 9.1371 0.6970
vt 9.2453 -0.1102
vt 9.2452 -0.1027
vt 9.1178 -0.1060
vt 9.1180 -0.1135
vt 9.2452 0.3169
vt 9.2579 0.6917
vt 9.1369 0.6970
vt 9.1178 0.3225
vt 1.1024 0.6917
vt 1.1099 0.6917
vt 1.1102 0.3169
vt 1.1027 0.3169
vt 1.1007 0.3136
vt 1.1082 0.3136
vt 1.1081 0.6886
vt 1.1006 0.6886
vt 9.3790 -0.1006
vt 9.3790 -0.1081
vt 9.2581 -0.1099
vt 9.2579 -0.1024
vt 9.3790 0.6886
vt 9.3727 0.3136
vt 9.2453 0.3169
vt 9.2581 0.6917
vt 9.3727 -0.1082
vt 9.3726 -0.1007
vt 9.2452 -0.1027
vt 9.2453 -0.1102
vt 9.3726 0.3136
vt 9.3790 0.6886
vt 9.2579 0.6917
vt 9.2452 0.3169
vt 1.1006 0.6886
vt 1.1081 0.6886
vt 1.1082 0.3136
vt 1.1007 0.3136
vt 1.1000 0.3125
vt 1.1075 0.3125
vt 1.1075 0.6875
vt 1.1000 0.6875
vt 9.5031 -0.1000
vt 9.5032 -0.1075
vt 9.3790 -0.1081
vt 9.3790 -0.1006
vt 9.5032 0.6875
vt 9.5000 0.3125
vt 9.3727 0.3136
vt 9.3790 0.6886
vt 9.5000 -0.1075
vt 9.4999 -0.1000
vt 9.3726 -0.1007
vt 9.3727 -0.1082
vt 9.4999 0.3125
vt 9.5031 0.6875
vt 9.3790 0.6886
vt 9.3726 0.3136
vt 1.4915 1.2875
vt 1.4990 1.2875
vt 1.4990 0.9125
vt 1.4915 0.9125
vt 1.4915 0.9125
vt 1.4990 0.9125
vt 1.4990 1.2875
vt 1.4915 1.2875
vt 1.3889 -0.4915
vt 1.3889 -0.4990
vt 1.2500 -0.4990
vt 1.2500 -0.4915
vt 1.3889 1.2875
vt 1.3889 0.9125
vt 1.2500 0.9125
vt 1.2500 1.2875
vt 1.3889 -0.4990
vt 1.3889 -0.4915
vt 1.2500 -0.4915
vt 1.2500 -0.4990
vt 1.3889 0.9125
vt 1.3889 1.2875
vt 1.2500 1.2875
vt 1.2500 0.9125
vt 1.4915 1.2875
vt 1.4990 1.2875
vt 1.4990 0.9125
vt 1.4915 0.9125
vt 1.4915 0.9125
vt 1.4990 0.9125
vt 1.4990 1.2875
vt 1.4915 1.2875
vt 1.5278 -0.4915
vt 1.5278 -0.4990
vt 1.3889 -0.4990
vt 1.3889 -0.4915
vt 1.5278 1.2875
vt 1.5278 0.9125
vt 1.3889 0.9125
vt 1.3889 1.2875
vt 1.5278 -0.4990
vt 1.5278 -0.4915
vt 1.3889 -0.4915
vt 1.3889 -0.4990
vt 1.5278 0.9125
vt 1.5278 1.2875
vt 1.3889 1.2875
vt 1.3889 0.9125
vt 1.4915 1.2875
vt 1.4990 1.2875
vt 1.4990 0.9125
vt 1.4915 0.9125
vt 1.4915 0.9125
vt 1.4990 0.9125
vt 1.4990 1.2875
vt 1.4915 1.2875
vt 1.6667 -0.4915
vt 1.6667 -0.4990
vt 1.5278 -0.4990
vt 1.5278 -0.4915
vt 1.6667 1.2875
vt 1.6667 0.9125
vt 1.5278 0.9125
vt 1.5278 1.2875
vt 1.6667 -0.4990
vt 1.6667 -0.4915
vt 1.5278 -0.4915
vt 1.5278 -0.4990
vt 1.6667 0.9125
vt 1.6667 1.2875
vt 1.5278 1.2875
vt 1.5278 0.9125
vt 1.4915 1.2875
vt 1.4990 1.2875
vt 1.4990 0.9125
vt 1.4915 0.9125
vt 1.4915 0.9125
vt 1.4990 0.9125
vt 1.4990 1.2875
vt 1.4915 1.2875
vt 1.8056 -0.4915
vt 1.8056 -0.4990
vt 1.6667 -0.4990
vt 1.6667 -0.4915
vt 1.8056 1.2875
vt 1.8056 0.9125
vt 1.6667 0.9125
vt 1.6667 1.2875
vt 1.8056 -0.4990
vt 1.8056 -0.4915
vt 1.6667 -0.4915
vt 1.6667 -0.4990
vt 1.8056 0.9125
vt 1.8056 1.2875
vt 1.6667 1.2875
vt 1.6667 0.9125
vt 1.4915 1.2875
vt 1.4990 1.2875
vt 1.4990 0.9125
vt 1.4915 0.9125
vt 1.4915 0.9125
vt 1.4990 0.9125
vt 1.4990 1.2875
vt 1.4915 1.2875
vt 1.9444 -0.4915
vt 1.9444 -0.4990
vt 1.8056 -0.4990
vt 1.8056 -0.4915
vt 1.9444 1.2875
vt 1.9444 0.9125
vt 1.8056 0.9125
vt 1.8056 1.2875
vt 1.9444 -0.4990
vt 1.9444 -0.4915
vt 1.8056 -0.4915
vt 1.8056 -0.4990
vt 1.9444 0.9125
vt 1.9444 1.2875
vt 1.8056 1.2875
vt 1.8056 0.9125
vt 1.4915 1.2875
vt 1.4990 1.2875
vt 1.4990 0.9125
vt 1.4915 0.9125
vt 1.4915 0.9125
vt 1.4990 0.9125
vt 1.4990 1.2875
vt 1.4915 1.2875
vt 2.0833 -0.4915
vt 2.0833 -0.4990
vt 1.9444 -0.4990
vt 1.9444 -0.4915
vt 2.0833 1.2875
vt 2.0833 0.9125
vt 1.9444 0.9125
vt 1.9444 1.2875
vt 2.0833 -0.4990
vt 2.0833 -0.4915
vt 1.9444 -0.4915
vt 1.9444 -0.4990
vt 2.0833 0.9125
vt 2.0833 1.2875
vt 1.9444 1.2875
vt 1.9444 0.9125
vt 1.4915 1.2875
vt 1.4990 1.2875
vt 1.4990 0.9125
vt 1.4915 0.9125
vt 1.4915 0.9125
vt 1.4990 0.9125
vt 1.4990 1.2875
vt 1.4915 1.2875
vt 2.2222 -0.4915
vt 2.2222 -0.4990
vt 2.0833 -0.4990
vt 2.0833 -0.4915
vt 2.2222 1.2875
vt 2.2222 0.9125
vt 2.0833 0.9125
vt 2.0833 1.2875
vt 2.2222 -0.4990
vt 2.2222 -0.4915
vt 2.0833 -0.4915
vt 2.0833 -0.4990
vt 2.2222 0.9125
vt 2.2222 1.2875
vt 2.0833 1.2875
vt 2.0833 0.9125
vt 1.4915 1.2875
vt 1.4990 1.2875
vt 1.4990 0.9125
vt 1.4915 0.9125
vt 1.4915 0.9125
vt 1.4990 0.9125
vt 1.4990 1.2875
vt 1.4915 1.2875
vt 2.3611 -0.4915
vt 2.3611 -0.4990
vt 2.2222 -0.4990
vt 2.2222 -0.4915
vt 2.3611 1.2875
vt 2.3611 0.9125
vt 2.2222 0.9125
vt 2.2222 1.2875
vt 2.3611 -0.4990
vt 2.3611 -0.4915
vt 2.2222 -0.4915
vt 2.2222 -0.4990
vt 2.3611 0.9125
vt 2.3611 1.2875
vt 2.2222 1.2875
vt 2.2222 0.9125
vt 1.4915 1.2875
vt 1.4990 1.2875
vt 1.4990 0.9125
vt 1.4915 0.9125
vt 1.4915 0.9125
vt 1.4990 0.9125
vt 1.4990 1.2875
vt 1.4915 1.2875
vt 2.5000 -0.4915
vt 2.5000 -0.4990
vt 2.3611 -0.4990
vt 2.3611 -0.4915
vt 2.5000 1.2875
vt 2.4985 0.9125
vt 2.3611 0.9125
vt 2.3611 1.2875
vt 2.4985 -0.4990
vt 2.4985 -0.4915
vt 2.3611 -0.4915
vt 2.3611 -0.4990
vt 2.4985 0.9125
vt 2.5000 1.2875
vt 2.3611 1.2875
vt 2.3611 0.9125
vt 1.4915 1.2875
vt 1.4990 1.2875
vt 1.4990 0.9125
vt 1.4915 0.9125
vt 1.4909 0.9114
vt 1.4984 0.9114
vt 1.4984 1.2864
vt 1.4909 1.2864
vt 2.6273 -0.4909
vt 2.6274 -0.4984
vt 2.5000 -0.4990
vt 2.5000 -0.4915
vt 2.6274 1.2864
vt 2.6210 0.9114
vt 2.4985 0.9125
vt 2.5000 1.2875
vt 2.6210 -0.4984
vt 2.6210 -0.4909
vt 2.4985 -0.4915
vt 2.4985 -0.4990
vt 2.6210 0.9114
vt 2.6273 1.2864
vt 2.5000 1.2875
vt 2.4985 0.9125
vt 1.4909 1.2864
vt 1.4984 1.2864
vt 1.4984 0.9114
vt 1.4909 0.9114
vt 1.4891 0.9083
vt 1.4966 0.9083
vt 1.4964 1.2831
vt 1.4889 1.2831
vt 2.7547 -0.4889
vt 2.7548 -0.4964
vt 2.6274 -0.4984
vt 2.6273 -0.4909
vt 2.7548 1.2831
vt 2.7421 0.9083
vt 2.6210 0.9114
vt 2.6274 1.2864
vt 2.7421 -0.4966
vt 2.7419 -0.4891
vt 2.6210 -0.4909
vt 2.6210 -0.4984
vt 2.7419 0.9083
vt 2.7547 1.2831
vt 2.6273 1.2864
vt 2.6210 0.9114
vt 1.4889 1.2831
vt 1.4964 1.2831
vt 1.4966 0.9083
vt 1.4891 0.9083
vt 1.4861 0.9030
vt 1.4936 0.9030
vt 1.4931 1.2775
vt 1.4856 1.2775
vt 2.8820 -0.4856
vt 2.8822 -0.4931
vt 2.7548 -0.4964
vt 2.7547 -0.4889
vt 2.8822 1.2775
vt 2.8631 0.9030
vt 2.7421 0.9083
vt 2.7548 1.2831
vt 2.8631 -0.4936
vt 2.8629 -0.4861
vt 2.7419 -0.4891
vt 2.7421 -0.4966
vt 2.8629 0.9030
vt 2.8820 1.2775
vt 2.7547 1.2831
vt 2.7419 0.9083
vt 1.4856 1.2775
vt 1.4931 1.2775
vt 1.4936 0.9030
vt 1.4861 0.9030
vt 1.4819 0.8956
vt 1.4894 0.8956
vt 1.4884 1.2698
vt 1.4809 1.2698
vt 3.0093 -0.4809
vt 3.0096 -0.4884
vt 2.8822 -0.4931
vt 2.8820 -0.4856
vt 3.0096 1.2698
vt 2.9842 0.8956
vt 2.8631 0.9030
vt 2.8822 1.2775
vt 2.9842 -0.4894
vt 2.9839 -0.4819
vt 2.8629 -0.4861
vt 2.8631 -0.4936
vt 2.9839 0.8956
vt 3.0093 1.2698
vt 2.8820 1.2775
vt 2.8629 0.9030
vt 1.4809 1.2698
vt 1.4884 1.2698
vt 1.4894 0.8956
vt 1.4819 0.8956
vt 1.4765 0.8861
vt 1.4840 0.8861
vt 1.4824 1.2598
vt 1.4749 1.2598
vt 3.1365 -0.4749
vt 3.1368 -0.4824
vt 3.0096 -0.4884
vt 3.0093 -0.4809
vt 3.1368 1.2598
vt 3.1054 0.8861
vt 2.9842 0.8956
vt 3.0096 1.2698
vt 3.1054 -0.4840
vt 3.1050 -0.4765
vt 2.9839 -0.4819
vt 2.9842 -0.4894
vt 3.1050 0.8861
vt 3.1365 1.2598
vt 3.0093 1.2698
vt 2.9839 0.8956
vt 1.4749 1.2598
vt 1.4824 1.2598
vt 1.4840 0.8861
vt 1.4765 0.8861
vt 1.4699 0.8745
vt 1.4773 0.8745
vt 1.4752 1.2479
vt 1.4677 1.2479
vt 3.2623 -0.4677
vt 3.2628 -0.4752
vt 3.1368 -0.4824
vt 3.1365 -0.4749
vt 3.2628 1.2479
vt 3.2279 0.8745
vt 3.1054 0.8861
vt 3.1368 1.2598
vt 3.2279 -0.4773
vt 3.2274 -0.4699
vt 3.1050 -0.4765
vt 3.1054 -0.4840
vt 3.2274 0.8745
vt 3.2623 1.2479
vt 3.1365 1.2598
vt 3.1050 0.8861
vt 1.4677 1.2479
vt 1.4752 1.2479
vt 1.4773 0.8745
vt 1.4699 0.8745
vt 1.4618 0.8624
vt 1.4693 0.8624
vt 1.4668 1.2357
vt 1.4593 1.2357
vt 3.3867 -0.4593
vt 3.3873 -0.4668
vt 3.2628 -0.4752
vt 3.2623 -0.4677
vt 3.3873 1.2357
vt 3.3518 0.8624
vt 3.2279 0.8745
vt 3.2628 1.2479
vt 3.3518 -0.4693
vt 3.3513 -0.4618
vt 3.2274 -0.4699
vt 3.2279 -0.4773
vt 3.3513 0.8624
vt 3.3867 1.2357
vt 3.2623 1.2479
vt 3.2274 0.8745
vt 1.4593 1.2357
vt 1.4668 1.2357
vt 1.4693 0.8624
vt 1.4618 0.8624
vt 1.4525 0.8502
vt 1.4600 0.8502
vt 1.4571 1.2236
vt 1.4496 1.2236
vt 3.5109 -0.4496
vt 3.5115 -0.4571
vt 3.3873 -0.4668
vt 3.3867 -0.4593
vt 3.5115 1.2236
vt 3.4761 0.8502
vt 3.3518 0.8624
vt 3.3873 1.2357
vt 3.4761 -0.4600
vt 3.4755 -0.4525
vt 3.3513 -0.4618
vt 3.3518 -0.4693
vt 3.4755 0.8502
vt 3.5109 1.2236
vt 3.3867 1.2357
vt 3.3513 0.8624
vt 1.4496 1.2236
vt 1.4571 1.2236
vt 1.4600 0.8502
vt 1.4525 0.8502
vt 1.4419 0.8381
vt 1.4494 0.8381
vt 1.4461 1.2114
vt 1.4387 1.2114
vt 3.6350 -0.4387
vt 3.6357 -0.4461
vt 3.5115 -0.4571
vt 3.5109 -0.4496
vt 3.6357 1.2114
vt 3.6003 0.8381
vt 3.4761 0.8502
vt 3.5115 1.2236
vt 3.6003 -0.4494
vt 3.5996 -0.4419
vt 3.4755 -0.4525
vt 3.4761 -0.4600
vt 3.5996 0.8381
vt 3.6350 1.2114
vt 3.5109 1.2236
vt 3.4755 0.8502
vt 1.4387 1.2114
vt 1.4461 1.2114
vt 1.4494 0.8381
vt 1.4419 0.8381
vt 1.4300 0.8259
vt 1.4375 0.8259
vt 1.4339 1.1993
vt 1.4264 1.1993
vt 3.7591 -0.4264
vt 3.7598 -0.4339
vt 3.6357 -0.4461
vt 3.6350 -0.4387
vt 3.7598 1.1993
vt 3.7246 0.8259
vt 3.6003 0.8381
vt 3.6357 1.2114
vt 3.7246 -0.4375
vt 3.7238 -0.4300
vt 3.5996 -0.4419
vt 3.6003 -0.4494
vt 3.7238 0.8259
vt 3.7591 1.1993
vt 3.6350 1.2114
vt 3.5996 0.8381
vt 1.4264 1.1993
vt 1.4339 1.1993
vt 1.4375 0.8259
vt 1.4300 0.8259
vt 1.4169 0.8138
vt 1.4243 0.8138
vt 1.4204 1.1871
vt 1.4129 1.1871
vt 3.8832 -0.4129
vt 3.8840 -0.4204
vt 3.7598 -0.4339
vt 3.7591 -0.4264
vt 3.8840 1.1871
vt 3.8488 0.8138
vt 3.7246 0.8259
vt 3.7598 1.1993
vt 3.8488 -0.4243
vt 3.8480 -0.4169
vt 3.7238 -0.4300
vt 3.7246 -0.4375
vt 3.8480 0.8138
vt 3.8832 1.1871
vt 3.7591 1.1993
vt 3.7238 0.8259
vt 1.4129 1.1871
vt 1.4204 1.1871
vt 1.4243 0.8138
vt 1.4169 0.8138
vt 1.4024 0.8016
vt 1.4099 0.8016
vt 1.4056 1.1750
vt 1.3981 1.1750
vt 4.0073 -0.3981
vt 4.0082 -0.4056
vt 3.8840 -0.4204
vt 3.8832 -0.4129
vt 4.0082 1.1750
vt 3.9731 0.8016
vt 3.8488 0.8138
vt 3.8840 1.1871
vt 3.9731 -0.4099
vt 3.9722 -0.4024
vt 3.8480 -0.4169
vt 3.8488 -0.4243
vt 3.9722 0.8016
vt 4.0073 1.1750
vt 3.8832 1.1871
vt 3.8480 0.8138
vt 1.3981 1.1750
vt 1.4056 1.1750
vt 1.4099 0.8016
vt 1.4024 0.8016
vt 1.3867 0.7895
vt 1.3941 0.7895
vt 1.3895 1.1628
vt 1.3820 1.1628
vt 4.1314 -0.3820
vt 4.1324 -0.3895
vt 4.0082 -0.4056
vt 4.0073 -0.3981
vt 4.1324 1.1628
vt 4.0974 0.7895
vt 3.9731 0.8016
vt 4.0082 1.1750
vt 4.0974 -0.3941
vt 4.0964 -0.3867
vt 3.9722 -0.4024
vt 3.9731 -0.4099
vt 4.0964 0.7895
vt 4.1314 1.1628
vt 4.0073 1.1750
vt 3.9722 0.8016
vt 1.3820 1.1628
vt 1.3895 1.1628
vt 1.3941 0.7895
vt 1.3867 0.7895
vt 1.3697 0.7773
vt 1.3771 0.7773
vt 1.3721 1.1507
vt 1.3646 1.1507
vt 4.2555 -0.3646
vt 4.2565 -0.3721
vt 4.1324 -0.3895
vt 4.1314 -0.3820
vt 4.2565 1.1507
vt 4.2216 0.7773
vt 4.0974 0.7895
vt 4.1324 1.1628
vt 4.2216 -0.3771
vt 4.2206 -0.3697
vt 4.0964 -0.3867
vt 4.0974 -0.3941
vt 4.2206 0.7773
vt 4.2555 1.1507
vt 4.1314 1.1628
vt 4.0964 0.7895
vt 1.3646 1.1507
vt 1.3721 1.1507
vt 1.3771 0.7773
vt 1.3697 0.7773
vt 1.3513 0.7652
vt 1.3587 0.7652
vt 1.3534 1.1385
vt 1.3459 1.1385
vt 4.3796 -0.3459
vt 4.3807 -0.3534
vt 4.2565 -0.3721
vt 4.2555 -0.3646
vt 4.3807 1.1385
vt 4.3459 0.7652
vt 4.2216 0.7773
vt 4.2565 1.1507
vt 4.3459 -0.3587
vt 4.3448 -0.3513
vt 4.2206 -0.3697
vt 4.2216 -0.3771
vt 4.3448 0.7652
vt 4.3796 1.1385
vt 4.2555 1.1507
vt 4.2206 0.7773
vt 1.3459 1.1385
vt 1.3534 1.1385
vt 1.3587 0.7652
vt 1.3513 0.7652
vt 1.3317 0.7530
vt 1.3391 0.7530
vt 1.3333 1.1264
vt 1.3259 1.1264
vt 4.5037 -0.3259
vt 4.5049 -0.3333
vt 4.3807 -0.3534
vt 4.3796 -0.3459
vt 4.5049 1.1264
vt 4.4702 0.7530
vt 4.3459 0.7652
vt 4.3807 1.1385
vt 4.4702 -0.3391
vt 4.4690 -0.3317
vt 4.3448 -0.3513
vt 4.3459 -0.3587
vt 4.4690 0.7530
vt 4.5037 1.1264
vt 4.3796 1.1385
vt 4.3448 0.7652
vt 1.3259 1.1264
vt 1.3333 1.1264
vt 1.3391 0.7530
vt 1.3317 0.7530
vt 1.3107 0.7409
vt 1.3181 0.7409
vt 1.3120 1.1142
vt 1.3046 1.1142
vt 4.6277 -0.3046
vt 4.6290 -0.3120
vt 4.5049 -0.3333
vt 4.5037 -0.3259
vt 4.6290 1.1142
vt 4.5945 0.7409
vt 4.4702 0.7530
vt 4.5049 1.1264
vt 4.5945 -0.3181
vt 4.5932 -0.3107
vt 4.4690 -0.3317
vt 4.4702 -0.3391
vt 4.5932 0.7409
vt 4.6277 1.1142
vt 4.5037 1.1264
vt 4.4690 0.7530
vt 1.3046 1.1142
vt 1.3120 1.1142
vt 1.3181 0.7409
vt 1.3107 0.7409
vt 1.2884 0.7287
vt 1.2958 0.7287
vt 1.2894 1.1021
vt 1.2820 1.1021
vt 4.7518 -0.2820
vt 4.7532 -0.2894
vt 4.6290 -0.3120
vt 4.6277 -0.3046
vt 4.7532 1.1021
vt 4.7188 0.7287
vt 4.5945 0.7409
vt 4.6290 1.1142
vt 4.7188 -0.2958
vt 4.7174 -0.2884
vt 4.5932 -0.3107
vt 4.5945 -0.3181
vt 4.7174 0.7287
vt 4.7518 1.1021
vt 4.6277 1.1142
vt 4.5932 0.7409
vt 1.2820 1.1021
vt 1.2894 1.1021
vt 1.2958 0.7287
vt 1.2884 0.7287
vt 1.2648 0.7166
vt 1.2722 0.7166
vt 1.2654 1.0899
vt 1.2580 1.0899
vt 4.8759 -0.2580
vt 4.8773 -0.2654
vt 4.7532 -0.2894
vt 4.7518 -0.2820
vt 4.8773 1.0899
vt 4.8430 0.7166
vt 4.7188 0.7287
vt 4.7532 1.1021
vt 4.8430 -0.2722
vt 4.8416 -0.2648
vt 4.7174 -0.2884
vt 4.7188 -0.2958
vt 4.8416 0.7166
vt 4.8759 1.0899
vt 4.7518 1.1021
vt 4.7174 0.7287
vt 1.2580 1.0899
vt 1.2654 1.0899
vt 1.2722 0.7166
vt 1.2648 0.7166
vt 1.2398 0.7044
vt 1.2472 0.7044
vt 1.2401 1.0778
vt 1.2327 1.0778
vt 5.0000 -0.2327
vt 5.0015 -0.2401
vt 4.8773 -0.2654
vt 4.8759 -0.2580
vt 5.0015 1.0778
vt 4.9673 0.7044
vt 4.8430 0.7166
vt 4.8773 1.0899
vt 4.9673 -0.2472
vt 4.9658 -0.2398
vt 4.8416 -0.2648
vt 4.8430 -0.2722
vt 4.9658 0.7044
vt 5.0000 1.0778
vt 4.8759 1.0899
vt 4.8416 0.7166
vt 1.2327 1.0778
vt 1.2401 1.0778
vt 1.2472 0.7044
vt 1.2398 0.7044
vt 1.2135 0.6923
vt 1.2209 0.6923
vt 1.2134 1.0657
vt 1.2061 1.0657
vt 5.1240 -0.2061
vt 5.1256 -0.2134
vt 5.0015 -0.2401
vt 5.0000 -0.2327
vt 5.1256 1.0657
vt 5.0916 0.6923
vt 4.9673 0.7044
vt 5.0015 1.0778
vt 5.0916 -0.2209
vt 5.0900 -0.2135
vt 4.9658 -0.2398
vt 4.9673 -0.2472
vt 5.0900 0.6923
vt 5.1240 1.0657
vt 5.0000 1.0778
vt 4.9658 0.7044
vt 1.2061 1.0657
vt 1.2134 1.0657
vt 1.2209 0.6923
vt 1.2135 0.6923
vt 1.1859 0.6801
vt 1.1932 0.6801
vt 1.1854 1.0535
vt 1.1781 1.0535
vt 5.2481 -0.1781
vt 5.2498 -0.1854
vt 5.1256 -0.2134
vt 5.1240 -0.2061
vt 5.2498 1.0535
vt 5.2159 0.6801
vt 5.0916 0.6923
vt 5.1256 1.0657
vt 5.2159 -0.1932
vt 5.2143 -0.1859
vt 5.0900 -0.2135
vt 5.0916 -0.2209
vt 5.2143 0.6801
vt 5.2481 1.0535
vt 5.1240 1.0657
vt 5.0900 0.6923
vt 1.1781 1.0535
vt 1.1854 1.0535
vt 1.1932 0.6801
vt 1.1859 0.6801
vt 1.1569 0.6680
vt 1.1642 0.6680
vt 1.1561 1.0414
vt 1.1488 1.0414
vt 5.3722 -0.1488
vt 5.3739 -0.1561
vt 5.2498 -0.1854
vt 5.2481 -0.1781
vt 5.3739 1.0414
vt 5.3402 0.6680
vt 5.2159 0.6801
vt 5.2498 1.0535
vt 5.3402 -0.1642
vt 5.3385 -0.1569
vt 5.2143 -0.1859
vt 5.2159 -0.1932
vt 5.3385 0.6680
vt 5.3722 1.0414
vt 5.2481 1.0535
vt 5.2143 0.6801
vt 1.1488 1.0414
vt 1.1561 1.0414
vt 1.1642 0.6680
vt 1.1569 0.6680
vt 1.1265 0.6558
vt 1.1337 0.6558
vt 1.1253 1.0292
vt 1.1180 1.0292
vt 5.4962 -0.1180
vt 5.4981 -0.1253
vt 5.3739 -0.1561
vt 5.3722 -0.1488
vt 5.4981 1.0292
vt 5.4645 0.6558
vt 5.3402 0.6680
vt 5.3739 1.0414
vt 5.4645 -0.1337
vt 5.4627 -0.1265
vt 5.3385 -0.1569
vt 5.3402 -0.1642
vt 5.4627 0.6558
vt 5.4962 1.0292
vt 5.3722 1.0414
vt 5.3385 0.6680
vt 1.1180 1.0292
vt 1.1253 1.0292
vt 1.1337 0.6558
vt 1.1265 0.6558
vt 1.0947 0.6437
vt 1.1019 0.6437
vt 1.0932 1.0171
vt 1.0859 1.0171
vt 5.6203 -0.0859
vt 5.6222 -0.0932
vt 5.4981 -0.1253
vt 5.4962 -0.1180
vt 5.6222 1.0171
vt 5.5889 0.6437
vt 5.4645 0.6558
vt 5.4981 1.0292
vt 5.5889 -0.1019
vt 5.5869 -0.0947
vt 5.4627 -0.1265
vt 5.4645 -0.1337
vt 5.5869 0.6437
vt 5.6203 1.0171
vt 5.4962 1.0292
vt 5.4627 0.6558
vt 1.0859 1.0171
vt 1.0932 1.0171
vt 1.1019 0.6437
vt 1.0947 0.6437
vt 1.0615 0.6315
vt 1.0687 0.6315
vt 1.0596 1.0049
vt 1.0524 1.0049
vt 5.7443 -0.0524
vt 5.7463 -0.0596
vt 5.6222 -0.0932
vt 5.6203 -0.0859
vt 5.7463 1.0049
vt 5.7132 0.6315
vt 5.5889 0.6437
vt 5.6222 1.0171
vt 5.7132 -0.0687
vt 5.7112 -0.0615
vt 5.5869 -0.0947
vt 5.5889 -0.1019
vt 5.7112 0.6315
vt 5.7443 1.0049
vt 5.6203 1.0171
vt 5.5869 0.6437
vt 1.0524 1.0049
vt 1.0596 1.0049
vt 1.0687 0.6315
vt 1.0615 0.6315
vt 1.0268 0.6194
vt 1.0340 0.6194
vt 1.0246 0.9928
vt 1.0174 0.9928
vt 5.8688 -0.0174
vt 5.8708 -0.0246
vt 5.7463 -0.0596
vt 5.7443 -0.0524
vt 5.8708 0.9928
vt 5.8379 0.6194
vt 5.7132 0.6315
vt 5.7463 1.0049
vt 5.8379 -0.0340
vt 5.8358 -0.0268
vt 5.7112 -0.0615
vt 5.7132 -0.0687
vt 5.8358 0.6194
vt 5.8688 0.9928
vt 5.7443 1.0049
vt 5.7112 0.6315
vt 1.0174 0.9928
vt 1.0246 0.9928
vt 1.0340 0.6194
vt 1.0268 0.6194
vt 0.9901 0.6072
vt 0.9973 0.6072
vt 0.9879 0.9806
vt 0.9807 0.9806
vt 5.9961 0.0193
vt 5.9981 0.0121
vt 5.8708 -0.0246
vt 5.8688 -0.0174
vt 5.9981 0.9806
vt 5.9651 0.6072
vt 5.8379 0.6194
vt 5.8708 0.9928
vt 5.9651 0.0027
vt 5.9631 0.0099
vt 5.8358 -0.0268
vt 5.8379 -0.0340
vt 5.9631 0.6072
vt 5.9961 0.9806
vt 5.8688 0.9928
vt 5.8358 0.6194
vt 0.9807 0.9806
vt 0.9879 0.9806
vt 0.9973 0.6072
vt 0.9901 0.6072
vt 0.9535 0.5951
vt 0.9608 0.5951
vt 0.9517 0.9685
vt 0.9444 0.9685
vt 6.1262 0.0556
vt 6.1281 0.0483
vt 5.9981 0.0121
vt 5.9961 0.0193
vt 6.1281 0.9685
vt 6.0950 0.5951
vt 5.9651 0.6072
vt 5.9981 0.9806
vt 6.0950 0.0392
vt 6.0930 0.0465
vt 5.9631 0.0099
vt 5.9651 0.0027
vt 6.0930 0.5951
vt 6.1262 0.9685
vt 5.9961 0.9806
vt 5.9631 0.6072
vt 0.9444 0.9685
vt 0.9517 0.9685
vt 0.9608 0.5951
vt 0.9535 0.5951
vt 0.9183 0.5829
vt 0.9256 0.5829
vt 0.9168 0.9563
vt 0.9096 0.9563
vt 6.2566 0.0904
vt 6.2586 0.0832
vt 6.1281 0.0483
vt 6.1262 0.0556
vt 6.2586 0.9563
vt 6.2252 0.5829
vt 6.0950 0.5951
vt 6.1281 0.9685
vt 6.2252 0.0744
vt 6.2233 0.0817
vt 6.0930 0.0465
vt 6.0950 0.0392
vt 6.2233 0.5829
vt 6.2566 0.9563
vt 6.1262 0.9685
vt 6.0930 0.5951
vt 0.9096 0.9563
vt 0.9168 0.9563
vt 0.9256 0.5829
vt 0.9183 0.5829
vt 0.8846 0.5708
vt 0.8919 0.5708
vt 0.8835 0.9442
vt 0.8762 0.9442
vt 6.3871 0.1238
vt 6.3890 0.1165
vt 6.2586 0.0832
vt 6.2566 0.0904
vt 6.3890 0.9442
vt 6.3554 0.5708
vt 6.2252 0.5829
vt 6.2586 0.9563
vt 6.3554 0.1081
vt 6.3536 0.1154
vt 6.2233 0.0817
vt 6.2252 0.0744
vt 6.3536 0.5708
vt 6.3871 0.9442
vt 6.2566 0.9563
vt 6.2233 0.5829
vt 0.8762 0.9442
vt 0.8835 0.9442
vt 0.8919 0.5708
vt 0.8846 0.5708
vt 0.8523 0.5586
vt 0.8596 0.5586
vt 0.8515 0.9320
vt 0.8442 0.9320
vt 6.5176 0.1558
vt 6.5194 0.1485
vt 6.3890 0.1165
vt 6.3871 0.1238
vt 6.5194 0.9320
vt 6.4857 0.5586
vt 6.3554 0.5708
vt 6.3890 0.9442
vt 6.4857 0.1404
vt 6.4839 0.1477
vt 6.3536 0.1154
vt 6.3554 0.1081
vt 6.4839 0.5586
vt 6.5176 0.9320
vt 6.3871 0.9442
vt 6.3536 0.5708
vt 0.8442 0.9320
vt 0.8515 0.9320
vt 0.8596 0.5586
vt 0.8523 0.5586
vt 0.8215 0.5465
vt 0.8288 0.5465
vt 0.8211 0.9199
vt 0.8137 0.9199
vt 6.6481 0.1863
vt 6.6498 0.1789
vt 6.5194 0.1485
vt 6.5176 0.1558
vt 6.6498 0.9199
vt 6.6159 0.5465
vt 6.4857 0.5586
vt 6.5194 0.9320
vt 6.6159 0.1712
vt 6.6143 0.1785
vt 6.4839 0.1477
vt 6.4857 0.1404
vt 6.6143 0.5465
vt 6.6481 0.9199
vt 6.5176 0.9320
vt 6.4839 0.5586
vt 0.8137 0.9199
vt 0.8211 0.9199
vt 0.8288 0.5465
vt 0.8215 0.5465
vt 0.7921 0.5343
vt 0.7995 0.5343
vt 0.7920 0.9077
vt 0.7847 0.9077
vt 6.7786 0.2153
vt 6.7802 0.2080
vt 6.6498 0.1789
vt 6.6481 0.1863
vt 6.7802 0.9077
vt 6.7462 0.5343
vt 6.6159 0.5465
vt 6.6498 0.9199
vt 6.7462 0.2005
vt 6.7446 0.2079
vt 6.6143 0.1785
vt 6.6159 0.1712
vt 6.7446 0.5343
vt 6.7786 0.9077
vt 6.6481 0.9199
vt 6.6143 0.5465
vt 0.7847 0.9077
vt 0.7920 0.9077
vt 0.7995 0.5343
vt 0.7921 0.5343
vt 0.7642 0.5222
vt 0.7715 0.5222
vt 0.7644 0.8956
vt 0.7571 0.8956
vt 6.9091 0.2429
vt 6.9106 0.2356
vt 6.7802 0.2080
vt 6.7786 0.2153
vt 6.9106 0.8956
vt 6.8764 0.5222
vt 6.7462 0.5343
vt 6.7802 0.9077
vt 6.8764 0.2285
vt 6.8749 0.2358
vt 6.7446 0.2079
vt 6.7462 0.2005
vt 6.8749 0.5222
vt 6.9091 0.8956
vt 6.7786 0.9077
vt 6.7446 0.5343
vt 0.7571 0.8956
vt 0.7644 0.8956
vt 0.7715 0.5222
vt 0.7642 0.5222
vt 0.7376 0.5101
vt 0.7449 0.5101
vt 0.7382 0.8834
vt 0.7308 0.8834
vt 7.0395 0.2692
vt 7.0410 0.2618
vt 6.9106 0.2356
vt 6.9091 0.2429
vt 7.0410 0.8834
vt 7.0067 0.5101
vt 6.8764 0.5222
vt 6.9106 0.8956
vt 7.0067 0.2551
vt 7.0052 0.2624
vt 6.8749 0.2358
vt 6.8764 0.2285
vt 7.0052 0.5101
vt 7.0395 0.8834
vt 6.9091 0.8956
vt 6.8749 0.5222
vt 0.7308 0.8834
vt 0.7382 0.8834
vt 0.7449 0.5101
vt 0.7376 0.5101
vt 0.7124 0.4979
vt 0.7198 0.4979
vt 0.7134 0.8713
vt 0.7060 0.8713
vt 7.1700 0.2940
vt 7.1714 0.2866
vt 7.0410 0.2618
vt 7.0395 0.2692
vt 7.1714 0.8713
vt 7.1369 0.4979
vt 7.0067 0.5101
vt 7.0410 0.8834
vt 7.1369 0.2802
vt 7.1356 0.2876
vt 7.0052 0.2624
vt 7.0067 0.2551
vt 7.1356 0.4979
vt 7.1700 0.8713
vt 7.0395 0.8834
vt 7.0052 0.5101
vt 0.7060 0.8713
vt 0.7134 0.8713
vt 0.7198 0.4979
vt 0.7124 0.4979
vt 0.6887 0.4858
vt 0.6961 0.4858
vt 0.6900 0.8591
vt 0.6826 0.8591
vt 7.3005 0.3174
vt 7.3018 0.3100
vt 7.1714 0.2866
vt 7.1700 0.2940
vt 7.3018 0.8591
vt 7.2672 0.4858
vt 7.1369 0.4979
vt 7.1714 0.8713
vt 7.2672 0.3039
vt 7.2659 0.3113
vt 7.1356 0.2876
vt 7.1369 0.2802
vt 7.2659 0.4858
vt 7.3005 0.8591
vt 7.1700 0.8713
vt 7.1356 0.4979
vt 0.6826 0.8591
vt 0.6900 0.8591
vt 0.6961 0.4858
vt 0.6887 0.4858
vt 0.6663 0.4736
vt 0.6737 0.4736
vt 0.6680 0.8470
vt 0.6606 0.8470
vt 7.4309 0.3394
vt 7.4322 0.3320
vt 7.3018 0.3100
vt 7.3005 0.3174
vt 7.4322 0.8470
vt 7.3975 0.4736
vt 7.2672 0.4858
vt 7.3018 0.8591
vt 7.3975 0.3263
vt 7.3962 0.3337
vt 7.2659 0.3113
vt 7.2672 0.3039
vt 7.3962 0.4736
vt 7.4309 0.8470
vt 7.3005 0.8591
vt 7.2659 0.4858
vt 0.6606 0.8470
vt 0.6680 0.8470
vt 0.6737 0.4736
vt 0.6663 0.4736
vt 0.6453 0.4615
vt 0.6527 0.4615
vt 0.6473 0.8348
vt 0.6399 0.8348
vt 7.5614 0.3601
vt 7.5625 0.3527
vt 7.4322 0.3320
vt 7.4309 0.3394
vt 7.5625 0.8348
vt 7.5277 0.4615
vt 7.3975 0.4736
vt 7.4322 0.8470
vt 7.5277 0.3473
vt 7.5266 0.3547
vt 7.3962 0.3337
vt 7.3975 0.3263
vt 7.5266 0.4615
vt 7.5614 0.8348
vt 7.4309 0.8470
vt 7.3962 0.4736
vt 0.6399 0.8348
vt 0.6473 0.8348
vt 0.6527 0.4615
vt 0.6453 0.4615
vt 0.6257 0.4493
vt 0.6331 0.4493
vt 0.6281 0.8227
vt 0.6207 0.8227
vt 7.6918 0.3793
vt 7.6929 0.3719
vt 7.5625 0.3527
vt 7.5614 0.3601
vt 7.6929 0.8227
vt 7.6580 0.4493
vt 7.5277 0.4615
vt 7.5625 0.8348
vt 7.6580 0.3669
vt 7.6569 0.3743
vt 7.5266 0.3547
vt 7.5277 0.3473
vt 7.6569 0.4493
vt 7.6918 0.8227
vt 7.5614 0.8348
vt 7.5266 0.4615
vt 0.6207 0.8227
vt 0.6281 0.8227
vt 0.6331 0.4493
vt 0.6257 0.4493
vt 0.6074 0.4372
vt 0.6149 0.4372
vt 0.6102 0.8105
vt 0.6027 0.8105
vt 7.8223 0.3973
vt 7.8233 0.3898
vt 7.6929 0.3719
vt 7.6918 0.3793
vt 7.8233 0.8105
vt 7.7883 0.4372
vt 7.6580 0.4493
vt 7.6929 0.8227
vt 7.7883 0.3851
vt 7.7873 0.3926
vt 7.6569 0.3743
vt 7.6580 0.3669
vt 7.7873 0.4372
vt 7.8223 0.8105
vt 7.6918 0.8227
vt 7.6569 0.4493
vt 0.6027 0.8105
vt 0.6102 0.8105
vt 0.6149 0.4372
vt 0.6074 0.4372
vt 0.5905 0.4250
vt 0.5980 0.4250
vt 0.5937 0.7984
vt 0.5862 0.7984
vt 7.9527 0.4138
vt 7.9537 0.4063
vt 7.8233 0.3898
vt 7.8223 0.3973
vt 7.9537 0.7984
vt 7.9186 0.4250
vt 7.7883 0.4372
vt 7.8233 0.8105
vt 7.9186 0.4020
vt 7.9176 0.4095
vt 7.7873 0.3926
vt 7.7883 0.3851
vt 7.9176 0.4250
vt 7.9527 0.7984
vt 7.8223 0.8105
vt 7.7873 0.4372
vt 0.5862 0.7984
vt 0.5937 0.7984
vt 0.5980 0.4250
vt 0.5905 0.4250
vt 0.5750 0.4129
vt 0.5824 0.4129
vt 0.5785 0.7862
vt 0.5710 0.7862
vt 8.0832 0.4290
vt 8.0840 0.4215
vt 7.9537 0.4063
vt 7.9527 0.4138
vt 8.0840 0.7862
vt 8.0488 0.4129
vt 7.9186 0.4250
vt 7.9537 0.7984
vt 8.0488 0.4176
vt 8.0480 0.4250
vt 7.9176 0.4095
vt 7.9186 0.4020
vt 8.0480 0.4129
vt 8.0832 0.7862
vt 7.9527 0.7984
vt 7.9176 0.4250
vt 0.5710 0.7862
vt 0.5785 0.7862
vt 0.5824 0.4129
vt 0.5750 0.4129
vt 0.5608 0.4007
vt 0.5683 0.4007
vt 0.5647 0.7741
vt 0.5572 0.7741
vt 8.2136 0.4428
vt 8.2144 0.4353
vt 8.0840 0.4215
vt 8.0832 0.4290
vt 8.2144 0.7741
vt 8.1791 0.4007
vt 8.0488 0.4129
vt 8.0840 0.7862
vt 8.1791 0.4317
vt 8.1784 0.4392
vt 8.0480 0.4250
vt 8.0488 0.4176
vt 8.1784 0.4007
vt 8.2136 0.7741
vt 8.0832 0.7862
vt 8.0480 0.4129
vt 0.5572 0.7741
vt 0.5647 0.7741
vt 0.5683 0.4007
vt 0.5608 0.4007
vt 0.5480 0.3886
vt 0.5554 0.3886
vt 0.5522 0.7619
vt 0.5447 0.7619
vt 8.3441 0.4553
vt 8.3447 0.4478
vt 8.2144 0.4353
vt 8.2136 0.4428
vt 8.3447 0.7619
vt 8.3094 0.3886
vt 8.1791 0.4007
vt 8.2144 0.7741
vt 8.3094 0.4446
vt 8.3087 0.4520
vt 8.1784 0.4392
vt 8.1791 0.4317
vt 8.3087 0.3886
vt 8.3441 0.7619
vt 8.2136 0.7741
vt 8.1784 0.4007
vt 0.5447 0.7619
vt 0.5522 0.7619
vt 0.5554 0.3886
vt 0.5480 0.3886
vt 0.5365 0.3764
vt 0.5439 0.3764
vt 0.5410 0.7498
vt 0.5336 0.7498
vt 8.4745 0.4664
vt 8.4751 0.4590
vt 8.3447 0.4478
vt 8.3441 0.4553
vt 8.4751 0.7498
vt 8.4397 0.3764
vt 8.3094 0.3886
vt 8.3447 0.7619
vt 8.4397 0.4561
vt 8.4391 0.4635
vt 8.3087 0.4520
vt 8.3094 0.4446
vt 8.4391 0.3764
vt 8.4745 0.7498
vt 8.3441 0.7619
vt 8.3087 0.3886
vt 0.5336 0.7498
vt 0.5410 0.7498
vt 0.5439 0.3764
vt 0.5365 0.3764
vt 0.5263 0.3643
vt 0.5338 0.3643
vt 0.5313 0.7376
vt 0.5238 0.7376
vt 8.6049 0.4762
vt 8.6055 0.4687
vt 8.4751 0.4590
vt 8.4745 0.4664
vt 8.6055 0.7376
vt 8.5700 0.3643
vt 8.4397 0.3764
vt 8.4751 0.7498
vt 8.5700 0.4662
vt 8.5695 0.4737
vt 8.4391 0.4635
vt 8.4397 0.4561
vt 8.5695 0.3643
vt 8.6049 0.7376
vt 8.4745 0.7498
vt 8.4391 0.3764
vt 0.5238 0.7376
vt 0.5313 0.7376
vt 0.5338 0.3643
vt 0.5263 0.3643
vt 0.5175 0.3521
vt 0.5250 0.3521
vt 0.5228 0.7255
vt 0.5153 0.7255
vt 8.7351 0.4847
vt 8.7355 0.4772
vt 8.6055 0.4687
vt 8.6049 0.4762
vt 8.7355 0.7255
vt 8.7006 0.3521
vt 8.5700 0.3643
vt 8.6055 0.7376
vt 8.7006 0.4750
vt 8.7001 0.4825
vt 8.5695 0.4737
vt 8.5700 0.4662
vt 8.7001 0.3521
vt 8.7351 0.7255
vt 8.6049 0.7376
vt 8.5695 0.3643
vt 0.5153 0.7255
vt 0.5228 0.7255
vt 0.5250 0.3521
vt 0.5175 0.3521
vt 0.5099 0.3402
vt 0.5174 0.3402
vt 0.5158 0.7139
vt 0.5083 0.7139
vt 8.8637 0.4917
vt 8.8641 0.4842
vt 8.7355 0.4772
vt 8.7351 0.4847
vt 8.8641 0.7139
vt 8.8326 0.3402
vt 8.7006 0.3521
vt 8.7355 0.7255
vt 8.8326 0.4826
vt 8.8323 0.4901
vt 8.7001 0.4825
vt 8.7006 0.4750
vt 8.8323 0.3402
vt 8.8637 0.7139
vt 8.7351 0.7255
vt 8.7001 0.3521
vt 0.5083 0.7139
vt 0.5158 0.7139
vt 0.5174 0.3402
vt 0.5099 0.3402
vt 0.5036 0.3302
vt 0.5111 0.3302
vt 0.5101 0.7044
vt 0.5026 0.7044
vt 8.9911 0.4974
vt 8.9914 0.4899
vt 8.8641 0.4842
vt 8.8637 0.4917
vt 8.9914 0.7044
vt 8.9660 0.3302
vt 8.8326 0.3402
vt 8.8641 0.7139
vt 8.9660 0.4889
vt 8.9657 0.4964
vt 8.8323 0.4901
vt 8.8326 0.4826
vt 8.9657 0.3302
vt 8.9911 0.7044
vt 8.8637 0.7139
vt 8.8323 0.3402
vt 0.5026 0.7044
vt 0.5101 0.7044
vt 0.5111 0.3302
vt 0.5036 0.3302
vt 0.4988 0.3225
vt 0.5063 0.3225
vt 0.5057 0.6970
vt 0.4982 0.6970
vt 9.1183 0.5018
vt 9.1186 0.4943
vt 8.9914 0.4899
vt 8.9911 0.4974
vt 9.1186 0.6970
vt 9.0995 0.3225
vt 8.9660 0.3302
vt 8.9914 0.7044
vt 9.0995 0.4937
vt 9.0993 0.5012
vt 8.9657 0.4964
vt 8.9660 0.4889
vt 9.0993 0.3225
vt 9.1183 0.6970
vt 8.9911 0.7044
vt 8.9657 0.3302
vt 0.4982 0.6970
vt 0.5057 0.6970
vt 0.5063 0.3225
vt 0.4988 0.3225
vt 0.4953 0.3169
vt 0.5028 0.3169
vt 0.5025 0.6917
vt 0.4950 0.6917
vt 9.2456 0.5050
vt 9.2457 0.4975
vt 9.1186 0.4943
vt 9.1183 0.5018
vt 9.2457 0.6917
vt 9.2330 0.3169
vt 9.0995 0.3225
vt 9.1186 0.6970
vt 9.2330 0.4972
vt 9.2328 0.5047
vt 9.0993 0.5012
vt 9.0995 0.4937
vt 9.2328 0.3169
vt 9.2456 0.6917
vt 9.1183 0.6970
vt 9.0993 0.3225
vt 0.4950 0.6917
vt 0.5025 0.6917
vt 0.5028 0.3169
vt 0.4953 0.3169
vt 0.4932 0.3136
vt 0.5007 0.3136
vt 0.5006 0.6886
vt 0.4931 0.6886
vt 9.3728 0.5069
vt 9.3729 0.4994
vt 9.2457 0.4975
vt 9.2456 0.5050
vt 9.3729 0.6886
vt 9.3665 0.3136
vt 9.2330 0.3169
vt 9.2457 0.6917
vt 9.3665 0.4993
vt 9.3664 0.5068
vt 9.2328 0.5047
vt 9.2330 0.4972
vt 9.3664 0.3136
vt 9.3728 0.6886
vt 9.2456 0.6917
vt 9.2328 0.3169
vt 0.4931 0.6886
vt 0.5006 0.6886
vt 0.5007 0.3136
vt 0.4932 0.3136
vt 0.4925 0.3125
vt 0.5000 0.3125
vt 0.5000 0.6875
vt 0.4925 0.6875
vt 9.5000 0.5075
vt 9.5001 0.5000
vt 9.3729 0.4994
vt 9.3728 0.5069
vt 9.5001 0.6875
vt 9.4969 0.3125
vt 9.3665 0.3136
vt 9.3729 0.6886
vt 9.4969 0.5000
vt 9.4968 0.5075
vt 9.3664 0.5068
vt 9.3665 0.4993
vt 9.4968 0.3125
vt 9.5000 0.6875
vt 9.3728 0.6886
vt 9.3664 0.3136
vt 1.4990 0.9125
vt 2.0990 0.9125
vt 2.0990 0.9050
vt 1.4990 0.9050
vt 1.4990 0.9050
vt 2.0990 0.9050
vt 2.0990 0.9125
vt 1.4990 0.9125
vt 1.3889 -0.4990
vt 1.3889 -1.0990
vt 1.2500 -1.0990
vt 1.2500 -0.4990
vt 1.3889 0.9125
vt 1.3889 0.9050
vt 1.2500 0.9050
vt 1.2500 0.9125
vt 1.3889 -1.0990
vt 1.3889 -0.4990
vt 1.2500 -0.4990
vt 1.2500 -1.0990
vt 1.3889 0.9050
vt 1.3889 0.9125
vt 1.2500 0.9125
vt 1.2500 0.9050
vt 1.4990 0.9125
vt 2.0990 0.9125
vt 2.0990 0.9050
vt 1.4990 0.9050
vt 1.4990 0.9050
vt 2.0990 0.9050
vt 2.0990 0.9125
vt 1.4990 0.9125
vt 1.5278 -0.4990
vt 1.5278 -1.0990
vt 1.3889 -1.0990
vt 1.3889 -0.4990
vt 1.5278 0.9125
vt 1.5278 0.9050
vt 1.3889 0.9050
vt 1.3889 0.9125
vt 1.5278 -1.0990
vt 1.5278 -0.4990
vt 1.3889 -0.4990
vt 1.3889 -1.0990
vt 1.5278 0.9050
vt 1.5278 0.9125
vt 1.3889 0.9125
vt 1.3889 0.9050
vt 1.4990 0.9125
vt 2.0990 0.9125
vt 2.0990 0.9050
vt 1.4990 0.9050
vt 1.4990 0.9050
vt 2.0990 0.9050
vt 2.0990 0.9125
vt 1.4990 0.9125
vt 1.6667 -0.4990
vt 1.6667 -1.0990
vt 1.5278 -1.0990
vt 1.5278 -0.4990
vt 1.6667 0.9125
vt 1.6667 0.9050
vt 1.5278 0.9050
vt 1.5278 0.9125
vt 1.6667 -1.0990
vt 1.6667 -0.4990
vt 1.5278 -0.4990
vt 1.5278 -1.0990
vt 1.6667 0.9050
vt 1.6667 0.9125
vt 1.5278 0.9125
vt 1.5278 0.9050
vt 1.4990 0.9125
vt 2.0990 0.9125
vt 2.0990 0.9050
vt 1.4990 0.9050
vt 1.4990 0.9050
vt 2.0990 0.9050
vt 2.0990 0.9125
vt 1.4990 0.9125
vt 1.8056 -0.4990
vt 1.8056 -1.0990
vt 1.6667 -1.0990
vt 1.6667 -0.4990
vt 1.8056 0.9125
vt 1.8056 0.9050
vt 1.6667 0.9050
vt 1.6667 0.9125
vt 1.8056 -1.0990
vt 1.8056 -0.4990
vt 1.6667 -0.4990
vt 1.6667 -1.0990
vt 1.8056 0.9050
vt 1.8056 0.9125
vt 1.6667 0.9125
vt 1.6667 0.9050
vt 1.4990 0.9125
vt 2.0990 0.9125
vt 2.0990 0.9050
vt 1.4990 0.9050
vt 1.4990 0.9050
vt 2.0990 0.9050
vt 2.0990 0.9125
vt 1.4990 0.9125
vt 1.9444 -0.4990
vt 1.9444 -1.0990
vt 1.8056 -1.0990
vt 1.8056 -0.4990
vt 1.9444 0.9125
vt 1.9444 0.9050
vt 1.8056 0.9050
vt 1.8056 0.9125
vt 1.9444 -1.0990
vt 1.9444 -0.4990
vt 1.8056 -0.4990
vt 1.8056 -1.0990
vt 1.9444 0.9050
vt 1.9444 0.9125
vt 1.8056 0.9125
vt 1.8056 0.9050
vt 1.4990 0.9125
vt 2.0990 0.9125
vt 2.0990 0.9050
vt 1.4990 0.9050
vt 1.4990 0.9050
vt 2.0990 0.9050
vt 2.0990 0.9125
vt 1.4990 0.9125
vt 2.0833 -0.4990
vt 2.0833 -1.0990
vt 1.9444 -1.0990
vt 1.9444 -0.4990
vt 2.0833 0.9125
vt 2.0833 0.9050
vt 1.9444 0.9050
vt 1.9444 0.9125
vt 2.0833 -1.0990
vt 2.0833 -0.4990
vt 1.9444 -0.4990
vt 1.9444 -1.0990
vt 2.0833 0.9050
vt 2.0833 0.9125
vt 1.9444 0.9125
vt 1.9444 0.9050
vt 1.4990 0.9125
vt 2.0990 0.9125
vt 2.0990 0.9050
vt 1.4990 0.9050
vt 1.4990 0.9050
vt 2.0990 0.9050
vt 2.0990 0.9125
vt 1.4990 0.9125
vt 2.2222 -0.4990
vt 2.2222 -1.0990
vt 2.0833 -1.0990
vt 2.0833 -0.4990
vt 2.2222 0.9125
vt 2.2222 0.9050
vt 2.0833 0.9050
vt 2.0833 0.9125
vt 2.2222 -1.0990
vt 2.2222 -0.4990
vt 2.0833 -0.4990
vt 2.0833 -1.0990
vt 2.2222 0.9050
vt 2.2222 0.9125
vt 2.0833 0.9125
vt 2.0833 0.9050
vt 1.4990 0.9125
vt 2.0990 0.9125
vt 2.0990 0.9050
vt 1.4990 0.9050
vt 1.4990 0.9050
vt 2.0990 0.9050
vt 2.0990 0.9125
vt 1.4990 0.9125
vt 2.3611 -0.4990
vt 2.3611 -1.0990
vt 2.2222 -1.0990
vt 2.2222 -0.4990
vt 2.3611 0.9125
vt 2.3611 0.9050
vt 2.2222 0.9050
vt 2.2222 0.9125
vt 2.3611 -1.0990
vt 2.3611 -0.4990
vt 2.2222 -0.4990
vt 2.2222 -1.0990
vt 2.3611 0.9050
vt 2.3611 0.9125
vt 2.2222 0.9125
vt 2.2222 0.9050
vt 1.4990 0.9125
vt 2.0990 0.9125
vt 2.0990 0.9050
vt 1.4990 0.9050
vt 1.4990 0.9050
vt 2.0990 0.9050
vt 2.0990 0.9125
vt 1.4990 0.9125
vt 2.4985 -0.4990
vt 2.5000 -1.0990
vt 2.3611 -1.0990
vt 2.3611 -0.4990
vt 2.5000 0.9125
vt 2.4999 0.9050
vt 2.3611 0.9050
vt 2.3611 0.9125
vt 2.4999 -1.0990
vt 2.4985 -0.4990
vt 2.3611 -0.4990
vt 2.3611 -1.0990
vt 2.4985 0.9050
vt 2.4985 0.9125
vt 2.3611 0.9125
vt 2.3611 0.9050
vt 1.4990 0.9125
vt 2.0990 0.9125
vt 2.0990 0.9050
vt 1.4990 0.9050
vt 1.4984 0.9039
vt 2.0984 0.9039
vt 2.0984 0.9114
vt 1.4984 0.9114
vt 2.6210 -0.4984
vt 2.6271 -1.0984
vt 2.5000 -1.0990
vt 2.4985 -0.4990
vt 2.6271 0.9114
vt 2.6270 0.9039
vt 2.4999 0.9050
vt 2.5000 0.9125
vt 2.6270 -1.0984
vt 2.6209 -0.4984
vt 2.4985 -0.4990
vt 2.4999 -1.0990
vt 2.6209 0.9039
vt 2.6210 0.9114
vt 2.4985 0.9125
vt 2.4985 0.9050
vt 1.4984 0.9114
vt 2.0984 0.9114
vt 2.0984 0.9039
vt 1.4984 0.9039
vt 1.4966 0.9008
vt 2.0965 0.9008
vt 2.0965 0.9083
vt 1.4966 0.9083
vt 2.7421 -0.4966
vt 2.7543 -1.0965
vt 2.6271 -1.0984
vt 2.6210 -0.4984
vt 2.7543 0.9083
vt 2.7540 0.9008
vt 2.6270 0.9039
vt 2.6271 0.9114
vt 2.7540 -1.0965
vt 2.7418 -0.4966
vt 2.6209 -0.4984
vt 2.6270 -1.0984
vt 2.7418 0.9008
vt 2.7421 0.9083
vt 2.6210 0.9114
vt 2.6209 0.9039
vt 1.4966 0.9083
vt 2.0965 0.9083
vt 2.0965 0.9008
vt 1.4966 0.9008
vt 1.4937 0.8955
vt 2.0934 0.8955
vt 2.0934 0.9030
vt 1.4936 0.9030
vt 2.8631 -0.4936
vt 2.8814 -1.0934
vt 2.7543 -1.0965
vt 2.7421 -0.4966
vt 2.8814 0.9030
vt 2.8811 0.8955
vt 2.7540 0.9008
vt 2.7543 0.9083
vt 2.8811 -1.0934
vt 2.8627 -0.4937
vt 2.7418 -0.4966
vt 2.7540 -1.0965
vt 2.8627 0.8955
vt 2.8631 0.9030
vt 2.7421 0.9083
vt 2.7418 0.9008
vt 1.4936 0.9030
vt 2.0934 0.9030
vt 2.0934 0.8955
vt 1.4937 0.8955
vt 1.4895 0.8882
vt 2.0890 0.8882
vt 2.0889 0.8956
vt 1.4894 0.8956
vt 2.9842 -0.4894
vt 3.0086 -1.0889
vt 2.8814 -1.0934
vt 2.8631 -0.4936
vt 3.0086 0.8956
vt 3.0081 0.8882
vt 2.8811 0.8955
vt 2.8814 0.9030
vt 3.0081 -1.0890
vt 2.9837 -0.4895
vt 2.8627 -0.4937
vt 2.8811 -1.0934
vt 2.9837 0.8882
vt 2.9842 0.8956
vt 2.8631 0.9030
vt 2.8627 0.8955
vt 1.4894 0.8956
vt 2.0889 0.8956
vt 2.0890 0.8882
vt 1.4895 0.8882
vt 1.4841 0.8786
vt 2.0833 0.8786
vt 2.0833 0.8861
vt 1.4840 0.8861
vt 3.1054 -0.4840
vt 3.1359 -1.0833
vt 3.0086 -1.0889
vt 2.9842 -0.4894
vt 3.1359 0.8861
vt 3.1353 0.8786
vt 3.0081 0.8882
vt 3.0086 0.8956
vt 3.1353 -1.0833
vt 3.1047 -0.4841
vt 2.9837 -0.4895
vt 3.0081 -1.0890
vt 3.1047 0.8786
vt 3.1054 0.8861
vt 2.9842 0.8956
vt 2.9837 0.8882
vt 1.4840 0.8861
vt 2.0833 0.8861
vt 2.0833 0.8786
vt 1.4841 0.8786
vt 1.4774 0.8670
vt 2.0763 0.8670
vt 2.0762 0.8745
vt 1.4773 0.8745
vt 3.2279 -0.4773
vt 3.2645 -1.0762
vt 3.1359 -1.0833
vt 3.1054 -0.4840
vt 3.2645 0.8745
vt 3.2638 0.8670
vt 3.1353 0.8786
vt 3.1359 0.8861
vt 3.2638 -1.0763
vt 3.2272 -0.4774
vt 3.1047 -0.4841
vt 3.1353 -1.0833
vt 3.2272 0.8670
vt 3.2279 0.8745
vt 3.1054 0.8861
vt 3.1047 0.8786
vt 1.4773 0.8745
vt 2.0762 0.8745
vt 2.0763 0.8670
vt 1.4774 0.8670
vt 1.4694 0.8549
vt 2.0678 0.8549
vt 2.0678 0.8624
vt 1.4693 0.8624
vt 3.3518 -0.4693
vt 3.3945 -1.0678
vt 3.2645 -1.0762
vt 3.2279 -0.4773
vt 3.3945 0.8624
vt 3.3938 0.8549
vt 3.2638 0.8670
vt 3.2645 0.8745
vt 3.3938 -1.0678
vt 3.3511 -0.4694
vt 3.2272 -0.4774
vt 3.2638 -1.0763
vt 3.3511 0.8549
vt 3.3518 0.8624
vt 3.2279 0.8745
vt 3.2272 0.8670
vt 1.4693 0.8624
vt 2.0678 0.8624
vt 2.0678 0.8549
vt 1.4694 0.8549
vt 1.4600 0.8428
vt 2.0580 0.8428
vt 2.0580 0.8502
vt 1.4600 0.8502
vt 3.4761 -0.4600
vt 3.5249 -1.0580
vt 3.3945 -1.0678
vt 3.3518 -0.4693
vt 3.5249 0.8502
vt 3.5242 0.8428
vt 3.3938 0.8549
vt 3.3945 0.8624
vt 3.5242 -1.0580
vt 3.4754 -0.4600
vt 3.3511 -0.4694
vt 3.3938 -1.0678
vt 3.4754 0.8428
vt 3.4761 0.8502
vt 3.3518 0.8624
vt 3.3511 0.8549
vt 1.4600 0.8502
vt 2.0580 0.8502
vt 2.0580 0.8428
vt 1.4600 0.8428
vt 1.4494 0.8306
vt 2.0469 0.8306
vt 2.0469 0.8381
vt 1.4494 0.8381
vt 3.6003 -0.4494
vt 3.6553 -1.0469
vt 3.5249 -1.0580
vt 3.4761 -0.4600
vt 3.6553 0.8381
vt 3.6545 0.8306
vt 3.5242 0.8428
vt 3.5249 0.8502
vt 3.6545 -1.0469
vt 3.5996 -0.4494
vt 3.4754 -0.4600
vt 3.5242 -1.0580
vt 3.5996 0.8306
vt 3.6003 0.8381
vt 3.4761 0.8502
vt 3.4754 0.8428
vt 1.4494 0.8381
vt 2.0469 0.8381
vt 2.0469 0.8306
vt 1.4494 0.8306
vt 1.4376 0.8185
vt 2.0345 0.8185
vt 2.0344 0.8259
vt 1.4375 0.8259
vt 3.7246 -0.4375
vt 3.7856 -1.0344
vt 3.6553 -1.0469
vt 3.6003 -0.4494
vt 3.7856 0.8259
vt 3.7849 0.8185
vt 3.6545 0.8306
vt 3.6553 0.8381
vt 3.7849 -1.0345
vt 3.7239 -0.4376
vt 3.5996 -0.4494
vt 3.6545 -1.0469
vt 3.7239 0.8185
vt 3.7246 0.8259
vt 3.6003 0.8381
vt 3.5996 0.8306
vt 1.4375 0.8259
vt 2.0344 0.8259
vt 2.0345 0.8185
vt 1.4376 0.8185
vt 1.4244 0.8063
vt 2.0206 0.8063
vt 2.0206 0.8138
vt 1.4243 0.8138
vt 3.8488 -0.4243
vt 3.9160 -1.0206
vt 3.7856 -1.0344
vt 3.7246 -0.4375
vt 3.9160 0.8138
vt 3.9153 0.8063
vt 3.7849 0.8185
vt 3.7856 0.8259
vt 3.9153 -1.0206
vt 3.8481 -0.4244
vt 3.7239 -0.4376
vt 3.7849 -1.0345
vt 3.8481 0.8063
vt 3.8488 0.8138
vt 3.7246 0.8259
vt 3.7239 0.8185
vt 1.4243 0.8138
vt 2.0206 0.8138
vt 2.0206 0.8063
vt 1.4244 0.8063
vt 1.4100 0.7942
vt 2.0055 0.7942
vt 2.0054 0.8016
vt 1.4099 0.8016
vt 3.9731 -0.4099
vt 4.0463 -1.0054
vt 3.9160 -1.0206
vt 3.8488 -0.4243
vt 4.0463 0.8016
vt 4.0456 0.7942
vt 3.9153 0.8063
vt 3.9160 0.8138
vt 4.0456 -1.0055
vt 3.9724 -0.4100
vt 3.8481 -0.4244
vt 3.9153 -1.0206
vt 3.9724 0.7942
vt 3.9731 0.8016
vt 3.8488 0.8138
vt 3.8481 0.8063
vt 1.4099 0.8016
vt 2.0054 0.8016
vt 2.0055 0.7942
vt 1.4100 0.7942
vt 1.3942 0.7820
vt 1.9890 0.7820
vt 1.9889 0.7895
vt 1.3941 0.7895
vt 4.0974 -0.3941
vt 4.1767 -0.9889
vt 4.0463 -1.0054
vt 3.9731 -0.4099
vt 4.1767 0.7895
vt 4.1760 0.7820
vt 4.0456 0.7942
vt 4.0463 0.8016
vt 4.1760 -0.9890
vt 4.0967 -0.3942
vt 3.9724 -0.4100
vt 4.0456 -1.0055
vt 4.0967 0.7820
vt 4.0974 0.7895
vt 3.9731 0.8016
vt 3.9724 0.7942
vt 1.3941 0.7895
vt 1.9889 0.7895
vt 1.9890 0.7820
vt 1.3942 0.7820
vt 1.3772 0.7699
vt 1.9711 0.7699
vt 1.9710 0.7773
vt 1.3771 0.7773
vt 4.2216 -0.3771
vt 4.3071 -0.9710
vt 4.1767 -0.9889
vt 4.0974 -0.3941
vt 4.3071 0.7773
vt 4.3064 0.7699
vt 4.1760 0.7820
vt 4.1767 0.7895
vt 4.3064 -0.9711
vt 4.2209 -0.3772
vt 4.0967 -0.3942
vt 4.1760 -0.9890
vt 4.2209 0.7699
vt 4.2216 0.7773
vt 4.0974 0.7895
vt 4.0967 0.7820
vt 1.3771 0.7773
vt 1.9710 0.7773
vt 1.9711 0.7699
vt 1.3772 0.7699
vt 1.3588 0.7577
vt 1.9518 0.7577
vt 1.9517 0.7652
vt 1.3587 0.7652
vt 4.3459 -0.3587
vt 4.4375 -0.9517
vt 4.3071 -0.9710
vt 4.2216 -0.3771
vt 4.4375 0.7652
vt 4.4368 0.7577
vt 4.3064 0.7699
vt 4.3071 0.7773
vt 4.4368 -0.9518
vt 4.3452 -0.3588
vt 4.2209 -0.3772
vt 4.3064 -0.9711
vt 4.3452 0.7577
vt 4.3459 0.7652
vt 4.2216 0.7773
vt 4.2209 0.7699
vt 1.3587 0.7652
vt 1.9517 0.7652
vt 1.9518 0.7577
vt 1.3588 0.7577
vt 1.3392 0.7456
vt 1.9312 0.7456
vt 1.9311 0.7530
vt 1.3391 0.7530
vt 4.4702 -0.3391
vt 4.5678 -0.9311
vt 4.4375 -0.9517
vt 4.3459 -0.3587
vt 4.5678 0.7530
vt 4.5672 0.7456
vt 4.4368 0.7577
vt 4.4375 0.7652
vt 4.5672 -0.9312
vt 4.4695 -0.3392
vt 4.3452 -0.3588
vt 4.4368 -0.9518
vt 4.4695 0.7456
vt 4.4702 0.7530
vt 4.3459 0.7652
vt 4.3452 0.7577
vt 1.3391 0.7530
vt 1.9311 0.7530
vt 1.9312 0.7456
vt 1.3392 0.7456
vt 1.3182 0.7334
vt 1.9092 0.7334
vt 1.9091 0.7409
vt 1.3181 0.7409
vt 4.5945 -0.3181
vt 4.6982 -0.9091
vt 4.5678 -0.9311
vt 4.4702 -0.3391
vt 4.6982 0.7409
vt 4.6975 0.7334
vt 4.5672 0.7456
vt 4.5678 0.7530
vt 4.6975 -0.9092
vt 4.5938 -0.3182
vt 4.4695 -0.3392
vt 4.5672 -0.9312
vt 4.5938 0.7334
vt 4.5945 0.7409
vt 4.4702 0.7530
vt 4.4695 0.7456
vt 1.3181 0.7409
vt 1.9091 0.7409
vt 1.9092 0.7334
vt 1.3182 0.7334
vt 1.2959 0.7213
vt 1.8858 0.7213
vt 1.8856 0.7287
vt 1.2958 0.7287
vt 4.7188 -0.2958
vt 4.8286 -0.8856
vt 4.6982 -0.9091
vt 4.5945 -0.3181
vt 4.8286 0.7287
vt 4.8279 0.7213
vt 4.6975 0.7334
vt 4.6982 0.7409
vt 4.8279 -0.8858
vt 4.7181 -0.2959
vt 4.5938 -0.3182
vt 4.6975 -0.9092
vt 4.7181 0.7213
vt 4.7188 0.7287
vt 4.5945 0.7409
vt 4.5938 0.7334
vt 1.2958 0.7287
vt 1.8856 0.7287
vt 1.8858 0.7213
vt 1.2959 0.7213
vt 1.2723 0.7091
vt 1.8610 0.7091
vt 1.8608 0.7166
vt 1.2722 0.7166
vt 4.8430 -0.2722
vt 4.9590 -0.8608
vt 4.8286 -0.8856
vt 4.7188 -0.2958
vt 4.9590 0.7166
vt 4.9583 0.7091
vt 4.8279 0.7213
vt 4.8286 0.7287
vt 4.9583 -0.8610
vt 4.8424 -0.2723
vt 4.7181 -0.2959
vt 4.8279 -0.8858
vt 4.8424 0.7091
vt 4.8430 0.7166
vt 4.7188 0.7287
vt 4.7181 0.7213
vt 1.2722 0.7166
vt 1.8608 0.7166
vt 1.8610 0.7091
vt 1.2723 0.7091
vt 1.2473 0.6970
vt 1.8348 0.6970
vt 1.8346 0.7044
vt 1.2472 0.7044
vt 4.9673 -0.2472
vt 5.0894 -0.8346
vt 4.9590 -0.8608
vt 4.8430 -0.2722
vt 5.0894 0.7044
vt 5.0887 0.6970
vt 4.9583 0.7091
vt 4.9590 0.7166
vt 5.0887 -0.8348
vt 4.9667 -0.2473
vt 4.8424 -0.2723
vt 4.9583 -0.8610
vt 4.9667 0.6970
vt 4.9673 0.7044
vt 4.8430 0.7166
vt 4.8424 0.7091
vt 1.2472 0.7044
vt 1.8346 0.7044
vt 1.8348 0.6970
vt 1.2473 0.6970
vt 1.2210 0.6848
vt 1.8072 0.6848
vt 1.8070 0.6923
vt 1.2209 0.6923
vt 5.0916 -0.2209
vt 5.2198 -0.8070
vt 5.0894 -0.8346
vt 4.9673 -0.2472
vt 5.2198 0.6923
vt 5.2191 0.6848
vt 5.0887 0.6970
vt 5.0894 0.7044
vt 5.2191 -0.8072
vt 5.0910 -0.2210
vt 4.9667 -0.2473
vt 5.0887 -0.8348
vt 5.0910 0.6848
vt 5.0916 0.6923
vt 4.9673 0.7044
vt 4.9667 0.6970
vt 1.2209 0.6923
vt 1.8070 0.6923
vt 1.8072 0.6848
vt 1.2210 0.6848
vt 1.1934 0.6727
vt 1.7781 0.6727
vt 1.7780 0.6801
vt 1.1932 0.6801
vt 5.2159 -0.1932
vt 5.3502 -0.7780
vt 5.2198 -0.8070
vt 5.0916 -0.2209
vt 5.3502 0.6801
vt 5.3495 0.6727
vt 5.2191 0.6848
vt 5.2198 0.6923
vt 5.3495 -0.7781
vt 5.2153 -0.1934
vt 5.0910 -0.2210
vt 5.2191 -0.8072
vt 5.2153 0.6727
vt 5.2159 0.6801
vt 5.0916 0.6923
vt 5.0910 0.6848
vt 1.1932 0.6801
vt 1.7780 0.6801
vt 1.7781 0.6727
vt 1.1934 0.6727
vt 1.1643 0.6605
vt 1.7477 0.6605
vt 1.7475 0.6680
vt 1.1642 0.6680
vt 5.3402 -0.1642
vt 5.4806 -0.7475
vt 5.3502 -0.7780
vt 5.2159 -0.1932
vt 5.4806 0.6680
vt 5.4799 0.6605
vt 5.3495 0.6727
vt 5.3502 0.6801
vt 5.4799 -0.7477
vt 5.3396 -0.1643
vt 5.2153 -0.1934
vt 5.3495 -0.7781
vt 5.3396 0.6605
vt 5.3402 0.6680
vt 5.2159 0.6801
vt 5.2153 0.6727
vt 1.1642 0.6680
vt 1.7475 0.6680
vt 1.7477 0.6605
vt 1.1643 0.6605
vt 1.1339 0.6484
vt 1.7158 0.6484
vt 1.7156 0.6558
vt 1.1337 0.6558
vt 5.4645 -0.1337
vt 5.6110 -0.7156
vt 5.4806 -0.7475
vt 5.3402 -0.1642
vt 5.6110 0.6558
vt 5.6104 0.6484
vt 5.4799 0.6605
vt 5.4806 0.6680
vt 5.6104 -0.7158
vt 5.4639 -0.1339
vt 5.3396 -0.1643
vt 5.4799 -0.7477
vt 5.4639 0.6484
vt 5.4645 0.6558
vt 5.3402 0.6680
vt 5.3396 0.6605
vt 1.1337 0.6558
vt 1.7156 0.6558
vt 1.7158 0.6484
vt 1.1339 0.6484
vt 1.1021 0.6362
vt 1.6824 0.6362
vt 1.6822 0.6437
vt 1.1019 0.6437
vt 5.5889 -0.1019
vt 5.7414 -0.6822
vt 5.6110 -0.7156
vt 5.4645 -0.1337
vt 5.7414 0.6437
vt 5.7408 0.6362
vt 5.6104 0.6484
vt 5.6110 0.6558
vt 5.7408 -0.6824
vt 5.5882 -0.1021
vt 5.4639 -0.1339
vt 5.6104 -0.7158
vt 5.5882 0.6362
vt 5.5889 0.6437
vt 5.4645 0.6558
vt 5.4639 0.6484
vn -1.0000 0.0000 0.0000
vn 1.0000 0.0000 -0.0000
vn 0.0000 -1.0000 0.0000
vn 0.0000 -0.0000 1.0000
vn 0.0000 1.0000 0.0000
vn 0.0000 -0.0000 -1.0000
vn -1.0000 0.0000 0.0000
vn 1.0000 0.0000 -0.0000
vn 0.0000 -1.0000 0.0000
vn 0.0000 -0.0000 1.0000
vn 0.0000 1.0000 0.0000
vn 0.0000 -0.0000 -1.0000
vn -1.0000 0.0000 0.0000
vn 1.0000 0.0000 -0.0000
vn 0.0000 -1.0000 0.0000
vn 0.0000 -0.0000 1.0000
vn 0.0000 1.0000 0.0000
vn 0.0000 -0.0000 -1.0000
vn -1.0000 0.0000 0.0000
vn 1.0000 0.0000 -0.0000
vn 0.0000 -1.0000 0.0000
vn 0.0000 -0.0000 1.0000
vn 0.0000 1.0000 0.0000
vn 0.0000 -0.0000 -1.0000
vn -1.0000 0.0000 0.0000
vn 1.0000 0.0000 -0.0000
vn 0.0000 -1.0000 0.0000
vn 0.0000 -0.0000 1.0000
vn 0.0000 1.0000 0.0000
vn 0.0000 -0.0000 -1.0000
vn -1.0000 0.0000 0.0000
vn 1.0000 0.0000 -0.0000
vn 0.0000 -1.0000 0.0000
vn 0.0000 -0.0000 1.0000
vn 0.0000 1.0000 0.0000
vn 0.0000 -0.0000 -1.0000
vn -1.0000 0.0000 0.0000
vn 1.0000 0.0000 -0.0000
vn 0.0000 -1.0000 0.0000
vn 0.0000 -0.0000 1.0000
vn 0.0000 1.0000 0.0000
vn 0.0000 -0.0000 -1.0000
vn -1.0000 0.0000 0.0000
vn 1.0000 0.0000 -0.0000
vn 0.0000 -1.0000 0.0000
vn 0.0000 -0.0000 1.0000
vn 0.0000 1.0000 0.0000
vn 0.0000 -0.0000 -1.0000
vn -1.0000 0.0000 0.0000
vn 1.0000 0.0041 -0.0024
vn 0.0000 -1.0000 -0.0000
vn -0.0000 -0.0000 1.0000
vn 0.0000 1.0000 -0.0000
vn -0.0000 0.0000 -1.0000
vn -1.0000 -0.0041 0.0024
vn 0.9998 0.0170 -0.0102
vn 0.0084 -1.0000 -0.0001
vn 0.0050 -0.0001 1.0000
vn -0.0083 1.0000 0.0001
vn -0.0052 0.0001 -1.0000
vn -0.9998 -0.0170 0.0102
vn 0.9992 0.0339 -0.0203
vn 0.0249 -0.9997 -0.0005
vn 0.0149 -0.0002 0.9999
vn -0.0248 0.9997 0.0005
vn -0.0156 0.0002 -0.9999
vn -0.9992 -0.0339 0.0203
vn 0.9982 0.0509 -0.0305
vn 0.0414 -0.9991 -0.0013
vn 0.0248 -0.0003 0.9997
vn -0.0414 0.9991 0.0013
vn -0.0260 0.0002 -0.9997
vn -0.9982 -0.0509 0.0305
vn 0.9969 0.0678 -0.0406
vn 0.0579 -0.9983 -0.0024
vn 0.0347 -0.0004 0.9994
vn -0.0579 0.9983 0.0024
vn -0.0365 0.0003 -0.9993
vn -0.9969 -0.0678 0.0406
vn 0.9952 0.0841 -0.0507
vn 0.0744 -0.9972 -0.0038
vn 0.0447 -0.0005 0.9990
vn -0.0744 0.9972 0.0038
vn -0.0469 0.0003 -0.9989
vn -0.9952 -0.0841 0.0507
vn 0.9938 0.0933 -0.0608
vn 0.0895 -0.9960 -0.0055
vn 0.0547 -0.0006 0.9985
vn -0.0895 0.9960 0.0055
vn -0.0573 0.0004 -0.9984
vn -0.9938 -0.0933 0.0608
vn 0.9930 0.0948 -0.0709
vn 0.0923 -0.9957 -0.0066
vn 0.0648 -0.0006 0.9979
vn -0.0924 0.9957 0.0066
vn -0.0675 0.0004 -0.9977
vn -0.9930 -0.0948 0.0709
vn 0.9922 0.0947 -0.0810
vn 0.0922 -0.9957 -0.0075
vn 0.0750 -0.0006 0.9972
vn -0.0922 0.9957 0.0075
vn -0.0777 0.0004 -0.9970
vn -0.9922 -0.0947 0.0810
vn 0.9913 0.0946 -0.0911
vn 0.0920 -0.9957 -0.0085
vn 0.0851 -0.0006 0.9964
vn -0.0921 0.9957 0.0085
vn -0.0879 0.0004 -0.9961
vn -0.9913 -0.0946 0.0911
vn 0.9904 0.0945 -0.1013
vn 0.0919 -0.9957 -0.0094
vn 0.0953 -0.0006 0.9954
vn -0.0919 0.9957 0.0094
vn -0.0980 0.0004 -0.9952
vn -0.9904 -0.0945 0.1013
vn 0.9893 0.0944 -0.1114
vn 0.0917 -0.9957 -0.0103
vn 0.1055 -0.0006 0.9944
vn -0.0917 0.9957 0.0103
vn -0.1082 0.0004 -0.9941
vn -0.9893 -0.0944 0.1114
vn 0.9881 0.0943 -0.1215
vn 0.0914 -0.9957 -0.0112
vn 0.1157 -0.0006 0.9933
vn -0.0915 0.9957 0.0113
vn -0.1184 0.0004 -0.9930
vn -0.9881 -0.0943 0.1215
vn 0.9868 0.0942 -0.1317
vn 0.0912 -0.9958 -0.0122
vn 0.1258 -0.0006 0.9920
vn -0.0913 0.9958 0.0122
vn -0.1286 0.0004 -0.9917
vn -0.9868 -0.0942 0.1317
vn 0.9854 0.0941 -0.1418
vn 0.0910 -0.9958 -0.0131
vn 0.1360 -0.0006 0.9907
vn -0.0910 0.9958 0.0131
vn -0.1387 0.0004 -0.9903
vn -0.9854 -0.0941 0.1418
vn 0.9839 0.0939 -0.1519
vn 0.0907 -0.9958 -0.0140
vn 0.1462 -0.0006 0.9893
vn -0.0907 0.9958 0.0140
vn -0.1489 0.0004 -0.9889
vn -0.9839 -0.0939 0.1519
vn 0.9823 0.0938 -0.1621
vn 0.0904 -0.9958 -0.0149
vn 0.1564 -0.0006 0.9877
vn -0.0904 0.9958 0.0149
vn -0.1591 0.0004 -0.9873
vn -0.9823 -0.0938 0.1621
vn 0.9806 0.0936 -0.1722
vn 0.0901 -0.9958 -0.0158
vn 0.1666 -0.0006 0.9860
vn -0.0901 0.9958 0.0158
vn -0.1692 0.0004 -0.9856
vn -0.9806 -0.0936 0.1722
vn 0.9788 0.0934 -0.1823
vn 0.0898 -0.9958 -0.0167
vn 0.1767 -0.0006 0.9843
vn -0.0898 0.9958 0.0167
vn -0.1794 0.0004 -0.9838
vn -0.9788 -0.0934 0.1823
vn 0.9769 0.0932 -0.1924
vn 0.0894 -0.9958 -0.0176
vn 0.1869 -0.0006 0.9824
vn -0.0895 0.9958 0.0176
vn -0.1896 0.0004 -0.9819
vn -0.9769 -0.0932 0.1924
vn 0.9748 0.0931 -0.2026
vn 0.0890 -0.9959 -0.0185
vn 0.1971 -0.0006 0.9804
vn -0.0891 0.9959 0.0185
vn -0.1997 0.0004 -0.9799
vn -0.9748 -0.0931 0.2026
vn 0.9727 0.0928 -0.2127
vn 0.0886 -0.9959 -0.0194
vn 0.2073 -0.0006 0.9783
vn -0.0887 0.9959 0.0194
vn -0.2099 0.0004 -0.9777
vn -0.9727 -0.0928 0.2127
vn 0.9704 0.0926 -0.2228
vn 0.0882 -0.9959 -0.0203
vn 0.2174 -0.0006 0.9761
vn -0.0883 0.9959 0.0203
vn -0.2201 0.0004 -0.9755
vn -0.9704 -0.0926 0.2228
vn 0.9681 0.0924 -0.2330
vn 0.0878 -0.9959 -0.0211
vn 0.2276 -0.0006 0.9738
vn -0.0879 0.9959 0.0211
vn -0.2302 0.0004 -0.9731
vn -0.9681 -0.0924 0.2330
vn 0.9656 0.0922 -0.2431
vn 0.0874 -0.9959 -0.0220
vn 0.2378 -0.0006 0.9713
vn -0.0874 0.9959 0.0220
vn -0.2404 0.0004 -0.9707
vn -0.9656 -0.0922 0.2431
vn 0.9630 0.0919 -0.2532
vn 0.0869 -0.9960 -0.0229
vn 0.2480 -0.0006 0.9688
vn -0.0870 0.9959 0.0229
vn -0.2506 0.0004 -0.9681
vn -0.9630 -0.0919 0.2532
vn 0.9603 0.0917 -0.2634
vn 0.0864 -0.9960 -0.0237
vn 0.2582 -0.0006 0.9661
vn -0.0865 0.9960 0.0237
vn -0.2607 0.0004 -0.9654
vn -0.9603 -0.0917 0.2634
vn 0.9579 0.0914 -0.2722
vn 0.0862 -0.9960 -0.0245
vn 0.2685 -0.0005 0.9633
vn -0.0863 0.9960 0.0245
vn -0.2707 0.0003 -0.9627
vn -0.9579 -0.0914 0.2722
vn 0.9579 0.0914 -0.2722
vn 0.0879 -0.9958 -0.0250
vn 0.2772 0.0004 0.9608
vn -0.0879 0.9958 0.0250
vn -0.2772 -0.0004 -0.9608
vn -0.9579 -0.0914 0.2722
vn 0.9603 0.0917 -0.2634
vn 0.0902 -0.9956 -0.0247
vn 0.2707 0.0006 0.9627
vn -0.0902 0.9956 0.0247
vn -0.2684 -0.0004 -0.9633
vn -0.9603 -0.0917 0.2634
vn 0.9630 0.0919 -0.2532
vn 0.0910 -0.9956 -0.0239
vn 0.2607 0.0006 0.9654
vn -0.0909 0.9956 0.0239
vn -0.2580 -0.0004 -0.9661
vn -0.9630 -0.0919 0.2532
vn 0.9656 0.0922 -0.2431
vn 0.0915 -0.9955 -0.0230
vn 0.2505 0.0006 0.9681
vn -0.0914 0.9955 0.0230
vn -0.2478 -0.0004 -0.9688
vn -0.9656 -0.0922 0.2431
vn 0.9681 0.0924 -0.2330
vn 0.0920 -0.9955 -0.0221
vn 0.2404 0.0006 0.9707
vn -0.0919 0.9955 0.0221
vn -0.2376 -0.0004 -0.9714
vn -0.9681 -0.0924 0.2330
vn 0.9704 0.0926 -0.2228
vn 0.0924 -0.9955 -0.0212
vn 0.2302 0.0006 0.9731
vn -0.0924 0.9955 0.0212
vn -0.2275 -0.0003 -0.9738
vn -0.9704 -0.0926 0.2228
vn 0.9727 0.0928 -0.2127
vn 0.0929 -0.9955 -0.0203
vn 0.2200 0.0006 0.9755
vn -0.0928 0.9955 0.0203
vn -0.2173 -0.0003 -0.9761
vn -0.9727 -0.0928 0.2127
vn 0.9748 0.0931 -0.2026
vn 0.0933 -0.9955 -0.0194
vn 0.2099 0.0006 0.9777
vn -0.0932 0.9955 0.0194
vn -0.2071 -0.0003 -0.9783
vn -0.9748 -0.0931 0.2026
vn 0.9769 0.0932 -0.1924
vn 0.0937 -0.9954 -0.0185
vn 0.1997 0.0006 0.9799
vn -0.0936 0.9954 0.0184
vn -0.1969 -0.0003 -0.9804
vn -0.9769 -0.0932 0.1924
vn 0.9788 0.0934 -0.1823
vn 0.0941 -0.9954 -0.0175
vn 0.1895 0.0006 0.9819
vn -0.0940 0.9954 0.0175
vn -0.1868 -0.0003 -0.9824
vn -0.9788 -0.0934 0.1823
vn 0.9806 0.0936 -0.1722
vn 0.0944 -0.9954 -0.0166
vn 0.1794 0.0006 0.9838
vn -0.0944 0.9954 0.0166
vn -0.1766 -0.0003 -0.9843
vn -0.9806 -0.0936 0.1722
vn 0.9823 0.0938 -0.1621
vn 0.0947 -0.9954 -0.0156
vn 0.1692 0.0006 0.9856
vn -0.0947 0.9954 0.0156
vn -0.1664 -0.0003 -0.9861
vn -0.9823 -0.0938 0.1621
vn 0.9839 0.0939 -0.1519
vn 0.0951 -0.9954 -0.0147
vn 0.1590 0.0006 0.9873
vn -0.0950 0.9954 0.0147
vn -0.1562 -0.0003 -0.9877
vn -0.9839 -0.0939 0.1519
vn 0.9854 0.0941 -0.1418
vn 0.0954 -0.9953 -0.0137
vn 0.1489 0.0006 0.9889
vn -0.0953 0.9954 0.0137
vn -0.1460 -0.0003 -0.9893
vn -0.9854 -0.0941 0.1418
vn 0.9868 0.0942 -0.1317
vn 0.0956 -0.9953 -0.0128
vn 0.1387 0.0006 0.9903
vn -0.0956 0.9953 0.0128
vn -0.1359 -0.0003 -0.9907
vn -0.9868 -0.0942 0.1317
vn 0.9881 0.0943 -0.1215
vn 0.0959 -0.9953 -0.0118
vn 0.1285 0.0006 0.9917
vn -0.0958 0.9953 0.0118
vn -0.1257 -0.0003 -0.9921
vn -0.9881 -0.0943 0.1215
vn 0.9893 0.0944 -0.1114
vn 0.0961 -0.9953 -0.0108
vn 0.1184 0.0006 0.9930
vn -0.0961 0.9953 0.0108
vn -0.1155 -0.0003 -0.9933
vn -0.9893 -0.0944 0.1114
vn 0.9904 0.0945 -0.1013
vn 0.0963 -0.9953 -0.0099
vn 0.1082 0.0006 0.9941
vn -0.0963 0.9953 0.0098
vn -0.1053 -0.0003 -0.9944
vn -0.9904 -0.0945 0.1013
vn 0.9913 0.0946 -0.0911
vn 0.0965 -0.9953 -0.0089
vn 0.0980 0.0006 0.9952
vn -0.0965 0.9953 0.0089
vn -0.0952 -0.0003 -0.9955
vn -0.9913 -0.0946 0.0911
vn 0.9922 0.0947 -0.0810
vn 0.0967 -0.9953 -0.0079
vn 0.0879 0.0006 0.9961
vn -0.0967 0.9953 0.0079
vn -0.0850 -0.0003 -0.9964
vn -0.9922 -0.0947 0.0810
vn 0.9930 0.0948 -0.0709
vn 0.0969 -0.9953 -0.0069
vn 0.0777 0.0006 0.9970
vn -0.0968 0.9953 0.0069
vn -0.0748 -0.0003 -0.9972
vn -0.9930 -0.0948 0.0709
vn 0.9938 0.0933 -0.0608
vn 0.0970 -0.9953 -0.0059
vn 0.0675 0.0006 0.9977
vn -0.0969 0.9953 0.0059
vn -0.0646 -0.0003 -0.9979
vn -0.9938 -0.0933 0.0608
vn 0.9952 0.0841 -0.0507
vn 0.0941 -0.9956 -0.0048
vn 0.0572 0.0005 0.9984
vn -0.0939 0.9956 0.0048
vn -0.0545 -0.0003 -0.9985
vn -0.9952 -0.0841 0.0507
vn 0.9969 0.0678 -0.0406
vn 0.0782 -0.9969 -0.0032
vn 0.0469 0.0004 0.9989
vn -0.0780 0.9969 0.0032
vn -0.0446 -0.0003 -0.9990
vn -0.9969 -0.0678 0.0406
vn 0.9982 0.0509 -0.0305
vn 0.0609 -0.9981 -0.0019
vn 0.0365 0.0003 0.9993
vn -0.0607 0.9982 0.0019
vn -0.0347 -0.0002 -0.9994
vn -0.9982 -0.0509 0.0305
vn 0.9992 0.0339 -0.0203
vn 0.0435 -0.9991 -0.0009
vn 0.0261 0.0002 0.9997
vn -0.0434 0.9991 0.0009
vn -0.0248 -0.0001 -0.9997
vn -0.9992 -0.0339 0.0203
vn 0.9998 0.0170 -0.0102
vn 0.0261 -0.9997 -0.0003
vn 0.0156 0.0001 0.9999
vn -0.0261 0.9997 0.0003
vn -0.0149 -0.0001 -0.9999
vn -0.9998 -0.0170 0.0102
vn 1.0000 0.0085 -0.0051
vn 0.0085 -1.0000 -0.0000
vn 0.0052 0.0000 1.0000
vn -0.0086 1.0000 0.0000
vn -0.0049 0.0000 -1.0000
vn -1.0000 0.0000 0.0000
vn 1.0000 0.0000 -0.0000
vn 0.0000 -1.0000 0.0000
vn 0.0000 -0.0000 1.0000
vn 0.0000 1.0000 0.0000
vn 0.0000 -0.0000 -1.0000
vn -1.0000 0.0000 0.0000
vn 1.0000 0.0000 -0.0000
vn 0.0000 -1.0000 0.0000
vn 0.0000 -0.0000 1.0000
vn 0.0000 1.0000 0.0000
vn 0.0000 -0.0000 -1.0000
vn -1.0000 0.0000 0.0000
vn 1.0000 0.0000 -0.0000
vn 0.0000 -1.0000 0.0000
vn 0.0000 -0.0000 1.0000
vn 0.0000 1.0000 0.0000
vn 0.0000 -0.0000 -1.0000
vn -1.0000 0.0000 0.0000
vn 1.0000 0.0000 -0.0000
vn 0.0000 -1.0000 0.0000
vn 0.0000 -0.0000 1.0000
vn 0.0000 1.0000 0.0000
vn 0.0000 -0.0000 -1.0000
vn -1.0000 0.0000 0.0000
vn 1.0000 0.0000 -0.0000
vn 0.0000 -1.0000 0.0000
vn 0.0000 -0.0000 1.0000
vn 0.0000 1.0000 0.0000
vn 0.0000 -0.0000 -1.0000
vn -1.0000 0.0000 0.0000
vn 1.0000 0.0000 -0.0000
vn 0.0000 -1.0000 0.0000
vn 0.0000 -0.0000 1.0000
vn 0.0000 1.0000 0.0000
vn 0.0000 -0.0000 -1.0000
vn -1.0000 0.0000 0.0000
vn 1.0000 0.0000 -0.0000
vn 0.0000 -1.0000 0.0000
vn 0.0000 -0.0000 1.0000
vn 0.0000 1.0000 0.0000
vn 0.0000 -0.0000 -1.0000
vn -1.0000 0.0000 0.0000
vn 1.0000 0.0000 -0.0000
vn 0.0000 -1.0000 0.0000
vn 0.0000 -0.0000 1.0000
vn 0.0000 1.0000 0.0000
vn 0.0000 -0.0000 -1.0000
vn -1.0000 0.0000 0.0000
vn 1.0000 0.0041 -0.0024
vn 0.0000 -1.0000 -0.0000
vn -0.0000 -0.0000 1.0000
vn 0.0000 1.0000 -0.0000
vn -0.0000 0.0000 -1.0000
vn -1.0000 -0.0041 0.0024
vn 0.9998 0.0170 -0.0102
vn 0.0087 -1.0000 -0.0001
vn 0.0049 -0.0001 1.0000
vn -0.0086 1.0000 0.0001
vn -0.0052 0.0001 -1.0000
vn -0.9998 -0.0170 0.0102
vn 0.9992 0.0339 -0.0203
vn 0.0261 -0.9997 -0.0005
vn 0.0149 -0.0002 0.9999
vn -0.0261 0.9997 0.0005
vn -0.0156 0.0002 -0.9999
vn -0.9992 -0.0339 0.0203
vn 0.9982 0.0509 -0.0305
vn 0.0434 -0.9991 -0.0013
vn 0.0248 -0.0003 0.9997
vn -0.0435 0.9991 0.0013
vn -0.0261 0.0002 -0.9997
vn -0.9982 -0.0509 0.0305
vn 0.9969 0.0678 -0.0406
vn 0.0607 -0.9982 -0.0025
vn 0.0347 -0.0004 0.9994
vn -0.0608 0.9981 0.0025
vn -0.0365 0.0003 -0.9993
vn -0.9969 -0.0678 0.0406
vn 0.9952 0.0841 -0.0507
vn 0.0780 -0.9969 -0.0040
vn 0.0446 -0.0005 0.9990
vn -0.0782 0.9969 0.0040
vn -0.0469 0.0003 -0.9989
vn -0.9952 -0.0841 0.0507
vn 0.9938 0.0933 -0.0608
vn 0.0938 -0.9956 -0.0057
vn 0.0546 -0.0006 0.9985
vn -0.0940 0.9956 0.0057
vn -0.0573 0.0003 -0.9984
vn -0.9938 -0.0933 0.0608
vn 0.9930 0.0948 -0.0709
vn 0.0969 -0.9953 -0.0069
vn 0.0647 -0.0006 0.9979
vn -0.0969 0.9953 0.0069
vn -0.0676 0.0003 -0.9977
vn -0.9930 -0.0948 0.0709
vn 0.9922 0.0947 -0.0810
vn 0.0967 -0.9953 -0.0079
vn 0.0749 -0.0006 0.9972
vn -0.0968 0.9953 0.0079
vn -0.0778 0.0003 -0.9970
vn -0.9922 -0.0947 0.0810
vn 0.9913 0.0946 -0.0911
vn 0.0966 -0.9953 -0.0089
vn 0.0851 -0.0006 0.9964
vn -0.0966 0.9953 0.0089
vn -0.0879 0.0003 -0.9961
vn -0.9913 -0.0946 0.0911
vn 0.9904 0.0945 -0.1013
vn 0.0964 -0.9953 -0.0099
vn 0.0953 -0.0006 0.9955
vn -0.0964 0.9953 0.0099
vn -0.0981 0.0003 -0.9952
vn -0.9904 -0.0945 0.1013
vn 0.9893 0.0944 -0.1114
vn 0.0962 -0.9953 -0.0108
vn 0.1054 -0.0006 0.9944
vn -0.0962 0.9953 0.0108
vn -0.1083 0.0003 -0.9941
vn -0.9893 -0.0944 0.1114
vn 0.9881 0.0943 -0.1215
vn 0.0960 -0.9953 -0.0118
vn 0.1156 -0.0006 0.9933
vn -0.0960 0.9953 0.0118
vn -0.1185 0.0003 -0.9930
vn -0.9881 -0.0943 0.1215
vn 0.9868 0.0942 -0.1317
vn 0.0957 -0.9953 -0.0128
vn 0.1258 -0.0006 0.9921
vn -0.0958 0.9953 0.0128
vn -0.1286 0.0003 -0.9917
vn -0.9868 -0.0942 0.1317
vn 0.9854 0.0941 -0.1418
vn 0.0954 -0.9953 -0.0137
vn 0.1360 -0.0006 0.9907
vn -0.0955 0.9953 0.0137
vn -0.1388 0.0003 -0.9903
vn -0.9854 -0.0941 0.1418
vn 0.9839 0.0939 -0.1519
vn 0.0952 -0.9954 -0.0147
vn 0.1461 -0.0006 0.9893
vn -0.0952 0.9953 0.0147
vn -0.1490 0.0003 -0.9888
vn -0.9839 -0.0939 0.1519
vn 0.9823 0.0938 -0.1621
vn 0.0948 -0.9954 -0.0156
vn 0.1563 -0.0006 0.9877
vn -0.0949 0.9954 0.0157
vn -0.1591 0.0003 -0.9873
vn -0.9823 -0.0938 0.1621
vn 0.9806 0.0936 -0.1722
vn 0.0945 -0.9954 -0.0166
vn 0.1665 -0.0006 0.9860
vn -0.0946 0.9954 0.0166
vn -0.1693 0.0003 -0.9856
vn -0.9806 -0.0936 0.1722
vn 0.9788 0.0934 -0.1823
vn 0.0942 -0.9954 -0.0175
vn 0.1767 -0.0006 0.9843
vn -0.0942 0.9954 0.0176
vn -0.1795 0.0003 -0.9838
vn -0.9788 -0.0934 0.1823
vn 0.9769 0.0932 -0.1924
vn 0.0938 -0.9954 -0.0185
vn 0.1868 -0.0006 0.9824
vn -0.0939 0.9954 0.0185
vn -0.1896 0.0003 -0.9819
vn -0.9769 -0.0932 0.1924
vn 0.9748 0.0931 -0.2026
vn 0.0934 -0.9954 -0.0194
vn 0.1970 -0.0006 0.9804
vn -0.0935 0.9954 0.0194
vn -0.1998 0.0003 -0.9798
vn -0.9748 -0.0931 0.2026
vn 0.9727 0.0928 -0.2127
vn 0.0930 -0.9955 -0.0203
vn 0.2072 -0.0006 0.9783
vn -0.0931 0.9955 0.0204
vn -0.2100 0.0003 -0.9777
vn -0.9727 -0.0928 0.2127
vn 0.9704 0.0926 -0.2228
vn 0.0926 -0.9955 -0.0213
vn 0.2174 -0.0006 0.9761
vn -0.0926 0.9955 0.0213
vn -0.2201 0.0004 -0.9755
vn -0.9704 -0.0926 0.2228
vn 0.9681 0.0924 -0.2330
vn 0.0921 -0.9955 -0.0222
vn 0.2276 -0.0006 0.9738
vn -0.0922 0.9955 0.0222
vn -0.2303 0.0004 -0.9731
vn -0.9681 -0.0924 0.2330
vn 0.9656 0.0922 -0.2431
vn 0.0917 -0.9955 -0.0231
vn 0.2377 -0.0006 0.9713
vn -0.0917 0.9955 0.0231
vn -0.2405 0.0004 -0.9707
vn -0.9656 -0.0922 0.2431
vn 0.9630 0.0919 -0.2532
vn 0.0912 -0.9955 -0.0240
vn 0.2479 -0.0006 0.9688
vn -0.0912 0.9955 0.0240
vn -0.2506 0.0004 -0.9681
vn -0.9630 -0.0919 0.2532
vn 0.9603 0.0917 -0.2634
vn 0.0907 -0.9956 -0.0249
vn 0.2581 -0.0006 0.9661
vn -0.0907 0.9956 0.0249
vn -0.2608 0.0004 -0.9654
vn -0.9603 -0.0917 0.2634
vn 0.9579 0.0914 -0.2722
vn 0.0899 -0.9956 -0.0256
vn 0.2684 -0.0005 0.9633
vn -0.0900 0.9956 0.0256
vn -0.2708 0.0002 -0.9626
vn -0.9579 -0.0914 0.2722
vn 0.9579 0.0914 -0.2722
vn 0.0879 -0.9958 -0.0250
vn 0.2772 0.0004 0.9608
vn -0.0879 0.9958 0.0250
vn -0.2772 -0.0004 -0.9608
vn -0.9579 -0.0914 0.2722
vn 0.9603 0.0917 -0.2634
vn 0.0865 -0.9960 -0.0237
vn 0.2706 0.0006 0.9627
vn -0.0864 0.9960 0.0237
vn -0.2684 -0.0004 -0.9633
vn -0.9603 -0.0917 0.2634
vn 0.9630 0.0919 -0.2532
vn 0.0867 -0.9960 -0.0228
vn 0.2606 0.0006 0.9654
vn -0.0867 0.9960 0.0228
vn -0.2581 -0.0004 -0.9661
vn -0.9630 -0.0919 0.2532
vn 0.9656 0.0922 -0.2431
vn 0.0872 -0.9959 -0.0220
vn 0.2505 0.0006 0.9681
vn -0.0871 0.9960 0.0219
vn -0.2479 -0.0004 -0.9688
vn -0.9656 -0.0922 0.2431
vn 0.9681 0.0924 -0.2330
vn 0.0876 -0.9959 -0.0211
vn 0.2403 0.0006 0.9707
vn -0.0876 0.9959 0.0211
vn -0.2377 -0.0004 -0.9713
vn -0.9681 -0.0924 0.2330
vn 0.9704 0.0926 -0.2228
vn 0.0881 -0.9959 -0.0202
vn 0.2301 0.0006 0.9732
vn -0.0880 0.9959 0.0202
vn -0.2275 -0.0004 -0.9738
vn -0.9704 -0.0926 0.2228
vn 0.9727 0.0928 -0.2127
vn 0.0885 -0.9959 -0.0194
vn 0.2200 0.0006 0.9755
vn -0.0884 0.9959 0.0193
vn -0.2174 -0.0004 -0.9761
vn -0.9727 -0.0928 0.2127
vn 0.9748 0.0931 -0.2026
vn 0.0889 -0.9959 -0.0185
vn 0.2098 0.0006 0.9777
vn -0.0888 0.9959 0.0185
vn -0.2072 -0.0004 -0.9783
vn -0.9748 -0.0931 0.2026
vn 0.9769 0.0932 -0.1924
vn 0.0893 -0.9959 -0.0176
vn 0.1996 0.0006 0.9799
vn -0.0892 0.9959 0.0176
vn -0.1970 -0.0004 -0.9804
vn -0.9769 -0.0932 0.1924
vn 0.9788 0.0934 -0.1823
vn 0.0896 -0.9958 -0.0167
vn 0.1895 0.0006 0.9819
vn -0.0896 0.9958 0.0167
vn -0.1868 -0.0004 -0.9824
vn -0.9788 -0.0934 0.1823
vn 0.9806 0.0936 -0.1722
vn 0.0900 -0.9958 -0.0158
vn 0.1793 0.0006 0.9838
vn -0.0899 0.9958 0.0158
vn -0.1766 -0.0004 -0.9843
vn -0.9806 -0.0936 0.1722
vn 0.9823 0.0938 -0.1621
vn 0.0903 -0.9958 -0.0149
vn 0.1691 0.0006 0.9856
vn -0.0902 0.9958 0.0149
vn -0.1665 -0.0004 -0.9860
vn -0.9823 -0.0938 0.1621
vn 0.9839 0.0939 -0.1519
vn 0.0906 -0.9958 -0.0140
vn 0.1590 0.0006 0.9873
vn -0.0905 0.9958 0.0140
vn -0.1563 -0.0004 -0.9877
vn -0.9839 -0.0939 0.1519
vn 0.9854 0.0941 -0.1418
vn 0.0909 -0.9958 -0.0131
vn 0.1488 0.0006 0.9889
vn -0.0908 0.9958 0.0131
vn -0.1461 -0.0004 -0.9893
vn -0.9854 -0.0941 0.1418
vn 0.9868 0.0942 -0.1317
vn 0.0911 -0.9958 -0.0122
vn 0.1386 0.0006 0.9903
vn -0.0911 0.9958 0.0122
vn -0.1359 -0.0004 -0.9907
vn -0.9868 -0.0942 0.1317
vn 0.9881 0.0943 -0.1215
vn 0.0914 -0.9958 -0.0112
vn 0.1285 0.0006 0.9917
vn -0.0913 0.9958 0.0112
vn -0.1258 -0.0004 -0.9921
vn -0.9881 -0.0943 0.1215
vn 0.9893 0.0944 -0.1114
vn 0.0916 -0.9957 -0.0103
vn 0.1183 0.0006 0.9930
vn -0.0916 0.9957 0.0103
vn -0.1156 -0.0004 -0.9933
vn -0.9893 -0.0944 0.1114
vn 0.9904 0.0945 -0.1013
vn 0.0918 -0.9957 -0.0094
vn 0.1081 0.0006 0.9941
vn -0.0918 0.9957 0.0094
vn -0.1054 -0.0004 -0.9944
vn -0.9904 -0.0945 0.1013
vn 0.9913 0.0946 -0.0911
vn 0.0920 -0.9957 -0.0085
vn 0.0980 0.0006 0.9952
vn -0.0919 0.9957 0.0085
vn -0.0952 -0.0004 -0.9955
vn -0.9913 -0.0946 0.0911
vn 0.9922 0.0947 -0.0810
vn 0.0922 -0.9957 -0.0075
vn 0.0878 0.0006 0.9961
vn -0.0921 0.9957 0.0075
vn -0.0851 -0.0004 -0.9964
vn -0.9922 -0.0947 0.0810
vn 0.9930 0.0948 -0.0709
vn 0.0923 -0.9957 -0.0066
vn 0.0776 0.0006 0.9970
vn -0.0923 0.9957 0.0066
vn -0.0749 -0.0004 -0.9972
vn -0.9930 -0.0948 0.0709
vn 0.9938 0.0933 -0.0608
vn 0.0924 -0.9957 -0.0057
vn 0.0674 0.0006 0.9977
vn -0.0924 0.9957 0.0057
vn -0.0647 -0.0003 -0.9979
vn -0.9938 -0.0933 0.0608
vn 0.9952 0.0841 -0.0507
vn 0.0896 -0.9960 -0.0046
vn 0.0572 0.0005 0.9984
vn -0.0895 0.9960 0.0046
vn -0.0546 -0.0003 -0.9985
vn -0.9952 -0.0841 0.0507
vn 0.9969 0.0678 -0.0406
vn 0.0744 -0.9972 -0.0030
vn 0.0468 0.0004 0.9989
vn -0.0744 0.9972 0.0030
vn -0.0446 -0.0003 -0.9990
vn -0.9969 -0.0678 0.0406
vn 0.9982 0.0509 -0.0305
vn 0.0579 -0.9983 -0.0018
vn 0.0364 0.0003 0.9993
vn -0.0579 0.9983 0.0018
vn -0.0347 -0.0002 -0.9994
vn -0.9982 -0.0509 0.0305
vn 0.9992 0.0339 -0.0203
vn 0.0414 -0.9991 -0.0008
vn 0.0260 0.0002 0.9997
vn -0.0414 0.9991 0.0008
vn -0.0248 -0.0002 -0.9997
vn -0.9992 -0.0339 0.0203
vn 0.9998 0.0170 -0.0102
vn 0.0248 -0.9997 -0.0003
vn 0.0156 0.0001 0.9999
vn -0.0249 0.9997 0.0003
vn -0.0149 -0.0001 -0.9999
vn -0.9998 -0.0170 0.0102
vn 1.0000 0.0085 -0.0051
vn 0.0083 -1.0000 -0.0000
vn 0.0052 0.0000 1.0000
vn -0.0084 1.0000 0.0000
vn -0.0050 0.0000 -1.0000
vn -1.0000 0.0000 0.0000
vn 1.0000 0.0000 -0.0000
vn 0.0000 -1.0000 0.0000
vn 0.0000 -0.0000 1.0000
vn 0.0000 1.0000 0.0000
vn 0.0000 -0.0000 -1.0000
vn -1.0000 0.0000 0.0000
vn 1.0000 0.0000 -0.0000
vn 0.0000 -1.0000 0.0000
vn 0.0000 -0.0000 1.0000
vn 0.0000 1.0000 0.0000
vn 0.0000 -0.0000 -1.0000
vn -1.0000 0.0000 0.0000
vn 1.0000 0.0000 -0.0000
vn 0.0000 -1.0000 0.0000
vn 0.0000 -0.0000 1.0000
vn 0.0000 1.0000 0.0000
vn 0.0000 -0.0000 -1.0000
vn -1.0000 0.0000 0.0000
vn 1.0000 0.0000 -0.0000
vn 0.0000 -1.0000 0.0000
vn 0.0000 -0.0000 1.0000
vn 0.0000 1.0000 0.0000
vn 0.0000 -0.0000 -1.0000
vn -1.0000 0.0000 0.0000
vn 1.0000 0.0000 -0.0000
vn 0.0000 -1.0000 0.0000
vn 0.0000 -0.0000 1.0000
vn 0.0000 1.0000 0.0000
vn 0.0000 -0.0000 -1.0000
vn -1.0000 0.0000 0.0000
vn 1.0000 0.0000 -0.0000
vn 0.0000 -1.0000 0.0000
vn 0.0000 -0.0000 1.0000
vn 0.0000 1.0000 0.0000
vn 0.0000 -0.0000 -1.0000
vn -1.0000 0.0000 0.0000
vn 1.0000 0.0000 -0.0000
vn 0.0000 -1.0000 0.0000
vn 0.0000 -0.0000 1.0000
vn 0.0000 1.0000 0.0000
vn 0.0000 -0.0000 -1.0000
vn -1.0000 0.0000 0.0000
vn 1.0000 0.0000 -0.0000
vn 0.0000 -1.0000 0.0000
vn 0.0000 -0.0000 1.0000
vn 0.0000 1.0000 0.0000
vn 0.0000 -0.0000 -1.0000
vn -1.0000 0.0000 0.0000
vn 1.0000 0.0041 -0.0024
vn -0.0000 -1.0000 0.0000
vn -0.0000 -0.0000 1.0000
vn 0.0000 1.0000 -0.0000
vn 0.0000 0.0000 -1.0000
vn -1.0000 -0.0041 0.0024
vn 0.9998 0.0170 -0.0102
vn 0.0083 -1.0000 -0.0001
vn 0.0050 -0.0001 1.0000
vn -0.0086 1.0000 0.0001
vn -0.0049 0.0001 -1.0000
vn -0.9998 -0.0170 0.0102
vn 0.9992 0.0339 -0.0203
vn 0.0248 -0.9997 -0.0005
vn 0.0149 -0.0002 0.9999
vn -0.0261 0.9997 0.0005
vn -0.0149 0.0002 -0.9999
vn -0.9992 -0.0339 0.0203
vn 0.9982 0.0509 -0.0305
vn 0.0414 -0.9991 -0.0013
vn 0.0248 -0.0003 0.9997
vn -0.0435 0.9991 0.0013
vn -0.0248 0.0003 -0.9997
vn -0.9982 -0.0509 0.0305
vn 0.9969 0.0678 -0.0406
vn 0.0579 -0.9983 -0.0024
vn 0.0347 -0.0004 0.9994
vn -0.0608 0.9981 0.0025
vn -0.0347 0.0004 -0.9994
vn -0.9969 -0.0678 0.0406
vn 0.9952 0.0841 -0.0507
vn 0.0744 -0.9972 -0.0038
vn 0.0446 -0.0005 0.9990
vn -0.0781 0.9969 0.0040
vn -0.0446 0.0005 -0.9990
vn -0.9952 -0.0841 0.0507
vn 0.9938 0.0933 -0.0608
vn 0.0895 -0.9960 -0.0055
vn 0.0546 -0.0006 0.9985
vn -0.0940 0.9956 0.0057
vn -0.0546 0.0006 -0.9985
vn -0.9938 -0.0933 0.0608
vn 0.9930 0.0948 -0.0709
vn 0.0924 -0.9957 -0.0066
vn 0.0647 -0.0006 0.9979
vn -0.0969 0.9953 0.0069
vn -0.0647 0.0006 -0.9979
vn -0.9930 -0.0948 0.0709
vn 0.9922 0.0947 -0.0810
vn 0.0922 -0.9957 -0.0075
vn 0.0749 -0.0006 0.9972
vn -0.0967 0.9953 0.0079
vn -0.0749 0.0006 -0.9972
vn -0.9922 -0.0947 0.0810
vn 0.9913 0.0946 -0.0911
vn 0.0921 -0.9957 -0.0085
vn 0.0851 -0.0006 0.9964
vn -0.0966 0.9953 0.0089
vn -0.0851 0.0006 -0.9964
vn -0.9913 -0.0946 0.0911
vn 0.9904 0.0945 -0.1013
vn 0.0919 -0.9957 -0.0094
vn 0.0953 -0.0006 0.9955
vn -0.0964 0.9953 0.0099
vn -0.0953 0.0006 -0.9955
vn -0.9904 -0.0945 0.1013
vn 0.9893 0.0944 -0.1114
vn 0.0917 -0.9957 -0.0103
vn 0.1054 -0.0006 0.9944
vn -0.0962 0.9953 0.0108
vn -0.1054 0.0006 -0.9944
vn -0.9893 -0.0944 0.1114
vn 0.9881 0.0943 -0.1215
vn 0.0915 -0.9957 -0.0113
vn 0.1156 -0.0006 0.9933
vn -0.0960 0.9953 0.0118
vn -0.1156 0.0006 -0.9933
vn -0.9881 -0.0943 0.1215
vn 0.9868 0.0942 -0.1317
vn 0.0913 -0.9958 -0.0122
vn 0.1258 -0.0006 0.9921
vn -0.0957 0.9953 0.0128
vn -0.1258 0.0006 -0.9921
vn -0.9868 -0.0942 0.1317
vn 0.9854 0.0941 -0.1418
vn 0.0910 -0.9958 -0.0131
vn 0.1360 -0.0006 0.9907
vn -0.0954 0.9953 0.0137
vn -0.1360 0.0006 -0.9907
vn -0.9854 -0.0941 0.1418
vn 0.9839 0.0939 -0.1519
vn 0.0907 -0.9958 -0.0140
vn 0.1461 -0.0006 0.9893
vn -0.0952 0.9954 0.0147
vn -0.1461 0.0006 -0.9893
vn -0.9839 -0.0939 0.1519
vn 0.9823 0.0938 -0.1621
vn 0.0904 -0.9958 -0.0149
vn 0.1563 -0.0006 0.9877
vn -0.0948 0.9954 0.0156
vn -0.1563 0.0006 -0.9877
vn -0.9823 -0.0938 0.1621
vn 0.9806 0.0936 -0.1722
vn 0.0901 -0.9958 -0.0158
vn 0.1665 -0.0006 0.9860
vn -0.0945 0.9954 0.0166
vn -0.1665 0.0006 -0.9860
vn -0.9806 -0.0936 0.1722
vn 0.9788 0.0934 -0.1823
vn 0.0898 -0.9958 -0.0167
vn 0.1767 -0.0006 0.9843
vn -0.0942 0.9954 0.0175
vn -0.1767 0.0006 -0.9843
vn -0.9788 -0.0934 0.1823
vn 0.9769 0.0932 -0.1924
vn 0.0895 -0.9958 -0.0176
vn 0.1869 -0.0006 0.9824
vn -0.0938 0.9954 0.0185
vn -0.1868 0.0006 -0.9824
vn -0.9769 -0.0932 0.1924
vn 0.9748 0.0931 -0.2026
vn 0.0891 -0.9959 -0.0185
vn 0.1970 -0.0006 0.9804
vn -0.0934 0.9954 0.0194
vn -0.1970 0.0006 -0.9804
vn -0.9748 -0.0931 0.2026
vn 0.9727 0.0928 -0.2127
vn 0.0887 -0.9959 -0.0194
vn 0.2072 -0.0006 0.9783
vn -0.0930 0.9955 0.0203
vn -0.2072 0.0006 -0.9783
vn -0.9727 -0.0928 0.2127
vn 0.9704 0.0926 -0.2228
vn 0.0883 -0.9959 -0.0203
vn 0.2174 -0.0006 0.9761
vn -0.0926 0.9955 0.0213
vn -0.2174 0.0006 -0.9761
vn -0.9704 -0.0926 0.2228
vn 0.9681 0.0924 -0.2330
vn 0.0879 -0.9959 -0.0211
vn 0.2276 -0.0006 0.9738
vn -0.0921 0.9955 0.0222
vn -0.2276 0.0006 -0.9738
vn -0.9681 -0.0924 0.2330
vn 0.9656 0.0922 -0.2431
vn 0.0874 -0.9959 -0.0220
vn 0.2377 -0.0006 0.9713
vn -0.0917 0.9955 0.0231
vn -0.2377 0.0006 -0.9713
vn -0.9656 -0.0922 0.2431
vn 0.9630 0.0919 -0.2532
vn 0.0870 -0.9959 -0.0229
vn 0.2479 -0.0006 0.9688
vn -0.0912 0.9955 0.0240
vn -0.2479 0.0006 -0.9688
f 1/1/1 2/2/1 3/3/1 4/4/1
f 8/5/2 7/6/2 6/7/2 5/8/2
f 5/9/3 6/10/3 2/11/3 1/12/3
f 6/13/4 7/14/4 3/15/4 2/16/4
f 7/17/5 8/18/5 4/19/5 3/20/5
f 8/21/6 5/22/6 1/23/6 4/24/6
f 9/25/7 10/26/7 11/27/7 12/28/7
f 16/29/8 15/30/8 14/31/8 13/32/8
f 13/33/9 14/34/9 10/35/9 9/36/9
f 14/37/10 15/38/10 11/39/10 10/40/10
f 15/41/11 16/42/11 12/43/11 11/44/11
f 16/45/12 13/46/12 9/47/12 12/48/12
f 17/49/13 18/50/13 19/51/13 20/52/13
f 24/53/14 23/54/14 22/55/14 21/56/14
f 21/57/15 22/58/15 18/59/15 17/60/15
f 22/61/16 23/62/16 19/63/16 18/64/16
f 23/65/17 24/66/17 20/67/17 19/68/17
f 24/69/18 21/70/18 17/71/18 20/72/18
f 25/73/19 26/74/19 27/75/19 28/76/19
f 32/77/20 31/78/20 30/79/20 29/80/20
f 29/81/21 30/82/21 26/83/21 25/84/21
f 30/85/22 31/86/22 27/87/22 26/88/22
f 31/89/23 32/90/23 28/91/23 27/92/23
f 32/93/24 29/94/24 25/95/24 28/96/24
f 33/97/25 34/98/25 35/99/25 36/100/25
f 40/101/26 39/102/26 38/103/26 37/104/26
f 37/105/27 38/106/27 34/107/27 33/108/27
f 38/109/28 39/110/28 35/111/28 34/112/28
f 39/113/29 40/114/29 36/115/29 35/116/29
f 40/117/30 37/118/30 33/119/30 36/120/30
f 41/121/31 42/122/31 43/123/31 44/124/31
f 48/125/32 47/126/32 46/127/32 45/128/32
f 45/129/33 46/130/33 42/131/33 41/132/33
f 46/133/34 47/134/34 43/135/34 42/136/34
f 47/137/35 48/138/35 44/139/35 43/140/35
f 48/141/36 45/142/36 41/143/36 44/144/36
f 49/145/37 50/146/37 51/147/37 52/148/37
f 56/149/38 55/150/38 54/151/38 53/152/38
f 53/153/39 54/154/39 50/155/39 49/156/39
f 54/157/40 55/158/40 51/159/40 50/160/40
f 55/161/41 56/162/41 52/163/41 51/164/41
f 56/165/42 53/166/42 49/167/42 52/168/42
f 57/169/43 58/170/43 59/171/43 60/172/43
f 64/173/44 63/174/44 62/175/44 61/176/44
f 61/177/45 62/178/45 58/179/45 57/180/45
f 62/181/46 63/182/46 59/183/46 58/184/46
f 63/185/47 64/186/47 60/187/47 59/188/47
f 64/189/48 61/190/48 57/191/48 60/192/48
f 65/193/49 66/194/49 67/195/49 68/196/49
f 72/197/50 71/198/50 70/199/50 69/200/50
f 69/201/51 70/202/51 66/203/51 65/204/51
f 70/205/52 71/206/52 67/207/52 66/208/52
f 71/209/53 72/210/53 68/211/53 67/212/53
f 72/213/54 69/214/54 65/215/54 68/216/54
f 73/217/55 74/218/55 75/219/55 76/220/55
f 80/221/56 79/222/56 78/223/56 77/224/56
f 77/225/57 78/226/57 74/227/57 73/228/57
f 78/229/58 79/230/58 75/231/58 74/232/58
f 79/233/59 80/234/59 76/235/59 75/236/59
f 80/237/60 77/238/60 73/239/60 76/240/60
f 81/241/61 82/242/61 83/243/61 84/244/61
f 88/245/62 87/246/62 86/247/62 85/248/62
f 85/249/63 86/250/63 82/251/63 81/252/63
f 86/253/64 87/254/64 83/255/64 82/256/64
f 87/257/65 88/258/65 84/259/65 83/260/65
f 88/261/66 85/262/66 81/263/66 84/264/66
f 89/265/67 90/266/67 91/267/67 92/268/67
f 96/269/68 95/270/68 94/271/68 93/272/68
f 93/273/69 94/274/69 90/275/69 89/276/69
f 94/277/70 95/278/70 91/279/70 90/280/70
f 95/281/71 96/282/71 92/283/71 91/284/71
f 96/285/72 93/286/72 89/287/72 92/288/72
f 97/289/73 98/290/73 99/291/73 100/292/73
f 104/293/74 103/294/74 102/295/74 101/296/74
f 101/297/75 102/298/75 98/299/75 97/300/75
f 102/301/76 103/302/76 99/303/76 98/304/76
f 103/305/77 104/306/77 100/307/77 99/308/77
f 104/309/78 101/310/78 97/311/78 100/312/78
f 105/313/79 106/314/79 107/315/79 108/316/79
f 112/317/80 111/318/80 110/319/80 109/320/80
f 109/321/81 110/322/81 106/323/81 105/324/81
f 110/325/82 111/326/82 107/327/82 106/328/82
f 111/329/83 112/330/83 108/331/83 107/332/83
f 112/333/84 109/334/84 105/335/84 108/336/84
f 113/337/85 114/338/85 115/339/85 116/340/85
f 120/341/86 119/342/86 118/343/86 117/344/86
f 117/345/87 118/346/87 114/347/87 113/348/87
f 118/349/88 119/350/88 115/351/88 114/352/88
f 119/353/89 120/354/89 116/355/89 115/356/89
f 120/357/90 117/358/90 113/359/90 116/360/90
f 121/361/91 122/362/91 123/363/91 124/364/91
f 128/365/92 127/366/92 126/367/92 125/368/92
f 125/369/93 126/370/93 122/371/93 121/372/93
f 126/373/94 127/374/94 123/375/94 122/376/94
f 127/377/95 128/378/95 124/379/95 123/380/95
f 128/381/96 125/382/96 121/383/96 124/384/96
f 129/385/97 130/386/97 131/387/97 132/388/97
f 136/389/98 135/390/98 134/391/98 133/392/98
f 133/393/99 134/394/99 130/395/99 129/396/99
f 134/397/100 135/398/100 131/399/100 130/400/100
f 135/401/101 136/402/101 132/403/101 131/404/101
f 136/405/102 133/406/102 129/407/102 132/408/102
f 137/409/103 138/410/103 139/411/103 140/412/103
f 144/413/104 143/414/104 142/415/104 141/416/104
f 141/417/105 142/418/105 138/419/105 137/420/105
f 142/421/106 143/422/106 139/423/106 138/424/106
f 143/425/107 144/426/107 140/427/107 139/428/107
f 144/429/108 141/430/108 137/431/108 140/432/108
f 145/433/109 146/434/109 147/435/109 148/436/109
f 152/437/110 151/438/110 150/439/110 149/440/110
f 149/441/111 150/442/111 146/443/111 145/444/111
f 150/445/112 151/446/112 147/447/112 146/448/112
f 151/449/113 152/450/113 148/451/113 147/452/113
f 152/453/114 149/454/114 145/455/114 148/456/114
f 153/457/115 154/458/115 155/459/115 156/460/115
f 160/461/116 159/462/116 158/463/116 157/464/116
f 157/465/117 158/466/117 154/467/117 153/468/117
f 158/469/118 159/470/118 155/471/118 154/472/118
f 159/473/119 160/474/119 156/475/119 155/476/119
f 160/477/120 157/478/120 153/479/120 156/480/120
f 161/481/121 162/482/121 163/483/121 164/484/121
f 168/485/122 167/486/122 166/487/122 165/488/122
f 165/489/123 166/490/123 162/491/123 161/492/123
f 166/493/124 167/494/124 163/495/124 162/496/124
f 167/497/125 168/498/125 164/499/125 163/500/125
f 168/501/126 165/502/126 161/503/126 164/504/126
f 169/505/127 170/506/127 171/507/127 172/508/127
f 176/509/128 175/510/128 174/511/128 173/512/128
f 173/513/129 174/514/129 170/515/129 169/516/129
f 174/517/130 175/518/130 171/519/130 170/520/130
f 175/521/131 176/522/131 172/523/131 171/524/131
f 176/525/132 173/526/132 169/527/132 172/528/132
f 177/529/133 178/530/133 179/531/133 180/532/133
f 184/533/134 183/534/134 182/535/134 181/536/134
f 181/537/135 182/538/135 178/539/135 177/540/135
f 182/541/136 183/542/136 179/543/136 178/544/136
f 183/545/137 184/546/137 180/547/137 179/548/137
f 184/549/138 181/550/138 177/551/138 180/552/138
f 185/553/139 186/554/139 187/555/139 188/556/139
f 192/557/140 191/558/140 190/559/140 189/560/140
f 189/561/141 190/562/141 186/563/141 185/564/141
f 190/565/142 191/566/142 187/567/142 186/568/142
f 191/569/143 192/570/143 188/571/143 187/572/143
f 192/573/144 189/574/144 185/575/144 188/576/144
f 193/577/145 194/578/145 195/579/145 196/580/145
f 200/581/146 199/582/146 198/583/146 197/584/146
f 197/585/147 198/586/147 194/587/147 193/588/147
f 198/589/148 199/590/148 195/591/148 194/592/148
f 199/593/149 200/594/149 196/595/149 195/596/149
f 200/597/150 197/598/150 193/599/150 196/600/150
f 201/601/151 202/602/151 203/603/151 204/604/151
f 208/605/152 207/606/152 206/607/152 205/608/152
f 205/609/153 206/610/153 202/611/153 201/612/153
f 206/613/154 207/614/154 203/615/154 202/616/154
f 207/617/155 208/618/155 204/619/155 203/620/155
f 208/621/156 205/622/156 201/623/156 204/624/156
f 209/625/157 210/626/157 211/627/157 212/628/157
f 216/629/158 215/630/158 214/631/158 213/632/158
f 213/633/159 214/634/159 210/635/159 209/636/159
f 214/637/160 215/638/160 211/639/160 210/640/160
f 215/641/161 216/642/161 212/643/161 211/644/161
f 216/645/162 213/646/162 209/647/162 212/648/162
f 217/649/163 218/650/163 219/651/163 220/652/163
f 224/653/164 223/654/164 222/655/164 221/656/164
f 221/657/165 222/658/165 218/659/165 217/660/165
f 222/661/166 223/662/166 219/663/166 218/664/166
f 223/665/167 224/666/167 220/667/167 219/668/167
f 224/669/168 221/670/168 217/671/168 220/672/168
f 225/673/169 226/674/169 227/675/169 228/676/169
f 232/677/170 231/678/170 230/679/170 229/680/170
f 229/681/171 230/682/171 226/683/171 225/684/171
f 230/685/172 231/686/172 227/687/172 226/688/172
f 231/689/173 232/690/173 228/691/173 227/692/173
f 232/693/174 229/694/174 225/695/174 228/696/174
f 233/697/175 234/698/175 235/699/175 236/700/175
f 240/701/176 239/702/176 238/703/176 237/704/176
f 237/705/177 238/706/177 234/707/177 233/708/177
f 238/709/178 239/710/178 235/711/178 234/712/178
f 239/713/179 240/714/179 236/715/179 235/716/179
f 240/717/180 237/718/180 233/719/180 236/720/180
f 241/721/181 242/722/181 243/723/181 244/724/181
f 248/725/182 247/726/182 246/727/182 245/728/182
f 245/729/183 246/730/183 242/731/183 241/732/183
f 246/733/184 247/734/184 243/735/184 242/736/184
f 247/737/185 248/738/185 244/739/185 243/740/185
f 248/741/186 245/742/186 241/743/186 244/744/186
f 249/745/187 250/746/187 251/747/187 252/748/187
f 256/749/188 255/750/188 254/751/188 253/752/188
f 253/753/189 254/754/189 250/755/189 249/756/189
f 254/757/190 255/758/190 251/759/190 250/760/190
f 255/761/191 256/762/191 252/763/191 251/764/191
f 256/765/192 253/766/192 249/767/192 252/768/192
f 257/769/193 258/770/193 259/771/193 260/772/193
f 264/773/194 263/774/194 262/775/194 261/776/194
f 261/777/195 262/778/195 258/779/195 257/780/195
f 262/781/196 263/782/196 259/783/196 258/784/196
f 263/785/197 264/786/197 260/787/197 259/788/197
f 264/789/198 261/790/198 257/791/198 260/792/198
f 265/793/199 266/794/199 267/795/199 268/796/199
f 272/797/200 271/798/200 270/799/200 269/800/200
f 269/801/201 270/802/201 266/803/201 265/804/201
f 270/805/202 271/806/202 267/807/202 266/808/202
f 271/809/203 272/810/203 268/811/203 267/812/203
f 272/813/204 269/814/204 265/815/204 268/816/204
f 273/817/205 274/818/205 275/819/205 276/820/205
f 280/821/206 279/822/206 278/823/206 277/824/206
f 277/825/207 278/826/207 274/827/207 273/828/207
f 278/829/208 279/830/208 275/831/208 274/832/208
f 279/833/209 280/834/209 276/835/209 275/836/209
f 280/837/210 277/838/210 273/839/210 276/840/210
f 281/841/211 282/842/211 283/843/211 284/844/211
f 288/845/212 287/846/212 286/847/212 285/848/212
f 285/849/213 286/850/213 282/851/213 281/852/213
f 286/853/214 287/854/214 283/855/214 282/856/214
f 287/857/215 288/858/215 284/859/215 283/860/215
f 288/861/216 285/862/216 281/863/216 284/864/216
f 289/865/217 290/866/217 291/867/217 292/868/217
f 296/869/218 295/870/218 294/871/218 293/872/218
f 293/873/219 294/874/219 290/875/219 289/876/219
f 294/877/220 295/878/220 291/879/220 290/880/220
f 295/881/221 296/882/221 292/883/221 291/884/221
f 296/885/222 293/886/222 289/887/222 292/888/222
f 297/889/223 298/890/223 299/891/223 300/892/223
f 304/893/224 303/894/224 302/895/224 301/896/224
f 301/897/225 302/898/225 298/899/225 297/900/225
f 302/901/226 303/902/226 299/903/226 298/904/226
f 303/905/227 304/906/227 300/907/227 299/908/227
f 304/909/228 301/910/228 297/911/228 300/912/228
f 305/913/229 306/914/229 307/915/229 308/916/229
f 312/917/230 311/918/230 310/919/230 309/920/230
f 309/921/231 310/922/231 306/923/231 305/924/231
f 310/925/232 311/926/232 307/927/232 306/928/232
f 311/929/233 312/930/233 308/931/233 307/932/233
f 312/933/234 309/934/234 305/935/234 308/936/234
f 313/937/235 314/938/235 315/939/235 316/940/235
f 320/941/236 319/942/236 318/943/236 317/944/236
f 317/945/237 318/946/237 314/947/237 313/948/237
f 318/949/238 319/950/238 315/951/238 314/952/238
f 319/953/239 320/954/239 316/955/239 315/956/239
f 320/957/240 317/958/240 313/959/240 316/960/240
f 321/961/241 322/962/241 323/963/241 324/964/241
f 328/965/242 327/966/242 326/967/242 325/968/242
f 325/969/243 326/970/243 322/971/243 321/972/243
f 326/973/244 327/974/244 323/975/244 322/976/244
f 327/977/245 328/978/245 324/979/245 323/980/245
f 328/981/246 325/982/246 321/983/246 324/984/246
f 329/985/247 330/986/247 331/987/247 332/988/247
f 336/989/248 335/990/248 334/991/248 333/992/248
f 333/993/249 334/994/249 330/995/249 329/996/249
f 334/997/250 335/998/250 331/999/250 330/1000/250
f 335/1001/251 336/1002/251 332/1003/251 331/1004/251
f 336/1005/252 333/1006/252 329/1007/252 332/1008/252
f 337/1009/253 338/1010/253 339/1011/253 340/1012/253
f 344/1013/254 343/1014/254 342/1015/254 341/1016/254
f 341/1017/255 342/1018/255 338/1019/255 337/1020/255
f 342/1021/256 343/1022/256 339/1023/256 338/1024/256
f 343/1025/257 344/1026/257 340/1027/257 339/1028/257
f 344/1029/258 341/1030/258 337/1031/258 340/1032/258
f 345/1033/259 346/1034/259 347/1035/259 348/1036/259
f 352/1037/260 351/1038/260 350/1039/260 349/1040/260
f 349/1041/261 350/1042/261 346/1043/261 345/1044/261
f 350/1045/262 351/1046/262 347/1047/262 346/1048/262
f 351/1049/263 352/1050/263 348/1051/263 347/1052/263
f 352/1053/264 349/1054/264 345/1055/264 348/1056/264
f 353/1057/265 354/1058/265 355/1059/265 356/1060/265
f 360/1061/266 359/1062/266 358/1063/266 357/1064/266
f 357/1065/267 358/1066/267 354/1067/267 353/1068/267
f 358/1069/268 359/1070/268 355/1071/268 354/1072/268
f 359/1073/269 360/1074/269 356/1075/269 355/1076/269
f 360/1077/270 357/1078/270 353/1079/270 356/1080/270
f 361/1081/271 362/1082/271 363/1083/271 364/1084/271
f 368/1085/272 367/1086/272 366/1087/272 365/1088/272
f 365/1089/273 366/1090/273 362/1091/273 361/1092/273
f 366/1093/274 367/1094/274 363/1095/274 362/1096/274
f 367/1097/275 368/1098/275 364/1099/275 363/1100/275
f 368/1101/276 365/1102/276 361/1103/276 364/1104/276
f 369/1105/277 370/1106/277 371/1107/277 372/1108/277
f 376/1109/278 375/1110/278 374/1111/278 373/1112/278
f 373/1113/279 374/1114/279 370/1115/279 369/1116/279
f 374/1117/280 375/1118/280 371/1119/280 370/1120/280
f 375/1121/281 376/1122/281 372/1123/281 371/1124/281
f 376/1125/282 373/1126/282 369/1127/282 372/1128/282
f 377/1129/283 378/1130/283 379/1131/283 380/1132/283
f 384/1133/284 383/1134/284 382/1135/284 381/1136/284
f 381/1137/285 382/1138/285 378/1139/285 377/1140/285
f 382/1141/286 383/1142/286 379/1143/286 378/1144/286
f 383/1145/287 384/1146/287 380/1147/287 379/1148/287
f 384/1149/288 381/1150/288 377/1151/288 380/1152/288
f 385/1153/289 386/1154/289 387/1155/289 388/1156/289
f 392/1157/290 391/1158/290 390/1159/290 389/1160/290
f 389/1161/291 390/1162/291 386/1163/291 385/1164/291
f 390/1165/292 391/1166/292 387/1167/292 386/1168/292
f 391/1169/293 392/1170/293 388/1171/293 387/1172/293
f 392/1173/294 389/1174/294 385/1175/294 388/1176/294
f 393/1177/295 394/1178/295 395/1179/295 396/1180/295
f 400/1181/296 399/1182/296 398/1183/296 397/1184/296
f 397/1185/297 398/1186/297 394/1187/297 393/1188/297
f 398/1189/298 399/1190/298 395/1191/298 394/1192/298
f 399/1193/299 400/1194/299 396/1195/299 395/1196/299
f 400/1197/300 397/1198/300 393/1199/300 396/1200/300
f 401/1201/301 402/1202/301 403/1203/301 404/1204/301
f 408/1205/302 407/1206/302 406/1207/302 405/1208/302
f 405/1209/303 406/1210/303 402/1211/303 401/1212/303
f 406/1213/304 407/1214/304 403/1215/304 402/1216/304
f 407/1217/305 408/1218/305 404/1219/305 403/1220/305
f 408/1221/306 405/1222/306 401/1223/306 404/1224/306
f 409/1225/307 410/1226/307 411/1227/307 412/1228/307
f 416/1229/308 415/1230/308 414/1231/308 413/1232/308
f 413/1233/309 414/1234/309 410/1235/309 409/1236/309
f 414/1237/310 415/1238/310 411/1239/310 410/1240/310
f 415/1241/311 416/1242/311 412/1243/311 411/1244/311
f 416/1245/312 413/1246/312 409/1247/312 412/1248/312
f 417/1249/313 418/1250/313 419/1251/313 420/1252/313
f 424/1253/314 423/1254/314 422/1255/314 421/1256/314
f 421/1257/315 422/1258/315 418/1259/315 417/1260/315
f 422/1261/316 423/1262/316 419/1263/316 418/1264/316
f 423/1265/317 424/1266/317 420/1267/317 419/1268/317
f 424/1269/318 421/1270/318 417/1271/318 420/1272/318
f 425/1273/319 426/1274/319 427/1275/319 428/1276/319
f 432/1277/320 431/1278/320 430/1279/320 429/1280/320
f 429/1281/321 430/1282/321 426/1283/321 425/1284/321
f 430/1285/322 431/1286/322 427/1287/322 426/1288/322
f 431/1289/323 432/1290/323 428/1291/323 427/1292/323
f 432/1293/324 429/1294/324 425/1295/324 428/1296/324
f 433/1297/325 434/1298/325 435/1299/325 436/1300/325
f 440/1301/326 439/1302/326 438/1303/326 437/1304/326
f 437/1305/327 438/1306/327 434/1307/327 433/1308/327
f 438/1309/328 439/1310/328 435/1311/328 434/1312/328
f 439/1313/329 440/1314/329 436/1315/329 435/1316/329
f 440/1317/330 437/1318/330 433/1319/330 436/1320/330
f 441/1321/331 442/1322/331 443/1323/331 444/1324/331
f 448/1325/332 447/1326/332 446/1327/332 445/1328/332
f 445/1329/333 446/1330/333 442/1331/333 441/1332/333
f 446/1333/334 447/1334/334 443/1335/334 442/1336/334
f 447/1337/335 448/1338/335 444/1339/335 443/1340/335
f 448/1341/336 445/1342/336 441/1343/336 444/1344/336
f 449/1345/337 450/1346/337 451/1347/337 452/1348/337
f 456/1349/338 455/1350/338 454/1351/338 453/1352/338
f 453/1353/339 454/1354/339 450/1355/339 449/1356/339
f 454/1357/340 455/1358/340 451/1359/340 450/1360/340
f 455/1361/341 456/1362/341 452/1363/341 451/1364/341
f 456/1365/342 453/1366/342 449/1367/342 452/1368/342
f 457/1369/343 458/1370/343 459/1371/343 460/1372/343
f 464/1373/344 463/1374/344 462/1375/344 461/1376/344
f 461/1377/345 462/1378/345 458/1379/345 457/1380/345
f 462/1381/346 463/1382/346 459/1383/346 458/1384/346
f 463/1385/347 464/1386/347 460/1387/347 459/1388/347
f 464/1389/348 461/1390/348 457/1391/348 460/1392/348
f 465/1393/349 466/1394/349 467/1395/349 468/1396/349
f 472/1397/350 471/1398/350 470/1399/350 469/1400/350
f 469/1401/351 470/1402/351 466/1403/351 465/1404/351
f 470/1405/352 471/1406/352 467/1407/352 466/1408/352
f 471/1409/353 472/1410/353 468/1411/353 467/1412/353
f 472/1413/354 469/1414/354 465/1415/354 468/1416/354
f 473/1417/355 474/1418/355 475/1419/355 476/1420/355
f 480/1421/356 479/1422/356 478/1423/356 477/1424/356
f 477/1425/357 478/1426/357 474/1427/357 473/1428/357
f 478/1429/358 479/1430/358 475/1431/358 474/1432/358
f 479/1433/359 480/1434/359 476/1435/359 475/1436/359
f 480/1437/360 477/1438/360 473/1439/360 476/1440/360
f 481/1441/361 482/1442/361 483/1443/361 484/1444/361
f 488/1445/362 487/1446/362 486/1447/362 485/1448/362
f 485/1449/363 486/1450/363 482/1451/363 481/1452/363
f 486/1453/364 487/1454/364 483/1455/364 482/1456/364
f 487/1457/365 488/1458/365 484/1459/365 483/1460/365
f 488/1461/366 485/1462/366 481/1463/366 484/1464/366
f 489/1465/367 490/1466/367 491/1467/367 492/1468/367
f 496/1469/368 495/1470/368 494/1471/368 493/1472/368
f 493/1473/369 494/1474/369 490/1475/369 489/1476/369
f 494/1477/370 495/1478/370 491/1479/370 490/1480/370
f 495/1481/371 496/1482/371 492/1483/371 491/1484/371
f 496/1485/372 493/1486/372 489/1487/372 492/1488/372
f 497/1489/373 498/1490/373 499/1491/373 500/1492/373
f 504/1493/374 503/1494/374 502/1495/374 501/1496/374
f 501/1497/375 502/1498/375 498/1499/375 497/1500/375
f 502/1501/376 503/1502/376 499/1503/376 498/1504/376
f 503/1505/377 504/1506/377 500/1507/377 499/1508/377
f 504/1509/378 501/1510/378 497/1511/378 500/1512/378
f 505/1513/379 506/1514/379 507/1515/379 508/1516/379
f 512/1517/380 511/1518/380 510/1519/380 509/1520/380
f 509/1521/381 510/1522/381 506/1523/381 505/1524/381
f 510/1525/382 511/1526/382 507/1527/382 506/1528/382
f 511/1529/383 512/1530/383 508/1531/383 507/1532/383
f 512/1533/384 509/1534/384 505/1535/384 508/1536/384
f 513/1537/385 514/1538/385 515/1539/385 516/1540/385
f 520/1541/386 519/1542/386 518/1543/386 517/1544/386
f 517/1545/387 518/1546/387 514/1547/387 513/1548/387
f 518/1549/388 519/1550/388 515/1551/388 514/1552/388
f 519/1553/389 520/1554/389 516/1555/389 515/1556/389
f 520/1557/390 517/1558/390 513/1559/390 516/1560/390
f 521/1561/391 522/1562/391 523/1563/391 524/1564/391
f 528/1565/392 527/1566/392 526/1567/392 525/1568/392
f 525/1569/393 526/1570/393 522/1571/393 521/1572/393
f 526/1573/394 527/1574/394 523/1575/394 522/1576/394
f 527/1577/395 528/1578/395 524/1579/395 523/1580/395
f 528/1581/396 525/1582/396 521/1583/396 524/1584/396
f 529/1585/397 530/1586/397 531/1587/397 532/1588/397
f 536/1589/398 535/1590/398 534/1591/398 533/1592/398
f 533/1593/399 534/1594/399 530/1595/399 529/1596/399
f 534/1597/400 535/1598/400 531/1599/400 530/1600/400
f 535/1601/401 536/1602/401 532/1603/401 531/1604/401
f 536/1605/402 533/1606/402 529/1607/402 532/1608/402
f 537/1609/403 538/1610/403 539/1611/403 540/1612/403
f 544/1613/404 543/1614/404 542/1615/404 541/1616/404
f 541/1617/405 542/1618/405 538/1619/405 537/1620/405
f 542/1621/406 543/1622/406 539/1623/406 538/1624/406
f 543/1625/407 544/1626/407 540/1627/407 539/1628/407
f 544/1629/408 541/1630/408 537/1631/408 540/1632/408
f 545/1633/409 546/1634/409 547/1635/409 548/1636/409
f 552/1637/410 551/1638/410 550/1639/410 549/1640/410
f 549/1641/411 550/1642/411 546/1643/411 545/1644/411
f 550/1645/412 551/1646/412 547/1647/412 546/1648/412
f 551/1649/413 552/1650/413 548/1651/413 547/1652/413
f 552/1653/414 549/1654/414 545/1655/414 548/1656/414
f 553/1657/415 554/1658/415 555/1659/415 556/1660/415
f 560/1661/416 559/1662/416 558/1663/416 557/1664/416
f 557/1665/417 558/1666/417 554/1667/417 553/1668/417
f 558/1669/418 559/1670/418 555/1671/418 554/1672/418
f 559/1673/419 560/1674/419 556/1675/419 555/1676/419
f 560/1677/420 557/1678/420 553/1679/420 556/1680/420
f 561/1681/421 562/1682/421 563/1683/421 564/1684/421
f 568/1685/422 567/1686/422 566/1687/422 565/1688/422
f 565/1689/423 566/1690/423 562/1691/423 561/1692/423
f 566/1693/424 567/1694/424 563/1695/424 562/1696/424
f 567/1697/425 568/1698/425 564/1699/425 563/1700/425
f 568/1701/426 565/1702/426 561/1703/426 564/1704/426
f 569/1705/427 570/1706/427 571/1707/427 572/1708/427
f 576/1709/428 575/1710/428 574/1711/428 573/1712/428
f 573/1713/429 574/1714/429 570/1715/429 569/1716/429
f 574/1717/430 575/1718/430 571/1719/430 570/1720/430
f 575/1721/431 576/1722/431 572/1723/431 571/1724/431
f 576/1725/432 573/1726/432 569/1727/432 572/1728/432
f 577/1729/433 578/1730/433 579/1731/433 580/1732/433
f 584/1733/434 583/1734/434 582/1735/434 581/1736/434
f 581/1737/435 582/1738/435 578/1739/435 577/1740/435
f 582/1741/436 583/1742/436 579/1743/436 578/1744/436
f 583/1745/437 584/1746/437 580/1747/437 579/1748/437
f 584/1749/438 581/1750/438 577/1751/438 580/1752/438
f 585/1753/439 586/1754/439 587/1755/439 588/1756/439
f 592/1757/440 591/1758/440 590/1759/440 589/1760/440
f 589/1761/441 590/1762/441 586/1763/441 585/1764/441
f 590/1765/442 591/1766/442 587/1767/442 586/1768/442
f 591/1769/443 592/1770/443 588/1771/443 587/1772/443
f 592/1773/444 589/1774/444 585/1775/444 588/1776/444
f 593/1777/445 594/1778/445 595/1779/445 596/1780/445
f 600/1781/446 599/1782/446 598/1783/446 597/1784/446
f 597/1785/447 598/1786/447 594/1787/447 593/1788/447
f 598/1789/448 599/1790/448 595/1791/448 594/1792/448
f 599/1793/449 600/1794/449 596/1795/449 595/1796/449
f 600/1797/450 597/1798/450 593/1799/450 596/1800/450
f 601/1801/451 602/1802/451 603/1803/451 604/1804/451
f 608/1805/452 607/1806/452 606/1807/452 605/1808/452
f 605/1809/453 606/1810/453 602/1811/453 601/1812/453
f 606/1813/454 607/1814/454 603/1815/454 602/1816/454
f 607/1817/455 608/1818/455 604/1819/455 603/1820/455
f 608/1821/456 605/1822/456 601/1823/456 604/1824/456
f 609/1825/457 610/1826/457 611/1827/457 612/1828/457
f 616/1829/458 615/1830/458 614/1831/458 613/1832/458
f 613/1833/459 614/1834/459 610/1835/459 609/1836/459
f 614/1837/460 615/1838/460 611/1839/460 610/1840/460
f 615/1841/461 616/1842/461 612/1843/461 611/1844/461
f 616/1845/462 613/1846/462 609/1847/462 612/1848/462
f 617/1849/463 618/1850/463 619/1851/463 620/1852/463
f 624/1853/464 623/1854/464 622/1855/464 621/1856/464
f 621/1857/465 622/1858/465 618/1859/465 617/1860/465
f 622/1861/466 623/1862/466 619/1863/466 618/1864/466
f 623/1865/467 624/1866/467 620/1867/467 619/1868/467
f 624/1869/468 621/1870/468 617/1871/468 620/1872/468
f 625/1873/469 626/1874/469 627/1875/469 628/1876/469
f 632/1877/470 631/1878/470 630/1879/470 629/1880/470
f 629/1881/471 630/1882/471 626/1883/471 625/1884/471
f 630/1885/472 631/1886/472 627/1887/472 626/1888/472
f 631/1889/473 632/1890/473 628/1891/473 627/1892/473
f 632/1893/474 629/1894/474 625/1895/474 628/1896/474
f 633/1897/475 634/1898/475 635/1899/475 636/1900/475
f 640/1901/476 639/1902/476 638/1903/476 637/1904/476
f 637/1905/477 638/1906/477 634/1907/477 633/1908/477
f 638/1909/478 639/1910/478 635/1911/478 634/1912/478
f 639/1913/479 640/1914/479 636/1915/479 635/1916/479
f 640/1917/480 637/1918/480 633/1919/480 636/1920/480
f 641/1921/481 642/1922/481 643/1923/481 644/1924/481
f 648/1925/482 647/1926/482 646/1927/482 645/1928/482
f 645/1929/483 646/1930/483 642/1931/483 641/1932/483
f 646/1933/484 647/1934/484 643/1935/484 642/1936/484
f 647/1937/485 648/1938/485 644/1939/485 643/1940/485
f 648/1941/486 645/1942/486 641/1943/486 644/1944/486
f 649/1945/487 650/1946/487 651/1947/487 652/1948/487
f 656/1949/488 655/1950/488 654/1951/488 653/1952/488
f 653/1953/489 654/1954/489 650/1955/489 649/1956/489
f 654/1957/490 655/1958/490 651/1959/490 650/1960/490
f 655/1961/491 656/1962/491 652/1963/491 651/1964/491
f 656/1965/492 653/1966/492 649/1967/492 652/1968/492
f 657/1969/493 658/1970/493 659/1971/493 660/1972/493
f 664/1973/494 663/1974/494 662/1975/494 661/1976/494
f 661/1977/495 662/1978/495 658/1979/495 657/1980/495
f 662/1981/496 663/1982/496 659/1983/496 658/1984/496
f 663/1985/497 664/1986/497 660/1987/497 659/1988/497
f 664/1989/498 661/1990/498 657/1991/498 660/1992/498
f 665/1993/499 666/1994/499 667/1995/499 668/1996/499
f 672/1997/500 671/1998/500 670/1999/500 669/2000/500
f 669/2001/501 670/2002/501 666/2003/501 665/2004/501
f 670/2005/502 671/2006/502 667/2007/502 666/2008/502
f 671/2009/503 672/2010/503 668/2011/503 667/2012/503
f 672/2013/504 669/2014/504 665/2015/504 668/2016/504
f 673/2017/505 674/2018/505 675/2019/505 676/2020/505
f 680/2021/506 679/2022/506 678/2023/506 677/2024/506
f 677/2025/507 678/2026/507 674/2027/507 673/2028/507
f 678/2029/508 679/2030/508 675/2031/508 674/2032/508
f 679/2033/509 680/2034/509 676/2035/509 675/2036/509
f 680/2037/510 677/2038/510 673/2039/510 676/2040/510
f 681/2041/511 682/2042/511 683/2043/511 684/2044/511
f 688/2045/512 687/2046/512 686/2047/512 685/2048/512
f 685/2049/513 686/2050/513 682/2051/513 681/2052/513
f 686/2053/514 687/2054/514 683/2055/514 682/2056/514
f 687/2057/515 688/2058/515 684/2059/515 683/2060/515
f 688/2061/516 685/2062/516 681/2063/516 684/2064/516
f 689/2065/517 690/2066/517 691/2067/517 692/2068/517
f 696/2069/518 695/2070/518 694/2071/518 693/2072/518
f 693/2073/519 694/2074/519 690/2075/519 689/2076/519
f 694/2077/520 695/2078/520 691/2079/520 690/2080/520
f 695/2081/521 696/2082/521 692/2083/521 691/2084/521
f 696/2085/522 693/2086/522 689/2087/522 692/2088/522
f 697/2089/523 698/2090/523 699/2091/523 700/2092/523
f 704/2093/524 703/2094/524 702/2095/524 701/2096/524
f 701/2097/525 702/2098/525 698/2099/525 697/2100/525
f 702/2101/526 703/2102/526 699/2103/526 698/2104/526
f 703/2105/527 704/2106/527 700/2107/527 699/2108/527
f 704/2109/528 701/2110/528 697/2111/528 700/2112/528
f 705/2113/529 706/2114/529 707/2115/529 708/2116/529
f 712/2117/530 711/2118/530 710/2119/530 709/2120/530
f 709/2121/531 710/2122/531 706/2123/531 705/2124/531
f 710/2125/532 711/2126/532 707/2127/532 706/2128/532
f 711/2129/533 712/2130/533 708/2131/533 707/2132/533
f 712/2133/534 709/2134/534 705/2135/534 708/2136/534
f 713/2137/535 714/2138/535 715/2139/535 716/2140/535
f 720/2141/536 719/2142/536 718/2143/536 717/2144/536
f 717/2145/537 718/2146/537 714/2147/537 713/2148/537
f 718/2149/538 719/2150/538 715/2151/538 714/2152/538
f 719/2153/539 720/2154/539 716/2155/539 715/2156/539
f 720/2157/540 717/2158/540 713/2159/540 716/2160/540
f 721/2161/541 722/2162/541 723/2163/541 724/2164/541
f 728/2165/542 727/2166/542 726/2167/542 725/2168/542
f 725/2169/543 726/2170/543 722/2171/543 721/2172/543
f 726/2173/544 727/2174/544 723/2175/544 722/2176/544
f 727/2177/545 728/2178/545 724/2179/545 723/2180/545
f 728/2181/546 725/2182/546 721/2183/546 724/2184/546
f 729/2185/547 730/2186/547 731/2187/547 732/2188/547
f 736/2189/548 735/2190/548 734/2191/548 733/2192/548
f 733/2193/549 734/2194/549 730/2195/549 729/2196/549
f 734/2197/550 735/2198/550 731/2199/550 730/2200/550
f 735/2201/551 736/2202/551 732/2203/551 731/2204/551
f 736/2205/552 733/2206/552 729/2207/552 732/2208/552
f 737/2209/553 738/2210/553 739/2211/553 740/2212/553
f 744/2213/554 743/2214/554 742/2215/554 741/2216/554
f 741/2217/555 742/2218/555 738/2219/555 737/2220/555
f 742/2221/556 743/2222/556 739/2223/556 738/2224/556
f 743/2225/557 744/2226/557 740/2227/557 739/2228/557
f 744/2229/558 741/2230/558 737/2231/558 740/2232/558
f 745/2233/559 746/2234/559 747/2235/559 748/2236/559
f 752/2237/560 751/2238/560 750/2239/560 749/2240/560
f 749/2241/561 750/2242/561 746/2243/561 745/2244/561
f 750/2245/562 751/2246/562 747/2247/562 746/2248/562
f 751/2249/563 752/2250/563 748/2251/563 747/2252/563
f 752/2253/564 749/2254/564 745/2255/564 748/2256/564
f 753/2257/565 754/2258/565 755/2259/565 756/2260/565
f 760/2261/566 759/2262/566 758/2263/566 757/2264/566
f 757/2265/567 758/2266/567 754/2267/567 753/2268/567
f 758/2269/568 759/2270/568 755/2271/568 754/2272/568
f 759/2273/569 760/2274/569 756/2275/569 755/2276/569
f 760/2277/570 757/2278/570 753/2279/570 756/2280/570
f 761/2281/571 762/2282/571 763/2283/571 764/2284/571
f 768/2285/572 767/2286/572 766/2287/572 765/2288/572
f 765/2289/573 766/2290/573 762/2291/573 761/2292/573
f 766/2293/574 767/2294/574 763/2295/574 762/2296/574
f 767/2297/575 768/2298/575 764/2299/575 763/2300/575
f 768/2301/576 765/2302/576 761/2303/576 764/2304/576
f 769/2305/577 770/2306/577 771/2307/577 772/2308/577
f 776/2309/578 775/2310/578 774/2311/578 773/2312/578
f 773/2313/579 774/2314/579 770/2315/579 769/2316/579
f 774/2317/580 775/2318/580 771/2319/580 770/2320/580
f 775/2321/581 776/2322/581 772/2323/581 771/2324/581
f 776/2325/582 773/2326/582 769/2327/582 772/2328/582
f 777/2329/583 778/2330/583 779/2331/583 780/2332/583
f 784/2333/584 783/2334/584 782/2335/584 781/2336/584
f 781/2337/585 782/2338/585 778/2339/585 777/2340/585
f 782/2341/586 783/2342/586 779/2343/586 778/2344/586
f 783/2345/587 784/2346/587 780/2347/587 779/2348/587
f 784/2349/588 781/2350/588 777/2351/588 780/2352/588
f 785/2353/589 786/2354/589 787/2355/589 788/2356/589
f 792/2357/590 791/2358/590 790/2359/590 789/2360/590
f 789/2361/591 790/2362/591 786/2363/591 785/2364/591
f 790/2365/592 791/2366/592 787/2367/592 786/2368/592
f 791/2369/593 792/2370/593 788/2371/593 787/2372/593
f 792/2373/594 789/2374/594 785/2375/594 788/2376/594
f 793/2377/595 794/2378/595 795/2379/595 796/2380/595
f 800/2381/596 799/2382/596 798/2383/596 797/2384/596
f 797/2385/597 798/2386/597 794/2387/597 793/2388/597
f 798/2389/598 799/2390/598 795/2391/598 794/2392/598
f 799/2393/599 800/2394/599 796/2395/599 795/2396/599
f 800/2397/600 797/2398/600 793/2399/600 796/2400/600
f 801/2401/601 802/2402/601 803/2403/601 804/2404/601
f 808/2405/602 807/2406/602 806/2407/602 805/2408/602
f 805/2409/603 806/2410/603 802/2411/603 801/2412/603
f 806/2413/604 807/2414/604 803/2415/604 802/2416/604
f 807/2417/605 808/2418/605 804/2419/605 803/2420/605
f 808/2421/606 805/2422/606 801/2423/606 804/2424/606
f 809/2425/607 810/2426/607 811/2427/607 812/2428/607
f 816/2429/608 815/2430/608 814/2431/608 813/2432/608
f 813/2433/609 814/2434/609 810/2435/609 809/2436/609
f 814/2437/610 815/2438/610 811/2439/610 810/2440/610
f 815/2441/611 816/2442/611 812/2443/611 811/2444/611
f 816/2445/612 813/2446/612 809/2447/612 812/2448/612
f 817/2449/613 818/2450/613 819/2451/613 820/2452/613
f 824/2453/614 823/2454/614 822/2455/614 821/2456/614
f 821/2457/615 822/2458/615 818/2459/615 817/2460/615
f 822/2461/616 823/2462/616 819/2463/616 818/2464/616
f 823/2465/617 824/2466/617 820/2467/617 819/2468/617
f 824/2469/618 821/2470/618 817/2471/618 820/2472/618
f 825/2473/619 826/2474/619 827/2475/619 828/2476/619
f 832/2477/620 831/2478/620 830/2479/620 829/2480/620
f 829/2481/621 830/2482/621 826/2483/621 825/2484/621
f 830/2485/622 831/2486/622 827/2487/622 826/2488/622
f 831/2489/623 832/2490/623 828/2491/623 827/2492/623
f 832/2493/624 829/2494/624 825/2495/624 828/2496/624
f 833/2497/625 834/2498/625 835/2499/625 836/2500/625
f 840/2501/626 839/2502/626 838/2503/626 837/2504/626
f 837/2505/627 838/2506/627 834/2507/627 833/2508/627
f 838/2509/628 839/2510/628 835/2511/628 834/2512/628
f 839/2513/629 840/2514/629 836/2515/629 835/2516/629
f 840/2517/630 837/2518/630 833/2519/630 836/2520/630
f 841/2521/631 842/2522/631 843/2523/631 844/2524/631
f 848/2525/632 847/2526/632 846/2527/632 845/2528/632
f 845/2529/633 846/2530/633 842/2531/633 841/2532/633
f 846/2533/634 847/2534/634 843/2535/634 842/2536/634
f 847/2537/635 848/2538/635 844/2539/635 843/2540/635
f 848/2541/636 845/2542/636 841/2543/636 844/2544/636
f 849/2545/637 850/2546/637 851/2547/637 852/2548/637
f 856/2549/638 855/2550/638 854/2551/638 853/2552/638
f 853/2553/639 854/2554/639 850/2555/639 849/2556/639
f 854/2557/640 855/2558/640 851/2559/640 850/2560/640
f 855/2561/641 856/2562/641 852/2563/641 851/2564/641
f 856/2565/642 853/2566/642 849/2567/642 852/2568/642
f 857/2569/643 858/2570/643 859/2571/643 860/2572/643
f 864/2573/644 863/2574/644 862/2575/644 861/2576/644
f 861/2577/645 862/2578/645 858/2579/645 857/2580/645
f 862/2581/646 863/2582/646 859/2583/646 858/2584/646
f 863/2585/647 864/2586/647 860/2587/647 859/2588/647
f 864/2589/648 861/2590/648 857/2591/648 860/2592/648
f 865/2593/649 866/2594/649 867/2595/649 868/2596/649
f 872/2597/650 871/2598/650 870/2599/650 869/2600/650
f 869/2601/651 870/2602/651 866/2603/651 865/2604/651
f 870/2605/652 871/2606/652 867/2607/652 866/2608/652
f 871/2609/653 872/2610/653 868/2611/653 867/2612/653
f 872/2613/654 869/2614/654 865/2615/654 868/2616/654
f 873/2617/655 874/2618/655 875/2619/655 876/2620/655
f 880/2621/656 879/2622/656 878/2623/656 877/2624/656
f 877/2625/657 878/2626/657 874/2627/657 873/2628/657
f 878/2629/658 879/2630/658 875/2631/658 874/2632/658
f 879/2633/659 880/2634/659 876/2635/659 875/2636/659
f 880/2637/660 877/2638/660 873/2639/660 876/2640/660
f 881/2641/661 882/2642/661 883/2643/661 884/2644/661
f 888/2645/662 887/2646/662 886/2647/662 885/2648/662
f 885/2649/663 886/2650/663 882/2651/663 881/2652/663
f 886/2653/664 887/2654/664 883/2655/664 882/2656/664
f 887/2657/665 888/2658/665 884/2659/665 883/2660/665
f 888/2661/666 885/2662/666 881/2663/666 884/2664/666
f 889/2665/667 890/2666/667 891/2667/667 892/2668/667
f 896/2669/668 895/2670/668 894/2671/668 893/2672/668
f 893/2673/669 894/2674/669 890/2675/669 889/2676/669
f 894/2677/670 895/2678/670 891/2679/670 890/2680/670
f 895/2681/671 896/2682/671 892/2683/671 891/2684/671
f 896/2685/672 893/2686/672 889/2687/672 892/2688/672
f 897/2689/673 898/2690/673 899/2691/673 900/2692/673
f 904/2693/674 903/2694/674 902/2695/674 901/2696/674
f 901/2697/675 902/2698/675 898/2699/675 897/2700/675
f 902/2701/676 903/2702/676 899/2703/676 898/2704/676
f 903/2705/677 904/2706/677 900/2707/677 899/2708/677
f 904/2709/678 901/2710/678 897/2711/678 900/2712/678
f 905/2713/679 906/2714/679 907/2715/679 908/2716/679
f 912/2717/680 911/2718/680 910/2719/680 909/2720/680
f 909/2721/681 910/2722/681 906/2723/681 905/2724/681
f 910/2725/682 911/2726/682 907/2727/682 906/2728/682
f 911/2729/683 912/2730/683 908/2731/683 907/2732/683
f 912/2733/684 909/2734/684 905/2735/684 908/2736/684
f 913/2737/685 914/2738/685 915/2739/685 916/2740/685
f 920/2741/686 919/2742/686 918/2743/686 917/2744/686
f 917/2745/687 918/2746/687 914/2747/687 913/2748/687
f 918/2749/688 919/2750/688 915/2751/688 914/2752/688
f 919/2753/689 920/2754/689 916/2755/689 915/2756/689
f 920/2757/690 917/2758/690 913/2759/690 916/2760/690
f 921/2761/691 922/2762/691 923/2763/691 924/2764/691
f 928/2765/692 927/2766/692 926/2767/692 925/2768/692
f 925/2769/693 926/2770/693 922/2771/693 921/2772/693
f 926/2773/694 927/2774/694 923/2775/694 922/2776/694
f 927/2777/695 928/2778/695 924/2779/695 923/2780/695
f 928/2781/696 925/2782/696 921/2783/696 924/2784/696
f 929/2785/697 930/2786/697 931/2787/697 932/2788/697
f 936/2789/698 935/2790/698 934/2791/698 933/2792/698
f 933/2793/699 934/2794/699 930/2795/699 929/2796/699
f 934/2797/700 935/2798/700 931/2799/700 930/2800/700
f 935/2801/701 936/2802/701 932/2803/701 931/2804/701
f 936/2805/702 933/2806/702 929/2807/702 932/2808/702
f 937/2809/703 938/2810/703 939/2811/703 940/2812/703
f 944/2813/704 943/2814/704 942/2815/704 941/2816/704
f 941/2817/705 942/2818/705 938/2819/705 937/2820/705
f 942/2821/706 943/2822/706 939/2823/706 938/2824/706
f 943/2825/707 944/2826/707 940/2827/707 939/2828/707
f 944/2829/708 941/2830/708 937/2831/708 940/2832/708
f 945/2833/709 946/2834/709 947/2835/709 948/2836/709
f 952/2837/710 951/2838/710 950/2839/710 949/2840/710
f 949/2841/711 950/2842/711 946/2843/711 945/2844/711
f 950/2845/712 951/2846/712 947/2847/712 946/2848/712
f 951/2849/713 952/2850/713 948/2851/713 947/2852/713
f 952/2853/714 949/2854/714 945/2855/714 948/2856/714
f 953/2857/715 954/2858/715 955/2859/715 956/2860/715
f 960/2861/716 959/2862/716 958/2863/716 957/2864/716
f 957/2865/717 958/2866/717 954/2867/717 953/2868/717
f 958/2869/718 959/2870/718 955/2871/718 954/2872/718
f 959/2873/719 960/2874/719 956/2875/719 955/2876/719
f 960/2877/720 957/2878/720 953/2879/720 956/2880/720
f 961/2881/721 962/2882/721 963/2883/721 964/2884/721
f 968/2885/722 967/2886/722 966/2887/722 965/2888/722
f 965/2889/723 966/2890/723 962/2891/723 961/2892/723
f 966/2893/724 967/2894/724 963/2895/724 962/2896/724
f 967/2897/725 968/2898/725 964/2899/725 963/2900/725
f 968/2901/726 965/2902/726 961/2903/726 964/2904/726
f 969/2905/727 970/2906/727 971/2907/727 972/2908/727
f 976/2909/728 975/2910/728 974/2911/728 973/2912/728
f 973/2913/729 974/2914/729 970/2915/729 969/2916/729
f 974/2917/730 975/2918/730 971/2919/730 970/2920/730
f 975/2921/731 976/2922/731 972/2923/731 971/2924/731
f 976/2925/732 973/2926/732 969/2927/732 972/2928/732
f 977/2929/733 978/2930/733 979/2931/733 980/2932/733
f 984/2933/734 983/2934/734 982/2935/734 981/2936/734
f 981/2937/735 982/2938/735 978/2939/735 977/2940/735
f 982/2941/736 983/2942/736 979/2943/736 978/2944/736
f 983/2945/737 984/2946/737 980/2947/737 979/2948/737
f 984/2949/738 981/2950/738 977/2951/738 980/2952/738
f 985/2953/739 986/2954/739 987/2955/739 988/2956/739
f 992/2957/740 991/2958/740 990/2959/740 989/2960/740
f 989/2961/741 990/2962/741 986/2963/741 985/2964/741
f 990/2965/742 991/2966/742 987/2967/742 986/2968/742
f 991/2969/743 992/2970/743 988/2971/743 987/2972/743
f 992/2973/744 989/2974/744 985/2975/744 988/2976/744
f 993/2977/745 994/2978/745 995/2979/745 996/2980/745
f 1000/2981/746 999/2982/746 998/2983/746 997/2984/746
f 997/2985/747 998/2986/747 994/2987/747 993/2988/747
f 998/2989/748 999/2990/748 995/2991/748 994/2992/748
f 999/2993/749 1000/2994/749 996/2995/749 995/2996/749
f 1000/2997/750 997/2998/750 993/2999/750 996/3000/750
f 1001/3001/751 1002/3002/751 1003/3003/751 1004/3004/751
f 1008/3005/752 1007/3006/752 1006/3007/752 1005/3008/752
f 1005/3009/753 1006/3010/753 1002/3011/753 1001/3012/753
f 1006/3013/754 1007/3014/754 1003/3015/754 1002/3016/754
f 1007/3017/755 1008/3018/755 1004/3019/755 1003/3020/755
f 1008/3021/756 1005/3022/756 1001/3023/756 1004/3024/756
f 1009/3025/757 1010/3026/757 1011/3027/757 1012/3028/757
f 1016/3029/758 1015/3030/758 1014/3031/758 1013/3032/758
f 1013/3033/759 1014/3034/759 1010/3035/759 1009/3036/759
f 1014/3037/760 1015/3038/760 1011/3039/760 1010/3040/760
f 1015/3041/761 1016/3042/761 1012/3043/761 1011/3044/761
f 1016/3045/762 1013/3046/762 1009/3047/762 1012/3048/762
f 1017/3049/763 1018/3050/763 1019/3051/763 1020/3052/763
f 1024/3053/764 1023/3054/764 1022/3055/764 1021/3056/764
f 1021/3057/765 1022/3058/765 1018/3059/765 1017/3060/765
f 1022/3061/766 1023/3062/766 1019/3063/766 1018/3064/766
f 1023/3065/767 1024/3066/767 1020/3067/767 1019/3068/767
f 1024/3069/768 1021/3070/768 1017/3071/768 1020/3072/768
f 1025/3073/769 1026/3074/769 1027/3075/769 1028/3076/769
f 1032/3077/770 1031/3078/770 1030/3079/770 1029/3080/770
f 1029/3081/771 1030/3082/771 1026/3083/771 1025/3084/771
f 1030/3085/772 1031/3086/772 1027/3087/772 1026/3088/772
f 1031/3089/773 1032/3090/773 1028/3091/773 1027/3092/773
f 1032/3093/774 1029/3094/774 1025/3095/774 1028/3096/774
f 1033/3097/775 1034/3098/775 1035/3099/775 1036/3100/775
f 1040/3101/776 1039/3102/776 1038/3103/776 1037/3104/776
f 1037/3105/777 1038/3106/777 1034/3107/777 1033/3108/777
f 1038/3109/778 1039/3110/778 1035/3111/778 1034/3112/778
f 1039/3113/779 1040/3114/779 1036/3115/779 1035/3116/779
f 1040/3117/780 1037/3118/780 1033/3119/780 1036/3120/780
f 1041/3121/781 1042/3122/781 1043/3123/781 1044/3124/781
f 1048/3125/782 1047/3126/782 1046/3127/782 1045/3128/782
f 1045/3129/783 1046/3130/783 1042/3131/783 1041/3132/783
f 1046/3133/784 1047/3134/784 1043/3135/784 1042/3136/784
f 1047/3137/785 1048/3138/785 1044/3139/785 1043/3140/785
f 1048/3141/786 1045/3142/786 1041/3143/786 1044/3144/786
f 1049/3145/787 1050/3146/787 1051/3147/787 1052/3148/787
f 1056/3149/788 1055/3150/788 1054/3151/788 1053/3152/788
f 1053/3153/789 1054/3154/789 1050/3155/789 1049/3156/789
f 1054/3157/790 1055/3158/790 1051/3159/790 1050/3160/790
f 1055/3161/791 1056/3162/791 1052/3163/791 1051/3164/791
f 1056/3165/792 1053/3166/792 1049/3167/792 1052/3168/792
f 1057/3169/793 1058/3170/793 1059/3171/793 1060/3172/793
f 1064/3173/794 1063/3174/794 1062/3175/794 1061/3176/794
f 1061/3177/795 1062/3178/795 1058/3179/795 1057/3180/795
f 1062/3181/796 1063/3182/796 1059/3183/796 1058/3184/796
f 1063/3185/797 1064/3186/797 1060/3187/797 1059/3188/797
f 1064/3189/798 1061/3190/798 1057/3191/798 1060/3192/798
f 1065/3193/799 1066/3194/799 1067/3195/799 1068/3196/799
f 1072/3197/800 1071/3198/800 1070/3199/800 1069/3200/800
f 1069/3201/801 1070/3202/801 1066/3203/801 1065/3204/801
f 1070/3205/802 1071/3206/802 1067/3207/802 1066/3208/802
f 1071/3209/803 1072/3210/803 1068/3211/803 1067/3212/803
f 1072/3213/804 1069/3214/804 1065/3215/804 1068/3216/804
f 1073/3217/805 1074/3218/805 1075/3219/805 1076/3220/805
f 1080/3221/806 1079/3222/806 1078/3223/806 1077/3224/806
f 1077/3225/807 1078/3226/807 1074/3227/807 1073/3228/807
f 1078/3229/808 1079/3230/808 1075/3231/808 1074/3232/808
f 1079/3233/809 1080/3234/809 1076/3235/809 1075/3236/809
f 1080/3237/810 1077/3238/810 1073/3239/810 1076/3240/810
f 1081/3241/811 1082/3242/811 1083/3243/811 1084/3244/811
f 1088/3245/812 1087/3246/812 1086/3247/812 1085/3248/812
f 1085/3249/813 1086/3250/813 1082/3251/813 1081/3252/813
f 1086/3253/814 1087/3254/814 1083/3255/814 1082/3256/814
f 1087/3257/815 1088/3258/815 1084/3259/815 1083/3260/815
f 1088/3261/816 1085/3262/816 1081/3263/816 1084/3264/816
f 1089/3265/817 1090/3266/817 1091/3267/817 1092/3268/817
f 1096/3269/818 1095/3270/818 1094/3271/818 1093/3272/818
f 1093/3273/819 1094/3274/819 1090/3275/819 1089/3276/819
f 1094/3277/820 1095/3278/820 1091/3279/820 1090/3280/820
f 1095/3281/821 1096/3282/821 1092/3283/821 1091/3284/821
f 1096/3285/822 1093/3286/822 1089/3287/822 1092/3288/822
f 1097/3289/823 1098/3290/823 1099/3291/823 1100/3292/823
f 1104/3293/824 1103/3294/824 1102/3295/824 1101/3296/824
f 1101/3297/825 1102/3298/825 1098/3299/825 1097/3300/825
f 1102/3301/826 1103/3302/826 1099/3303/826 1098/3304/826
f 1103/3305/827 1104/3306/827 1100/3307/827 1099/3308/827
f 1104/3309/828 1101/3310/828 1097/3311/828 1100/3312/828
f 1105/3313/829 1106/3314/829 1107/3315/829 1108/3316/829
f 1112/3317/830 1111/3318/830 1110/3319/830 1109/3320/830
f 1109/3321/831 1110/3322/831 1106/3323/831 1105/3324/831
f 1110/3325/832 1111/3326/832 1107/3327/832 1106/3328/832
f 1111/3329/833 1112/3330/833 1108/3331/833 1107/3332/833
f 1112/3333/834 1109/3334/834 1105/3335/834 1108/3336/834
f 1113/3337/835 1114/3338/835 1115/3339/835 1116/3340/835
f 1120/3341/836 1119/3342/836 1118/3343/836 1117/3344/836
f 1117/3345/837 1118/3346/837 1114/3347/837 1113/3348/837
f 1118/3349/838 1119/3350/838 1115/3351/838 1114/3352/838
f 1119/3353/839 1120/3354/839 1116/3355/839 1115/3356/839
f 1120/3357/840 1117/3358/840 1113/3359/840 1116/3360/840
f 1121/3361/841 1122/3362/841 1123/3363/841 1124/3364/841
f 1128/3365/842 1127/3366/842 1126/3367/842 1125/3368/842
f 1125/3369/843 1126/3370/843 1122/3371/843 1121/3372/843
f 1126/3373/844 1127/3374/844 1123/3375/844 1122/3376/844
f 1127/3377/845 1128/3378/845 1124/3379/845 1123/3380/845
f 1128/3381/846 1125/3382/846 1121/3383/846 1124/3384/846
f 1129/3385/847 1130/3386/847 1131/3387/847 1132/3388/847
f 1136/3389/848 1135/3390/848 1134/3391/848 1133/3392/848
f 1133/3393/849 1134/3394/849 1130/3395/849 1129/3396/849
f 1134/3397/850 1135/3398/850 1131/3399/850 1130/3400/850
f 1135/3401/851 1136/3402/851 1132/3403/851 1131/3404/851
f 1136/3405/852 1133/3406/852 1129/3407/852 1132/3408/852
f 1137/3409/853 1138/3410/853 1139/3411/853 1140/3412/853
f 1144/3413/854 1143/3414/854 1142/3415/854 1141/3416/854
f 1141/3417/855 1142/3418/855 1138/3419/855 1137/3420/855
f 1142/3421/856 1143/3422/856 1139/3423/856 1138/3424/856
f 1143/3425/857 1144/3426/857 1140/3427/857 1139/3428/857
f 1144/3429/858 1141/3430/858 1137/3431/858 1140/3432/858
f 1145/3433/859 1146/3434/859 1147/3435/859 1148/3436/859
f 1152/3437/860 1151/3438/860 1150/3439/860 1149/3440/860
f 1149/3441/861 1150/3442/861 1146/3443/861 1145/3444/861
f 1150/3445/862 1151/3446/862 1147/3447/862 1146/3448/862
f 1151/3449/863 1152/3450/863 1148/3451/863 1147/3452/863
f 1152/3453/864 1149/3454/864 1145/3455/864 1148/3456/864
f 1153/3457/865 1154/3458/865 1155/3459/865 1156/3460/865
f 1160/3461/866 1159/3462/866 1158/3463/866 1157/3464/866
f 1157/3465/867 1158/3466/867 1154/3467/867 1153/3468/867
f 1158/3469/868 1159/3470/868 1155/3471/868 1154/3472/868
f 1159/3473/869 1160/3474/869 1156/3475/869 1155/3476/869
f 1160/3477/870 1157/3478/870 1153/3479/870 1156/3480/870
f 1161/3481/871 1162/3482/871 1163/3483/871 1164/3484/871
f 1168/3485/872 1167/3486/872 1166/3487/872 1165/3488/872
f 1165/3489/873 1166/3490/873 1162/3491/873 1161/3492/873
f 1166/3493/874 1167/3494/874 1163/3495/874 1162/3496/874
f 1167/3497/875 1168/3498/875 1164/3499/875 1163/3500/875
f 1168/3501/876 1165/3502/876 1161/3503/876 1164/3504/876
f 1169/3505/877 1170/3506/877 1171/3507/877 1172/3508/877
f 1176/3509/878 1175/3510/878 1174/3511/878 1173/3512/878
f 1173/3513/879 1174/3514/879 1170/3515/879 1169/3516/879
f 1174/3517/880 1175/3518/880 1171/3519/880 1170/3520/880
f 1175/3521/881 1176/3522/881 1172/3523/881 1171/3524/881
f 1176/3525/882 1173/3526/882 1169/3527/882 1172/3528/882
f 1177/3529/883 1178/3530/883 1179/3531/883 1180/3532/883
f 1184/3533/884 1183/3534/884 1182/3535/884 1181/3536/884
f 1181/3537/885 1182/3538/885 1178/3539/885 1177/3540/885
f 1182/3541/886 1183/3542/886 1179/3543/886 1178/3544/886
f 1183/3545/887 1184/3546/887 1180/3547/887 1179/3548/887
f 1184/3549/888 1181/3550/888 1177/3551/888 1180/3552/888
f 1185/3553/889 1186/3554/889 1187/3555/889 1188/3556/889
f 1192/3557/890 1191/3558/890 1190/3559/890 1189/3560/890
f 1189/3561/891 1190/3562/891 1186/3563/891 1185/3564/891
f 1190/3565/892 1191/3566/892 1187/3567/892 1186/3568/892
f 1191/3569/893 1192/3570/893 1188/3571/893 1187/3572/893
f 1192/3573/894 1189/3574/894 1185/3575/894 1188/3576/894
f 1193/3577/895 1194/3578/895 1195/3579/895 1196/3580/895
f 1200/3581/896 1199/3582/896 1198/3583/896 1197/3584/896
f 1197/3585/897 1198/3586/897 1194/3587/897 1193/3588/897
f 1198/3589/898 1199/3590/898 1195/3591/898 1194/3592/898
f 1199/3593/899 1200/3594/899 1196/3595/899 1195/3596/899
f 1200/3597/900 1197/3598/900 1193/3599/900 1196/3600/900
f 1201/3601/901 1202/3602/901 1203/3603/901 1204/3604/901
f 1208/3605/902 1207/3606/902 1206/3607/902 1205/3608/902
f 1205/3609/903 1206/3610/903 1202/3611/903 1201/3612/903
f 1206/3613/904 1207/3614/904 1203/3615/904 1202/3616/904
f 1207/3617/905 1208/3618/905 1204/3619/905 1203/3620/905
f 1208/3621/906 1205/3622/906 1201/3623/906 1204/3624/906
f 1209/3625/907 1210/3626/907 1211/3627/907 1212/3628/907
f 1216/3629/908 1215/3630/908 1214/3631/908 1213/3632/908
f 1213/3633/909 1214/3634/909 1210/3635/909 1209/3636/909
f 1214/3637/910 1215/3638/910 1211/3639/910 1210/3640/910
f 1215/3641/911 1216/3642/911 1212/3643/911 1211/3644/911
f 1216/3645/912 1213/3646/912 1209/3647/912 1212/3648/912
f 1217/3649/913 1218/3650/913 1219/3651/913 1220/3652/913
f 1224/3653/914 1223/3654/914 1222/3655/914 1221/3656/914
f 1221/3657/915 1222/3658/915 1218/3659/915 1217/3660/915
f 1222/3661/916 1223/3662/916 1219/3663/916 1218/3664/916
f 1223/3665/917 1224/3666/917 1220/3667/917 1219/3668/917
f 1224/3669/918 1221/3670/918 1217/3671/918 1220/3672/918
f 1225/3673/919 1226/3674/919 1227/3675/919 1228/3676/919
f 1232/3677/920 1231/3678/920 1230/3679/920 1229/3680/920
f 1229/3681/921 1230/3682/921 1226/3683/921 1225/3684/921
f 1230/3685/922 1231/3686/922 1227/3687/922 1226/3688/922
f 1231/3689/923 1232/3690/923 1228/3691/923 1227/3692/923
f 1232/3693/924 1229/3694/924 1225/3695/924 1228/3696/924
f 1233/3697/925 1234/3698/925 1235/3699/925 1236/3700/925
f 1240/3701/926 1239/3702/926 1238/3703/926 1237/3704/926
f 1237/3705/927 1238/3706/927 1234/3707/927 1233/3708/927
f 1238/3709/928 1239/3710/928 1235/3711/928 1234/3712/928
f 1239/3713/929 1240/3714/929 1236/3715/929 1235/3716/929
f 1240/3717/930 1237/3718/930 1233/3719/930 1236/3720/930
f 1241/3721/931 1242/3722/931 1243/3723/931 1244/3724/931
f 1248/3725/932 1247/3726/932 1246/3727/932 1245/3728/932
f 1245/3729/933 1246/3730/933 1242/3731/933 1241/3732/933
f 1246/3733/934 1247/3734/934 1243/3735/934 1242/3736/934
f 1247/3737/935 1248/3738/935 1244/3739/935 1243/3740/935
f 1248/3741/936 1245/3742/936 1241/3743/936 1244/3744/936
f 1249/3745/937 1250/3746/937 1251/3747/937 1252/3748/937
f 1256/3749/938 1255/3750/938 1254/3751/938 1253/3752/938
f 1253/3753/939 1254/3754/939 1250/3755/939 1249/3756/939
f 1254/3757/940 1255/3758/940 1251/3759/940 1250/3760/940
f 1255/3761/941 1256/3762/941 1252/3763/941 1251/3764/941
f 1256/3765/942 1253/3766/942 1249/3767/942 1252/3768/942
f 1257/3769/943 1258/3770/943 1259/3771/943 1260/3772/943
f 1264/3773/944 1263/3774/944 1262/3775/944 1261/3776/944
f 1261/3777/945 1262/3778/945 1258/3779/945 1257/3780/945
f 1262/3781/946 1263/3782/946 1259/3783/946 1258/3784/946
f 1263/3785/947 1264/3786/947 1260/3787/947 1259/3788/947
f 1264/3789/948 1261/3790/948 1257/3791/948 1260/3792/948
f 1265/3793/949 1266/3794/949 1267/3795/949 1268/3796/949
f 1272/3797/950 1271/3798/950 1270/3799/950 1269/3800/950
f 1269/3801/951 1270/3802/951 1266/3803/951 1265/3804/951
f 1270/3805/952 1271/3806/952 1267/3807/952 1266/3808/952
f 1271/3809/953 1272/3810/953 1268/3811/953 1267/3812/953
f 1272/3813/954 1269/3814/954 1265/3815/954 1268/3816/954
f 1273/3817/955 1274/3818/955 1275/3819/955 1276/3820/955
f 1280/3821/956 1279/3822/956 1278/3823/956 1277/3824/956
f 1277/3825/957 1278/3826/957 1274/3827/957 1273/3828/957
f 1278/3829/958 1279/3830/958 1275/3831/958 1274/3832/958
f 1279/3833/959 1280/3834/959 1276/3835/959 1275/3836/959
f 1280/3837/960 1277/3838/960 1273/3839/960 1276/3840/960
f 1281/3841/961 1282/3842/961 1283/3843/961 1284/3844/961
f 1288/3845/962 1287/3846/962 1286/3847/962 1285/3848/962
f 1285/3849/963 1286/3850/963 1282/3851/963 1281/3852/963
f 1286/3853/964 1287/3854/964 1283/3855/964 1282/3856/964
f 1287/3857/965 1288/3858/965 1284/3859/965 1283/3860/965
f 1288/3861/966 1285/3862/966 1281/3863/966 1284/3864/966
f 1289/3865/967 1290/3866/967 1291/3867/967 1292/3868/967
f 1296/3869/968 1295/3870/968 1294/3871/968 1293/3872/968
f 1293/3873/969 1294/3874/969 1290/3875/969 1289/3876/969
f 1294/3877/970 1295/3878/970 1291/3879/970 1290/3880/970
f 1295/3881/971 1296/3882/971 1292/3883/971 1291/3884/971
f 1296/3885/972 1293/3886/972 1289/3887/972 1292/3888/972
